ISO-10303-21;
HEADER;
FILE_DESCRIPTION(('Open CASCADE Model'),'2;1');
FILE_NAME('Open CASCADE Shape Model','2026-08-12T10:21:21',('Author'),(
    'Open CASCADE'),'Open CASCADE STEP processor 7.6','Open CASCADE 7.6'
  ,'Unknown');
FILE_SCHEMA((
'AP242_MANAGED_MODEL_BASED_3D_ENGINEERING_MIM_LF. {1 0 10303 442 1 1 4 
}'));
ENDSEC;
DATA;
#1 = APPLICATION_PROTOCOL_DEFINITION('international standard',
  'ap242_managed_model_based_3d_engineering',2013,#2);
#2 = APPLICATION_CONTEXT('Managed model based 3d engineering');
#3 = SHAPE_DEFINITION_REPRESENTATION(#4,#10);
#4 = PRODUCT_DEFINITION_SHAPE('','',#5);
#5 = PRODUCT_DEFINITION('design','',#6,#9);
#6 = PRODUCT_DEFINITION_FORMATION('','',#7);
#7 = PRODUCT('Open CASCADE STEP translator 7.6 1',
  'Open CASCADE STEP translator 7.6 1','',(#8));
#8 = PRODUCT_CONTEXT('',#2,'mechanical');
#9 = PRODUCT_DEFINITION_CONTEXT('part definition',#2,'design');
#10 = ADVANCED_BREP_SHAPE_REPRESENTATION('',(#11,#15),#3891);
#11 = AXIS2_PLACEMENT_3D('',#12,#13,#14);
#12 = CARTESIAN_POINT('',(0.,0.,0.));
#13 = DIRECTION('',(0.,0.,1.));
#14 = DIRECTION('',(1.,0.,-0.));
#15 = MANIFOLD_SOLID_BREP('',#16);
#16 = CLOSED_SHELL('',(#17,#685,#1201,#1387,#1598,#1836,#2628,#3367,
    #3528,#3539,#3635,#3855,#3886));
#17 = ADVANCED_FACE('',(#18),#56,.F.);
#18 = FACE_BOUND('',#19,.F.);
#19 = EDGE_LOOP('',(#20,#142,#529,#624));
#20 = ORIENTED_EDGE('',*,*,#21,.F.);
#21 = EDGE_CURVE('',#22,#24,#26,.T.);
#22 = VERTEX_POINT('',#23);
#23 = CARTESIAN_POINT('',(49.061877368804,10.701878727831,
    -4.468083130838));
#24 = VERTEX_POINT('',#25);
#25 = CARTESIAN_POINT('',(1.26620116621,-1.531350401256E-22,
    -1.549490503006));
#26 = SURFACE_CURVE('',#27,(#55,#102),.PCURVE_S1.);
#27 = B_SPLINE_CURVE_WITH_KNOTS('',6,(#28,#29,#30,#31,#32,#33,#34,#35,
    #36,#37,#38,#39,#40,#41,#42,#43,#44,#45,#46,#47,#48,#49,#50,#51,#52,
    #53,#54),.UNSPECIFIED.,.F.,.F.,(7,5,5,5,5,7),(0.,0.150222599415,
    0.410666209091,0.572046031151,0.797020756372,1.),.UNSPECIFIED.);
#28 = CARTESIAN_POINT('',(141.95693139814,-9.353098767503E-02,
    -2.864877724775));
#29 = CARTESIAN_POINT('',(138.92148502585,1.384054126214,-3.074337908948
    ));
#30 = CARTESIAN_POINT('',(135.8015548074,2.775690756935,-3.277254788285)
  );
#31 = CARTESIAN_POINT('',(132.60011249777,4.074500705913,-3.472144834175
    ));
#32 = CARTESIAN_POINT('',(129.32193226304,5.27494870453,-3.657423558652)
  );
#33 = CARTESIAN_POINT('',(125.97363756341,6.37291125358,-3.831506401115)
  );
#34 = CARTESIAN_POINT('',(116.65242591882,9.087581151421,-4.272830540589
    ));
#35 = CARTESIAN_POINT('',(110.55375321821,10.494563352157,
    -4.514829087358));
#36 = CARTESIAN_POINT('',(104.31548898202,11.572861058996,
    -4.711196994344));
#37 = CARTESIAN_POINT('',(97.984467283117,12.330253289392,
    -4.856461199891));
#38 = CARTESIAN_POINT('',(91.603631002147,12.786017204582,
    -4.947905660354));
#39 = CARTESIAN_POINT('',(81.248632333656,13.076158278634,
    -5.007853060251));
#40 = CARTESIAN_POINT('',(77.281063893545,13.08098263253,-5.009895657561
    ));
#41 = CARTESIAN_POINT('',(73.314964329443,12.985502787173,
    -4.990886926624));
#42 = CARTESIAN_POINT('',(69.356320555148,12.79621145656,-4.950934971869
    ));
#43 = CARTESIAN_POINT('',(65.409689592083,12.519576625548,
    -4.890318799162));
#44 = CARTESIAN_POINT('',(55.997469902553,11.662958685384,
    -4.696576554829));
#45 = CARTESIAN_POINT('',(50.54666694281,11.006437342592,-4.544299637961
    ));
#46 = CARTESIAN_POINT('',(45.133741408055,10.208919404851,
    -4.353524177597));
#47 = CARTESIAN_POINT('',(39.763614319851,9.286037611228,-4.125516254626
    ));
#48 = CARTESIAN_POINT('',(34.438380636511,8.25174458018,-3.86156789943)
  );
#49 = CARTESIAN_POINT('',(24.392489385944,6.09594975027,-3.293148474967)
  );
#50 = CARTESIAN_POINT('',(19.663994747084,4.992939783127,-2.995183104866
    ));
#51 = CARTESIAN_POINT('',(14.971500751399,3.818611455195,-2.669666060926
    ));
#52 = CARTESIAN_POINT('',(10.313915653549,2.581395247562,-2.317334913348
    ));
#53 = CARTESIAN_POINT('',(5.689210935322,1.289221062033,-1.938785011909)
  );
#54 = CARTESIAN_POINT('',(1.094226755134,-5.0093329737E-02,
    -1.534371314692));
#55 = PCURVE('',#56,#97);
#56 = B_SPLINE_SURFACE_WITH_KNOTS('',7,1,(
    (#57,#58)
    ,(#59,#60)
    ,(#61,#62)
    ,(#63,#64)
    ,(#65,#66)
    ,(#67,#68)
    ,(#69,#70)
    ,(#71,#72)
    ,(#73,#74)
    ,(#75,#76)
    ,(#77,#78)
    ,(#79,#80)
    ,(#81,#82)
    ,(#83,#84)
    ,(#85,#86)
    ,(#87,#88)
    ,(#89,#90)
    ,(#91,#92)
    ,(#93,#94)
    ,(#95,#96
    )),.UNSPECIFIED.,.F.,.F.,.F.,(8,6,6,8),(2,2),(1.,1.455402095376,
    1.591137099239,2.000052070907),(0.,1.),.UNSPECIFIED.);
#57 = CARTESIAN_POINT('',(1.266201170439,-1.464246538255E-08,
    -1.549490503385));
#58 = CARTESIAN_POINT('',(61.448367789145,5.82495163215E-12,
    -0.637461724281));
#59 = CARTESIAN_POINT('',(4.282084345341,0.877904674363,-1.814341403339)
  );
#60 = CARTESIAN_POINT('',(61.448367789149,0.471955960638,-0.637461724282
    ));
#61 = CARTESIAN_POINT('',(7.310442917145,1.735992449807,-2.068360693845)
  );
#62 = CARTESIAN_POINT('',(61.491679180226,0.944157593186,-0.648613744485
    ));
#63 = CARTESIAN_POINT('',(10.352081670863,2.57225822704,-2.311456210598)
  );
#64 = CARTESIAN_POINT('',(61.578380398953,1.407333166992,-0.670940260364
    ));
#65 = CARTESIAN_POINT('',(13.407639189384,3.38467970037,-2.543500577751)
  );
#66 = CARTESIAN_POINT('',(61.705427335825,1.854323756113,-0.703203194818
    ));
#67 = CARTESIAN_POINT('',(16.47760244289,4.171188212905,-2.764338570667)
  );
#68 = CARTESIAN_POINT('',(61.868549371635,2.279891385948,-0.743431406412
    ));
#69 = CARTESIAN_POINT('',(19.562319574494,4.929643215981,-2.973793620201
    ));
#70 = CARTESIAN_POINT('',(62.06289320107,2.680440229022,-0.789474480589)
  );
#71 = CARTESIAN_POINT('',(23.585890275427,5.874844375408,-3.23065259123)
  );
#72 = CARTESIAN_POINT('',(62.349421684917,3.165036893039,-0.854125331651
    ));
#73 = CARTESIAN_POINT('',(24.511099928997,6.089187747711,-3.288603417406
    ));
#74 = CARTESIAN_POINT('',(62.417572394891,3.273914159427,-0.869307782444
    ));
#75 = CARTESIAN_POINT('',(25.437645675901,6.300781272148,-3.345520846121
    ));
#76 = CARTESIAN_POINT('',(62.487975492875,3.380369901697,-0.884778127139
    ));
#77 = CARTESIAN_POINT('',(26.365532340303,6.50956504517,-3.401399662549)
  );
#78 = CARTESIAN_POINT('',(62.560527567317,3.484381891467,-0.900487848429
    ));
#79 = CARTESIAN_POINT('',(27.294763763244,6.715478370984,-3.456234541253
    ));
#80 = CARTESIAN_POINT('',(62.635128523636,3.585932433746,-0.91638982434)
  );
#81 = CARTESIAN_POINT('',(28.225342827209,6.918459712441,-3.510020058861
    ));
#82 = CARTESIAN_POINT('',(62.711681723086,3.685007917395,-0.932438535224
    ));
#83 = CARTESIAN_POINT('',(31.96479767071,7.720926832304,-3.72160693721)
  );
#84 = CARTESIAN_POINT('',(63.026319099206,4.072586626701,-0.997248710399
    ));
#85 = CARTESIAN_POINT('',(34.784447778692,8.296203844998,-3.87088239939)
  );
#86 = CARTESIAN_POINT('',(63.279417613076,4.34102152197,-1.04684168645)
  );
#87 = CARTESIAN_POINT('',(37.616326626261,8.842586300289,-4.010430999929
    ));
#88 = CARTESIAN_POINT('',(63.54684540772,4.586630912445,-1.096172373634)
  );
#89 = CARTESIAN_POINT('',(40.460357420621,9.358284755297,-4.140092666693
    ));
#90 = CARTESIAN_POINT('',(63.826353501311,4.809443860822,-1.144188051505
    ));
#91 = CARTESIAN_POINT('',(43.316282743781,9.841408197115,-4.259699808789
    ));
#92 = CARTESIAN_POINT('',(64.116020137368,5.009684733547,-1.190016381827
    ));
#93 = CARTESIAN_POINT('',(46.18366372123,10.289966482673,-4.369084035119
    ));
#94 = CARTESIAN_POINT('',(64.41427522296,5.187684241516,-1.232956475116)
  );
#95 = CARTESIAN_POINT('',(49.061877368804,10.701878727831,
    -4.468083130838));
#96 = CARTESIAN_POINT('',(64.719936749609,5.34375,-1.272445296002));
#97 = DEFINITIONAL_REPRESENTATION('',(#98),#101);
#98 = B_SPLINE_CURVE_WITH_KNOTS('',1,(#99,#100),.UNSPECIFIED.,.F.,.F.,(2
    ,2),(0.6574870302,0.998733992253),.PIECEWISE_BEZIER_KNOTS.);
#99 = CARTESIAN_POINT('',(2.000052070907,0.));
#100 = CARTESIAN_POINT('',(1.,0.));
#101 = ( GEOMETRIC_REPRESENTATION_CONTEXT(2) 
PARAMETRIC_REPRESENTATION_CONTEXT() REPRESENTATION_CONTEXT('2D SPACE',''
  ) );
#102 = PCURVE('',#103,#112);
#103 = B_SPLINE_SURFACE_WITH_KNOTS('',3,1,(
    (#104,#105)
    ,(#106,#107)
    ,(#108,#109)
    ,(#110,#111)),.UNSPECIFIED.,.F.,.F.,.F.,(4,4),(2,2),(0.,1.),(0.,1.),
  .PIECEWISE_BEZIER_KNOTS.);
#104 = CARTESIAN_POINT('',(0.,0.,0.));
#105 = CARTESIAN_POINT('',(5.04,-0.230729490656,-7.067302448752));
#106 = CARTESIAN_POINT('',(45.073507022604,14.070987878792,0.));
#107 = CARTESIAN_POINT('',(46.958361531022,12.656483208029,
    -9.339665753659));
#108 = CARTESIAN_POINT('',(99.855342989317,22.237977247218,0.));
#109 = CARTESIAN_POINT('',(97.905468980065,20.136393645407,
    -10.65857577705));
#110 = CARTESIAN_POINT('',(144.,0.,0.));
#111 = CARTESIAN_POINT('',(138.96,-0.230729490656,-7.067302448752));
#112 = DEFINITIONAL_REPRESENTATION('',(#113),#141);
#113 = B_SPLINE_CURVE_WITH_KNOTS('',6,(#114,#115,#116,#117,#118,#119,
    #120,#121,#122,#123,#124,#125,#126,#127,#128,#129,#130,#131,#132,
    #133,#134,#135,#136,#137,#138,#139,#140),.UNSPECIFIED.,.F.,.F.,(7,5,
    5,5,5,7),(0.,0.150222599415,0.410666209091,0.572046031151,
    0.797020756372,1.),.UNSPECIFIED.);
#114 = CARTESIAN_POINT('',(1.,0.405370754337));
#115 = CARTESIAN_POINT('',(0.977014671915,0.420804402135));
#116 = CARTESIAN_POINT('',(0.953560498566,0.434795975291));
#117 = CARTESIAN_POINT('',(0.929679614246,0.447574506475));
#118 = CARTESIAN_POINT('',(0.905415456572,0.459259667057));
#119 = CARTESIAN_POINT('',(0.880817179996,0.469924006991));
#120 = CARTESIAN_POINT('',(0.812816166848,0.496388812347));
#121 = CARTESIAN_POINT('',(0.768839965738,0.510224355709));
#122 = CARTESIAN_POINT('',(0.724330953174,0.521295170045));
#123 = CARTESIAN_POINT('',(0.679540169602,0.529559981829));
#124 = CARTESIAN_POINT('',(0.634675603897,0.534897928791));
#125 = CARTESIAN_POINT('',(0.56216796592,0.538468739935));
#126 = CARTESIAN_POINT('',(0.534457251985,0.538632312464));
#127 = CARTESIAN_POINT('',(0.506806380322,0.537543720315));
#128 = CARTESIAN_POINT('',(0.479236442075,0.535138616431));
#129 = CARTESIAN_POINT('',(0.451760634165,0.531336339521));
#130 = CARTESIAN_POINT('',(0.38622126478,0.51863542785));
#131 = CARTESIAN_POINT('',(0.348255525067,0.508319505816));
#132 = CARTESIAN_POINT('',(0.31049970293,0.494797622571));
#133 = CARTESIAN_POINT('',(0.272955131403,0.4776880392));
#134 = CARTESIAN_POINT('',(0.235615851002,0.456486555445));
#135 = CARTESIAN_POINT('',(0.164966820689,0.40696772064));
#136 = CARTESIAN_POINT('',(0.131622637099,0.379550525617));
#137 = CARTESIAN_POINT('',(9.844074377119E-02,0.34766247936));
#138 = CARTESIAN_POINT('',(6.54267727244E-02,0.310614265736));
#139 = CARTESIAN_POINT('',(3.259843285769E-02,0.267504861806));
#140 = CARTESIAN_POINT('',(0.,0.217108483161));
#141 = ( GEOMETRIC_REPRESENTATION_CONTEXT(2) 
PARAMETRIC_REPRESENTATION_CONTEXT() REPRESENTATION_CONTEXT('2D SPACE',''
  ) );
#142 = ORIENTED_EDGE('',*,*,#143,.T.);
#143 = EDGE_CURVE('',#22,#144,#146,.T.);
#144 = VERTEX_POINT('',#145);
#145 = CARTESIAN_POINT('',(64.719936749609,5.34375,-1.272445296002));
#146 = SURFACE_CURVE('',#147,(#150,#157),.PCURVE_S1.);
#147 = B_SPLINE_CURVE_WITH_KNOTS('',1,(#148,#149),.UNSPECIFIED.,.F.,.F.,
  (2,2),(0.,1.),.PIECEWISE_BEZIER_KNOTS.);
#148 = CARTESIAN_POINT('',(49.061877368804,10.701878727831,
    -4.468083130838));
#149 = CARTESIAN_POINT('',(64.719936749609,5.34375,-1.272445296002));
#150 = PCURVE('',#56,#151);
#151 = DEFINITIONAL_REPRESENTATION('',(#152),#156);
#152 = LINE('',#153,#154);
#153 = CARTESIAN_POINT('',(2.000052070907,0.));
#154 = VECTOR('',#155,1.);
#155 = DIRECTION('',(0.,1.));
#156 = ( GEOMETRIC_REPRESENTATION_CONTEXT(2) 
PARAMETRIC_REPRESENTATION_CONTEXT() REPRESENTATION_CONTEXT('2D SPACE',''
  ) );
#157 = PCURVE('',#158,#523);
#158 = B_SPLINE_SURFACE_WITH_KNOTS('',7,1,(
    (#159,#160)
    ,(#161,#162)
    ,(#163,#164)
    ,(#165,#166)
    ,(#167,#168)
    ,(#169,#170)
    ,(#171,#172)
    ,(#173,#174)
    ,(#175,#176)
    ,(#177,#178)
    ,(#179,#180)
    ,(#181,#182)
    ,(#183,#184)
    ,(#185,#186)
    ,(#187,#188)
    ,(#189,#190)
    ,(#191,#192)
    ,(#193,#194)
    ,(#195,#196)
    ,(#197,#198)
    ,(#199,#200)
    ,(#201,#202)
    ,(#203,#204)
    ,(#205,#206)
    ,(#207,#208)
    ,(#209,#210)
    ,(#211,#212)
    ,(#213,#214)
    ,(#215,#216)
    ,(#217,#218)
    ,(#219,#220)
    ,(#221,#222)
    ,(#223,#224)
    ,(#225,#226)
    ,(#227,#228)
    ,(#229,#230)
    ,(#231,#232)
    ,(#233,#234)
    ,(#235,#236)
    ,(#237,#238)
    ,(#239,#240)
    ,(#241,#242)
    ,(#243,#244)
    ,(#245,#246)
    ,(#247,#248)
    ,(#249,#250)
    ,(#251,#252)
    ,(#253,#254)
    ,(#255,#256)
    ,(#257,#258)
    ,(#259,#260)
    ,(#261,#262)
    ,(#263,#264)
    ,(#265,#266)
    ,(#267,#268)
    ,(#269,#270)
    ,(#271,#272)
    ,(#273,#274)
    ,(#275,#276)
    ,(#277,#278)
    ,(#279,#280)
    ,(#281,#282)
    ,(#283,#284)
    ,(#285,#286)
    ,(#287,#288)
    ,(#289,#290)
    ,(#291,#292)
    ,(#293,#294)
    ,(#295,#296)
    ,(#297,#298)
    ,(#299,#300)
    ,(#301,#302)
    ,(#303,#304)
    ,(#305,#306)
    ,(#307,#308)
    ,(#309,#310)
    ,(#311,#312)
    ,(#313,#314)
    ,(#315,#316)
    ,(#317,#318)
    ,(#319,#320)
    ,(#321,#322)
    ,(#323,#324)
    ,(#325,#326)
    ,(#327,#328)
    ,(#329,#330)
    ,(#331,#332)
    ,(#333,#334)
    ,(#335,#336)
    ,(#337,#338)
    ,(#339,#340)
    ,(#341,#342)
    ,(#343,#344)
    ,(#345,#346)
    ,(#347,#348)
    ,(#349,#350)
    ,(#351,#352)
    ,(#353,#354)
    ,(#355,#356)
    ,(#357,#358)
    ,(#359,#360)
    ,(#361,#362)
    ,(#363,#364)
    ,(#365,#366)
    ,(#367,#368)
    ,(#369,#370)
    ,(#371,#372)
    ,(#373,#374)
    ,(#375,#376)
    ,(#377,#378)
    ,(#379,#380)
    ,(#381,#382)
    ,(#383,#384)
    ,(#385,#386)
    ,(#387,#388)
    ,(#389,#390)
    ,(#391,#392)
    ,(#393,#394)
    ,(#395,#396)
    ,(#397,#398)
    ,(#399,#400)
    ,(#401,#402)
    ,(#403,#404)
    ,(#405,#406)
    ,(#407,#408)
    ,(#409,#410)
    ,(#411,#412)
    ,(#413,#414)
    ,(#415,#416)
    ,(#417,#418)
    ,(#419,#420)
    ,(#421,#422)
    ,(#423,#424)
    ,(#425,#426)
    ,(#427,#428)
    ,(#429,#430)
    ,(#431,#432)
    ,(#433,#434)
    ,(#435,#436)
    ,(#437,#438)
    ,(#439,#440)
    ,(#441,#442)
    ,(#443,#444)
    ,(#445,#446)
    ,(#447,#448)
    ,(#449,#450)
    ,(#451,#452)
    ,(#453,#454)
    ,(#455,#456)
    ,(#457,#458)
    ,(#459,#460)
    ,(#461,#462)
    ,(#463,#464)
    ,(#465,#466)
    ,(#467,#468)
    ,(#469,#470)
    ,(#471,#472)
    ,(#473,#474)
    ,(#475,#476)
    ,(#477,#478)
    ,(#479,#480)
    ,(#481,#482)
    ,(#483,#484)
    ,(#485,#486)
    ,(#487,#488)
    ,(#489,#490)
    ,(#491,#492)
    ,(#493,#494)
    ,(#495,#496)
    ,(#497,#498)
    ,(#499,#500)
    ,(#501,#502)
    ,(#503,#504)
    ,(#505,#506)
    ,(#507,#508)
    ,(#509,#510)
    ,(#511,#512)
    ,(#513,#514)
    ,(#515,#516)
    ,(#517,#518)
    ,(#519,#520)
    ,(#521,#522
    )),.UNSPECIFIED.,.F.,.F.,.F.,(8,6,6,6,6,6,6,6,6,6,6,6,6,6,6,6,6,6,6,
    6,6,6,6,6,6,6,6,6,6,6,8),(2,2),(0.,0.322878768103,0.397635537262,
    0.942370486601,0.943342806733,0.944358259392,0.945423152352,
    0.946386922912,0.947441548608,0.948426418842,0.976282079005,
    0.978063466237,0.979711439741,0.981612329438,0.983302611008,
    0.984839823259,0.986259276854,0.987584490062,0.988832060858,
    0.990014221048,0.991140292771,0.992217574143,0.99325190578,
    0.994248048415,0.99520994333,0.9961408972,0.997043716551,
    0.99792080767,0.998774252226,0.99957753462,1.),(0.,1.),
  .UNSPECIFIED.);
#159 = CARTESIAN_POINT('',(49.061877368804,10.701878727831,
    -4.468083130838));
#160 = CARTESIAN_POINT('',(64.719936749609,5.34375,-1.272445296002));
#161 = CARTESIAN_POINT('',(50.492959142621,10.906686354588,
    -4.517306648914));
#162 = CARTESIAN_POINT('',(65.508279933656,5.746265090182,
    -1.374292404904));
#163 = CARTESIAN_POINT('',(51.926718964478,11.102434363031,
    -4.563962759477));
#164 = CARTESIAN_POINT('',(66.302419878802,6.124730879981,
    -1.479089233362));
#165 = CARTESIAN_POINT('',(53.363080256858,11.288866969873,
    -4.608031522998));
#166 = CARTESIAN_POINT('',(67.101913633671,6.479555341455,
    -1.585295641865));
#167 = CARTESIAN_POINT('',(54.801955189921,11.465722845956,
    -4.649493377429));
#168 = CARTESIAN_POINT('',(67.906381373395,6.811103224899,
    -1.691522244898));
#169 = CARTESIAN_POINT('',(56.243244600878,11.632735371182,
    -4.688329350199));
#170 = CARTESIAN_POINT('',(68.715499660629,7.119693710492,
    -1.796509097565));
#171 = CARTESIAN_POINT('',(57.686837885839,11.789632979338,
    -4.724521274121));
#172 = CARTESIAN_POINT('',(69.528993658009,7.405597410081,
    -1.899112954251));
#173 = CARTESIAN_POINT('',(59.46735604637,11.97006056304,-4.765815445101
    ));
#174 = CARTESIAN_POINT('',(70.535936879756,7.730026424895,
    -2.021268792634));
#175 = CARTESIAN_POINT('',(59.80221618279,12.003424502495,
    -4.773436224374));
#176 = CARTESIAN_POINT('',(70.725480366651,7.78981983342,-2.044053053085
    ));
#177 = CARTESIAN_POINT('',(60.137191756922,12.036227984561,
    -4.780914132239));
#178 = CARTESIAN_POINT('',(70.915252824454,7.848414371919,
    -2.066642670428));
#179 = CARTESIAN_POINT('',(60.47228121902,12.068467569667,
    -4.788248958881));
#180 = CARTESIAN_POINT('',(71.105248413184,7.905811436061,
    -2.089024765442));
#181 = CARTESIAN_POINT('',(60.807482985983,12.100139805564,
    -4.795440497574));
#182 = CARTESIAN_POINT('',(71.295461380842,7.962012387982,
    -2.111186792943));
#183 = CARTESIAN_POINT('',(61.142795441253,12.131241227635,
    -4.802488544835));
#184 = CARTESIAN_POINT('',(71.485886062778,8.01701855411,-2.133116545048
    ));
#185 = CARTESIAN_POINT('',(63.922354265772,12.384212368701,
    -4.85970331273));
#186 = CARTESIAN_POINT('',(73.065598700736,8.462951450954,
    -2.312820077919));
#187 = CARTESIAN_POINT('',(66.372187425194,12.57615495112,
    -4.902382218103));
#188 = CARTESIAN_POINT('',(74.465625711127,8.791700628364,
    -2.457874780238));
#189 = CARTESIAN_POINT('',(68.827030605408,12.73625085616,
    -4.937352327293));
#190 = CARTESIAN_POINT('',(75.874439657406,9.057577241959,
    -2.585374798477));
#191 = CARTESIAN_POINT('',(71.286030589014,12.863119499655,
    -4.964545303723));
#192 = CARTESIAN_POINT('',(77.290125853289,9.260972555025,
    -2.691689246893));
#193 = CARTESIAN_POINT('',(73.748165695576,12.955360630493,
    -4.983907235484));
#194 = CARTESIAN_POINT('',(78.710993563087,9.402122840547,
    -2.774217892244));
#195 = CARTESIAN_POINT('',(76.212244296051,13.011577725499,
    -4.995404132877));
#196 = CARTESIAN_POINT('',(80.13550821012,9.481039105264,-2.831482096197
    ));
#197 = CARTESIAN_POINT('',(78.681302166801,13.030442725217,
    -4.999033919011));
#198 = CARTESIAN_POINT('',(81.564726008455,9.497507063463,-2.86319343077
    ));
#199 = CARTESIAN_POINT('',(78.685701440582,13.030476219033,
    -4.999040361339));
#200 = CARTESIAN_POINT('',(81.567272537189,9.497536206343,
    -2.863249851138));
#201 = CARTESIAN_POINT('',(78.690100716202,13.03050959373,
    -4.999046778581));
#202 = CARTESIAN_POINT('',(81.569819069584,9.497565150131,
    -2.863306189843));
#203 = CARTESIAN_POINT('',(78.694499993655,13.0305428493,-4.999053170737
    ));
#204 = CARTESIAN_POINT('',(81.572365605628,9.497593894826,
    -2.863362446881));
#205 = CARTESIAN_POINT('',(78.698899272932,13.030575985735,
    -4.999059537808));
#206 = CARTESIAN_POINT('',(81.574912145307,9.497622440427,
    -2.863418622252));
#207 = CARTESIAN_POINT('',(78.703298554027,13.030609003028,
    -4.999065879794));
#208 = CARTESIAN_POINT('',(81.57745868861,9.497650786935,-2.863474715955
    ));
#209 = CARTESIAN_POINT('',(78.71229227386,13.030676258689,
    -4.999078793814));
#210 = CARTESIAN_POINT('',(81.582664748321,9.497708330392,
    -2.863589224735));
#211 = CARTESIAN_POINT('',(78.716886712763,13.030710486251,
    -4.999085363573));
#212 = CARTESIAN_POINT('',(81.585324265058,9.497737509287,
    -2.863647632406));
#213 = CARTESIAN_POINT('',(78.72148115363,13.030744583848,
    -4.999091905972));
#214 = CARTESIAN_POINT('',(81.587983785719,9.49776647103,-2.863705950998
    ));
#215 = CARTESIAN_POINT('',(78.726075596453,13.030778551473,
    -4.99909842101));
#216 = CARTESIAN_POINT('',(81.590643310289,9.497795215623,
    -2.863764180509));
#217 = CARTESIAN_POINT('',(78.730670041223,13.030812389114,
    -4.999104908688));
#218 = CARTESIAN_POINT('',(81.593302838756,9.497823743063,
    -2.863822320937));
#219 = CARTESIAN_POINT('',(78.73526448793,13.030846096765,
    -4.999111369005));
#220 = CARTESIAN_POINT('',(81.595962371104,9.497852053351,
    -2.863880372281));
#221 = CARTESIAN_POINT('',(78.744677079459,13.030914886894,
    -4.999124548124));
#222 = CARTESIAN_POINT('',(81.601410930886,9.497909607418,
    -2.863999118859));
#223 = CARTESIAN_POINT('',(78.749495224473,13.030949956405,
    -4.999131264197));
#224 = CARTESIAN_POINT('',(81.604199958704,9.497938829536,
    -2.864059805206));
#225 = CARTESIAN_POINT('',(78.754313371598,13.030984882938,
    -4.999137950181));
#226 = CARTESIAN_POINT('',(81.60698899076,9.497967812841,-2.86412039358)
  );
#227 = CARTESIAN_POINT('',(78.759131520824,13.031019666485,
    -4.999144606074));
#228 = CARTESIAN_POINT('',(81.609778027036,9.497996557331,
    -2.864180883977));
#229 = CARTESIAN_POINT('',(78.763949672141,13.031054307034,
    -4.999151231877));
#230 = CARTESIAN_POINT('',(81.612567067516,9.498025063005,
    -2.864241276395));
#231 = CARTESIAN_POINT('',(78.768767825538,13.031088804576,
    -4.99915782759));
#232 = CARTESIAN_POINT('',(81.615356112184,9.498053329863,
    -2.864301570832));
#233 = CARTESIAN_POINT('',(78.77794660368,13.031154251312,
    -4.999170335362));
#234 = CARTESIAN_POINT('',(81.620669361351,9.498106724399,
    -2.864416247478));
#235 = CARTESIAN_POINT('',(78.782307228051,13.03118522638,
    -4.999176252865));
#236 = CARTESIAN_POINT('',(81.623193565096,9.498131895279,
    -2.864470647411));
#237 = CARTESIAN_POINT('',(78.78666785411,13.031216084294,
    -4.999182145721));
#238 = CARTESIAN_POINT('',(81.625717772245,9.498156870544,
    -2.864524967085));
#239 = CARTESIAN_POINT('',(78.791028481849,13.031246825048,
    -4.99918801393));
#240 = CARTESIAN_POINT('',(81.628241982787,9.498181650194,
    -2.864579206499));
#241 = CARTESIAN_POINT('',(78.795389111262,13.031277448634,
    -4.999193857493));
#242 = CARTESIAN_POINT('',(81.630766196709,9.498206234228,
    -2.864633365651));
#243 = CARTESIAN_POINT('',(78.79974974234,13.031307955044,
    -4.999199676408));
#244 = CARTESIAN_POINT('',(81.633290414,9.498230622646,-2.86468744454));
#245 = CARTESIAN_POINT('',(78.808882086862,13.031371598307,
    -4.999211811173));
#246 = CARTESIAN_POINT('',(81.638576814849,9.498281288916,
    -2.864800532266));
#247 = CARTESIAN_POINT('',(78.813653800633,13.031404712024,
    -4.999218122156));
#248 = CARTESIAN_POINT('',(81.641338999069,9.498307528147,
    -2.864859525257));
#249 = CARTESIAN_POINT('',(78.81842551638,13.031437685412,
    -4.999224403626));
#250 = CARTESIAN_POINT('',(81.644101187293,9.498333533141,
    -2.864918422136));
#251 = CARTESIAN_POINT('',(78.823197234092,13.031470518463,
    -4.999230655584));
#252 = CARTESIAN_POINT('',(81.646863379503,9.498359303896,
    -2.864977222899));
#253 = CARTESIAN_POINT('',(78.82796895376,13.031503211165,
    -4.999236878027));
#254 = CARTESIAN_POINT('',(81.649625575684,9.498384840413,
    -2.865035927546));
#255 = CARTESIAN_POINT('',(78.832740675372,13.03153576351,
    -4.999243070958));
#256 = CARTESIAN_POINT('',(81.652387775821,9.498410142689,
    -2.865094536074));
#257 = CARTESIAN_POINT('',(78.841968509277,13.031598443659,
    -4.999254990129));
#258 = CARTESIAN_POINT('',(81.657729485198,9.498458620701,
    -2.865207690739));
#259 = CARTESIAN_POINT('',(78.84642462132,13.031628589417,
    -4.999260720145));
#260 = CARTESIAN_POINT('',(81.660308993934,9.498481826398,
    -2.865262249171));
#261 = CARTESIAN_POINT('',(78.850880735044,13.031658612754,
    -4.999266424422));
#262 = CARTESIAN_POINT('',(81.662888506092,9.498504827815,
    -2.865316723776));
#263 = CARTESIAN_POINT('',(78.855336850439,13.031688513662,
    -4.999272102961));
#264 = CARTESIAN_POINT('',(81.66546802166,9.498527624953,-2.865371114553
    ));
#265 = CARTESIAN_POINT('',(78.859792967498,13.031718292132,
    -4.999277755761));
#266 = CARTESIAN_POINT('',(81.668047540625,9.49855021781,-2.865425421499
    ));
#267 = CARTESIAN_POINT('',(78.864249086213,13.031747948157,
    -4.999283382823));
#268 = CARTESIAN_POINT('',(81.670627062973,9.498572606386,
    -2.865479644615));
#269 = CARTESIAN_POINT('',(78.994740261895,13.032612796981,
    -4.999447409647));
#270 = CARTESIAN_POINT('',(81.746164821467,9.499222242035,-2.86706503685
    ));
#271 = CARTESIAN_POINT('',(79.120776635115,13.033350154234,
    -4.999585245303));
#272 = CARTESIAN_POINT('',(81.819125750423,9.499686275967,-2.86852922684
    ));
#273 = CARTESIAN_POINT('',(79.24681414289,13.03398937162,-4.999702490124
    ));
#274 = CARTESIAN_POINT('',(81.892089082664,9.499986879538,
    -2.869926321666));
#275 = CARTESIAN_POINT('',(79.372852600702,13.034530267515,
    -4.999799143294));
#276 = CARTESIAN_POINT('',(81.965054524802,9.500124039329,-2.87125629743
    ));
#277 = CARTESIAN_POINT('',(79.498891822854,13.034972660555,
    -4.999875204177));
#278 = CARTESIAN_POINT('',(82.038021782955,9.50009774144,-2.872519138532
    ));
#279 = CARTESIAN_POINT('',(79.624931622473,13.035316369641,
    -4.999930672311));
#280 = CARTESIAN_POINT('',(82.110990562746,9.499907971489,
    -2.873714837673));
#281 = CARTESIAN_POINT('',(79.759032161978,13.035576871904,
    -4.999967777706));
#282 = CARTESIAN_POINT('',(82.188627047758,9.499532123612,
    -2.874915567873));
#283 = CARTESIAN_POINT('',(79.767092514038,13.035592125528,
    -4.999969923772));
#284 = CARTESIAN_POINT('',(82.193293531231,9.499508863999,
    -2.874987465303));
#285 = CARTESIAN_POINT('',(79.775152867642,13.035606974779,
    -4.99997198562));
#286 = CARTESIAN_POINT('',(82.197960019645,9.499484935773,
    -2.875059088148));
#287 = CARTESIAN_POINT('',(79.78321322274,13.03562141961,-4.999973963248
    ));
#288 = CARTESIAN_POINT('',(82.202626512925,9.49946033893,-2.875130436409
    ));
#289 = CARTESIAN_POINT('',(79.791273579283,13.035635459973,
    -4.999975856657));
#290 = CARTESIAN_POINT('',(82.207293010993,9.499435073464,
    -2.875201510086));
#291 = CARTESIAN_POINT('',(79.799333937221,13.035649095822,
    -4.999977665847));
#292 = CARTESIAN_POINT('',(82.211959513771,9.499409139374,
    -2.875272309179));
#293 = CARTESIAN_POINT('',(79.814850989978,13.035674567462,-4.9999809866
    ));
#294 = CARTESIAN_POINT('',(82.220943039089,9.499357926296,
    -2.875408076397));
#295 = CARTESIAN_POINT('',(79.822307684603,13.035686461582,
    -4.999982510305));
#296 = CARTESIAN_POINT('',(82.22526006096,9.499332743709,-2.87547308411)
  );
#297 = CARTESIAN_POINT('',(79.829764380341,13.035698009432,
    -4.999983961934));
#298 = CARTESIAN_POINT('',(82.229577086736,9.499306988892,-2.87553785683
    ));
#299 = CARTESIAN_POINT('',(79.837221077153,13.035709210973,
    -4.999985341485));
#300 = CARTESIAN_POINT('',(82.233894116356,9.49928066184,-2.875602394557
    ));
#301 = CARTESIAN_POINT('',(79.844677775,13.035720066168,-4.99998664896)
  );
#302 = CARTESIAN_POINT('',(82.238211149758,9.499253762551,
    -2.875666697293));
#303 = CARTESIAN_POINT('',(79.852134473844,13.03573057498,
    -4.999987884358));
#304 = CARTESIAN_POINT('',(82.242528186882,9.499226291021,
    -2.875730765037));
#305 = CARTESIAN_POINT('',(79.868192260847,13.035752459397,
    -4.999990389535));
#306 = CARTESIAN_POINT('',(82.25182480915,9.499165899566,-2.875868227026
    ));
#307 = CARTESIAN_POINT('',(79.876793349322,13.03576372051,
    -4.999991635494));
#308 = CARTESIAN_POINT('',(82.256804395502,9.499132790518,
    -2.875941543607));
#309 = CARTESIAN_POINT('',(79.885394439012,13.035774520656,
    -4.999992785554));
#310 = CARTESIAN_POINT('',(82.261783986632,9.499098920098,
    -2.876014547537));
#311 = CARTESIAN_POINT('',(79.893995529854,13.035784859775,
    -4.999993839716));
#312 = CARTESIAN_POINT('',(82.266763582446,9.4990642883,-2.876087238818)
  );
#313 = CARTESIAN_POINT('',(79.902596621791,13.035794737812,
    -4.99999479798));
#314 = CARTESIAN_POINT('',(82.271743182849,9.49902889512,-2.876159617451
    ));
#315 = CARTESIAN_POINT('',(79.911197714761,13.035804154708,
    -4.999995660346));
#316 = CARTESIAN_POINT('',(82.276722787748,9.498992740553,-2.87623168344
    ));
#317 = CARTESIAN_POINT('',(79.927446948732,13.035821073861,
    -4.99999710836));
#318 = CARTESIAN_POINT('',(82.286130293022,9.498922998721,
    -2.876367240255));
#319 = CARTESIAN_POINT('',(79.935095089529,13.035828672654,
    -4.999997714081));
#320 = CARTESIAN_POINT('',(82.290558192474,9.498889570826,
    -2.876430796522));
#321 = CARTESIAN_POINT('',(79.942743231054,13.035835906744,
    -4.999998243977));
#322 = CARTESIAN_POINT('',(82.294986095342,9.498855540905,
    -2.876494105588));
#323 = CARTESIAN_POINT('',(79.950391373264,13.03584277609,
    -4.999998698047));
#324 = CARTESIAN_POINT('',(82.299414001559,9.498820908955,
    -2.876557167456));
#325 = CARTESIAN_POINT('',(79.958039516117,13.035849280652,
    -4.999999076291));
#326 = CARTESIAN_POINT('',(82.303841911059,9.498785674973,
    -2.876619982126));
#327 = CARTESIAN_POINT('',(79.965687659571,13.03585542039,-4.99999937871
    ));
#328 = CARTESIAN_POINT('',(82.308269823778,9.498749838955,
    -2.876682549601));
#329 = CARTESIAN_POINT('',(79.98029134335,13.035866447172,
    -4.999999811376));
#330 = CARTESIAN_POINT('',(82.316724670216,9.498680262616,
    -2.876801546535));
#331 = CARTESIAN_POINT('',(79.987246883578,13.035871397308,
    -4.999999954735));
#332 = CARTESIAN_POINT('',(82.320751603391,9.498646626397,
    -2.876858018739));
#333 = CARTESIAN_POINT('',(79.994202424236,13.035876045639,
    -5.00000003538));
#334 = CARTESIAN_POINT('',(82.324778539124,9.498612492239,
    -2.876914286494));
#335 = CARTESIAN_POINT('',(80.001157965293,13.035880392137,
    -5.000000053311));
#336 = CARTESIAN_POINT('',(82.328805477364,9.498577860138,
    -2.876970349803));
#337 = CARTESIAN_POINT('',(80.008113506716,13.035884436769,
    -5.000000008527));
#338 = CARTESIAN_POINT('',(82.332832418063,9.498542730093,
    -2.877026208668));
#339 = CARTESIAN_POINT('',(80.015069048474,13.035888179507,
    -4.999999901029));
#340 = CARTESIAN_POINT('',(82.33685936117,9.498507102101,-2.87708186309)
  );
#341 = CARTESIAN_POINT('',(80.028447300976,13.035894797547,
    -4.999999573644));
#342 = CARTESIAN_POINT('',(82.344604766603,9.498437617656,
    -2.877188515289));
#343 = CARTESIAN_POINT('',(80.034870011675,13.035897717335,
    -4.999999362997));
#344 = CARTESIAN_POINT('',(82.348323228581,9.498403834573,
    -2.877239543188));
#345 = CARTESIAN_POINT('',(80.041292722608,13.035900379661,
    -4.999999098876));
#346 = CARTESIAN_POINT('',(82.352041692531,9.498369626907,
    -2.877290396771));
#347 = CARTESIAN_POINT('',(80.047715433749,13.0359027845,-4.999998781282
    ));
#348 = CARTESIAN_POINT('',(82.355760158415,9.498334994656,
    -2.877341076039));
#349 = CARTESIAN_POINT('',(80.054138145073,13.035904931829,
    -4.999998410213));
#350 = CARTESIAN_POINT('',(82.359478626193,9.498299937819,
    -2.877391580994));
#351 = CARTESIAN_POINT('',(80.060560856555,13.035906821623,
    -4.999997985671));
#352 = CARTESIAN_POINT('',(82.363197095827,9.498264456392,
    -2.877441911637));
#353 = CARTESIAN_POINT('',(80.07297986301,13.035909977727,
    -4.999997061376));
#354 = CARTESIAN_POINT('',(82.370387161911,9.49819502823,-2.877538894323
    ));
#355 = CARTESIAN_POINT('',(80.078976157966,13.035911277101,
    -4.999996568487));
#356 = CARTESIAN_POINT('',(82.373858758128,9.498161136001,
    -2.877585568743));
#357 = CARTESIAN_POINT('',(80.084972453018,13.035912351961,
    -4.99999602899));
#358 = CARTESIAN_POINT('',(82.377330355897,9.498126873688,
    -2.877632091232));
#359 = CARTESIAN_POINT('',(80.090968748144,13.035913202289,
    -4.999995442883));
#360 = CARTESIAN_POINT('',(82.380801955185,9.498092241287,
    -2.877678461791));
#361 = CARTESIAN_POINT('',(80.096965043325,13.035913828065,
    -4.999994810167));
#362 = CARTESIAN_POINT('',(82.384273555962,9.498057238798,
    -2.877724680422));
#363 = CARTESIAN_POINT('',(80.10296133854,13.035914229269,
    -4.999994130842));
#364 = CARTESIAN_POINT('',(82.387745158195,9.498021866218,
    -2.877770747126));
#365 = CARTESIAN_POINT('',(80.114602614342,13.035914572147,
    -4.999992721506));
#366 = CARTESIAN_POINT('',(82.394484969047,9.497952474989,
    -2.877859886599));
#367 = CARTESIAN_POINT('',(80.120247594927,13.035914539367,
    -4.999991996796));
#368 = CARTESIAN_POINT('',(82.397753177505,9.497918498435,-2.87790297665
    ));
#369 = CARTESIAN_POINT('',(80.125892575507,13.035914307526,
    -4.999991230779));
#370 = CARTESIAN_POINT('',(82.401021387198,9.497884193883,
    -2.877945932057));
#371 = CARTESIAN_POINT('',(80.131537556065,13.035913876607,
    -4.999990423454));
#372 = CARTESIAN_POINT('',(82.404289598101,9.497849561333,
    -2.877988752822));
#373 = CARTESIAN_POINT('',(80.137182536584,13.035913246595,
    -4.999989574821));
#374 = CARTESIAN_POINT('',(82.407557810187,9.497814600783,
    -2.878031438946));
#375 = CARTESIAN_POINT('',(80.142827517047,13.035912417472,
    -4.999988684881));
#376 = CARTESIAN_POINT('',(82.41082602343,9.49777931223,-2.878073990432)
  );
#377 = CARTESIAN_POINT('',(80.153821509374,13.035910414887,
    -4.999986871212));
#378 = CARTESIAN_POINT('',(82.417191098464,9.497709946509,
    -2.878156600196));
#379 = CARTESIAN_POINT('',(80.159170521245,13.035909261757,-4.9999859517
    ));
#380 = CARTESIAN_POINT('',(82.420287960139,9.497675902833,
    -2.878196672222));
#381 = CARTESIAN_POINT('',(80.164519533037,13.03590792982,
    -4.999984995099));
#382 = CARTESIAN_POINT('',(82.423384822806,9.497641564646,-2.87823662336
    ));
#383 = CARTESIAN_POINT('',(80.169868544733,13.035906419063,
    -4.999984001409));
#384 = CARTESIAN_POINT('',(82.426481686444,9.497606931946,
    -2.878276453611));
#385 = CARTESIAN_POINT('',(80.17521755632,13.035904729472,
    -4.999982970629));
#386 = CARTESIAN_POINT('',(82.429578551028,9.497572004733,
    -2.878316162976));
#387 = CARTESIAN_POINT('',(80.180566567783,13.035902861032,
    -4.999981902759));
#388 = CARTESIAN_POINT('',(82.432675416537,9.497536783004,
    -2.878355751457));
#389 = CARTESIAN_POINT('',(80.191010802625,13.035898863565,
    -4.999979745267));
#390 = CARTESIAN_POINT('',(82.438722216237,9.49746743561,-2.878432814081
    ));
#391 = CARTESIAN_POINT('',(80.196106026018,13.035896751107,
    -4.99997865908));
#392 = CARTESIAN_POINT('',(82.441672150345,9.497433337228,
    -2.878470299425));
#393 = CARTESIAN_POINT('',(80.201201249272,13.035894476345,
    -4.99997753924));
#394 = CARTESIAN_POINT('',(82.444622085253,9.497398971613,
    -2.878507675084));
#395 = CARTESIAN_POINT('',(80.206296472375,13.035892039268,
    -4.999976385746));
#396 = CARTESIAN_POINT('',(82.447572020939,9.497364338764,
    -2.878544941062));
#397 = CARTESIAN_POINT('',(80.211391695315,13.035889439862,
    -4.999975198598));
#398 = CARTESIAN_POINT('',(82.450521957386,9.497329438679,
    -2.878582097358));
#399 = CARTESIAN_POINT('',(80.216486918079,13.035886678117,
    -4.999973977797));
#400 = CARTESIAN_POINT('',(82.453471894573,9.497294271359,
    -2.878619143974));
#401 = CARTESIAN_POINT('',(80.226456597809,13.035880956619,
    -4.999971523241));
#402 = CARTESIAN_POINT('',(82.459243955702,9.497224937549,
    -2.878691417449));
#403 = CARTESIAN_POINT('',(80.23133105479,13.03587801063,-4.99997029234)
  );
#404 = CARTESIAN_POINT('',(82.462066079582,9.497190793716,
    -2.878726653606));
#405 = CARTESIAN_POINT('',(80.236205511588,13.035874916043,
    -4.999969030637));
#406 = CARTESIAN_POINT('',(82.464888204106,9.4971564053,-2.878761789383)
  );
#407 = CARTESIAN_POINT('',(80.241079968191,13.035871672847,
    -4.999967738135));
#408 = CARTESIAN_POINT('',(82.467710329255,9.497121772302,
    -2.878796824783));
#409 = CARTESIAN_POINT('',(80.245954424589,13.035868281032,
    -4.999966414831));
#410 = CARTESIAN_POINT('',(82.470532455013,9.497086894719,
    -2.878831759805));
#411 = CARTESIAN_POINT('',(80.25082888077,13.035864740588,
    -4.999965060728));
#412 = CARTESIAN_POINT('',(82.473354581363,9.497051772551,
    -2.878866594452));
#413 = CARTESIAN_POINT('',(80.260383454782,13.0358575095,-4.999962346135
    ));
#414 = CARTESIAN_POINT('',(82.47888632087,9.496982449069,-2.878934678189
    ));
#415 = CARTESIAN_POINT('',(80.265063572632,13.035853830471,
    -4.999960988052));
#416 = CARTESIAN_POINT('',(82.481595933983,9.496948266867,
    -2.878967935122));
#417 = CARTESIAN_POINT('',(80.269743690262,13.035850014409,
    -4.999959601575));
#418 = CARTESIAN_POINT('',(82.484305547611,9.496913859193,
    -2.879001099527));
#419 = CARTESIAN_POINT('',(80.274423807663,13.035846061304,
    -4.999958186706));
#420 = CARTESIAN_POINT('',(82.487015161738,9.496879226045,
    -2.879034171402));
#421 = CARTESIAN_POINT('',(80.279103924824,13.035841971148,
    -4.999956743443));
#422 = CARTESIAN_POINT('',(82.48972477635,9.496844367423,-2.87906715075)
  );
#423 = CARTESIAN_POINT('',(80.283784041736,13.035837743932,
    -4.999955271786));
#424 = CARTESIAN_POINT('',(82.49243439143,9.496809283325,-2.879100037572
    ));
#425 = CARTESIAN_POINT('',(80.292971478449,13.035829176494,
    -4.999952327071));
#426 = CARTESIAN_POINT('',(82.497753579624,9.496739967858,
    -2.879164415353));
#427 = CARTESIAN_POINT('',(80.297478798269,13.035824846208,
    -4.99995085607));
#428 = CARTESIAN_POINT('',(82.500363152704,9.49670575283,-2.879195913018
    ));
#429 = CARTESIAN_POINT('',(80.301986117841,13.035820388778,
    -4.999949358733));
#430 = CARTESIAN_POINT('',(82.502972726192,9.496671328668,
    -2.879227324865));
#431 = CARTESIAN_POINT('',(80.306493437154,13.035815804197,
    -4.999947835061));
#432 = CARTESIAN_POINT('',(82.505582300074,9.496636695371,
    -2.879258650895));
#433 = CARTESIAN_POINT('',(80.311000756202,13.035811092455,
    -4.999946285054));
#434 = CARTESIAN_POINT('',(82.508191874337,9.496601852938,
    -2.879289891109));
#435 = CARTESIAN_POINT('',(80.315508074974,13.035806253546,
    -4.999944708711));
#436 = CARTESIAN_POINT('',(82.510801448968,9.496566801368,
    -2.879321045508));
#437 = CARTESIAN_POINT('',(80.32436774882,13.03579649211,-4.999941558456
    ));
#438 = CARTESIAN_POINT('',(82.515930880867,9.49649749223,-2.879382114529
    ));
#439 = CARTESIAN_POINT('',(80.328720103913,13.035791578178,
    -4.999939986323));
#440 = CARTESIAN_POINT('',(82.518450738113,9.496463248793,-2.87941203495
    ));
#441 = CARTESIAN_POINT('',(80.333072458733,13.035786545656,
    -4.999938389634));
#442 = CARTESIAN_POINT('',(82.520970595676,9.496428810353,
    -2.879441875357));
#443 = CARTESIAN_POINT('',(80.337424813273,13.035781394538,
    -4.99993676839));
#444 = CARTESIAN_POINT('',(82.523490453545,9.496394176906,
    -2.879471635752));
#445 = CARTESIAN_POINT('',(80.341777167525,13.035776124815,
    -4.99993512259));
#446 = CARTESIAN_POINT('',(82.526010311707,9.496359348454,
    -2.879501316134));
#447 = CARTESIAN_POINT('',(80.346129521481,13.035770736481,
    -4.999933452234));
#448 = CARTESIAN_POINT('',(82.528530170151,9.496324324994,
    -2.879530916505));
#449 = CARTESIAN_POINT('',(80.354694227658,13.035759899715,
    -4.999930116932));
#450 = CARTESIAN_POINT('',(82.533488831881,9.496255020925,
    -2.879589007653));
#451 = CARTESIAN_POINT('',(80.358906579899,13.035754458792,
    -4.999928453539));
#452 = CARTESIAN_POINT('',(82.535927635149,9.496220752659,
    -2.879617503494));
#453 = CARTESIAN_POINT('',(80.363118931848,13.035748906752,
    -4.999926767145));
#454 = CARTESIAN_POINT('',(82.538366438658,9.496186301728,-2.87964592439
    ));
#455 = CARTESIAN_POINT('',(80.367331283498,13.035743243588,
    -4.99992505775));
#456 = CARTESIAN_POINT('',(82.540805242398,9.496151668133,
    -2.879674270343));
#457 = CARTESIAN_POINT('',(80.371543634841,13.035737469293,
    -4.999923325354));
#458 = CARTESIAN_POINT('',(82.543244046357,9.496116851872,
    -2.879702541353));
#459 = CARTESIAN_POINT('',(80.375755985871,13.03573158386,
    -4.999921569956));
#460 = CARTESIAN_POINT('',(82.545682850524,9.496081852944,-2.87973073742
    ));
#461 = CARTESIAN_POINT('',(80.384053385108,13.03571977193,
    -4.999918066904));
#462 = CARTESIAN_POINT('',(82.550486755721,9.496012552986,-2.87978612982
    ));
#463 = CARTESIAN_POINT('',(80.388138433332,13.035713852049,
    -4.999916320618));
#464 = CARTESIAN_POINT('',(82.55285185674,9.495978262828,-2.879813330613
    ));
#465 = CARTESIAN_POINT('',(80.392223481249,13.035707827633,
    -4.999914552701));
#466 = CARTESIAN_POINT('',(82.555216957933,9.495943800877,
    -2.879840460927));
#467 = CARTESIAN_POINT('',(80.396308528852,13.035701698678,
    -4.999912763151));
#468 = CARTESIAN_POINT('',(82.557582059293,9.495909167132,
    -2.879867520763));
#469 = CARTESIAN_POINT('',(80.400393576134,13.035695465177,
    -4.99991095197));
#470 = CARTESIAN_POINT('',(82.559947160807,9.495874361593,
    -2.879894510122));
#471 = CARTESIAN_POINT('',(80.404478623088,13.035689127123,
    -4.999909119157));
#472 = CARTESIAN_POINT('',(82.562312262467,9.495839384259,
    -2.879921429004));
#473 = CARTESIAN_POINT('',(80.412532302087,13.035676425497,
    -4.999905463113));
#474 = CARTESIAN_POINT('',(82.566975066206,9.495770087668,
    -2.879974360701));
#475 = CARTESIAN_POINT('',(80.41650093415,13.035670067799,
    -4.999903641099));
#476 = CARTESIAN_POINT('',(82.569272768277,9.495735778062,
    -2.880000377475));
#477 = CARTESIAN_POINT('',(80.420469565892,13.035663611412,
    -4.999901798668));
#478 = CARTESIAN_POINT('',(82.571570470467,9.495701306313,
    -2.880026327733));
#479 = CARTESIAN_POINT('',(80.424438197307,13.03565705633,-4.99989993582
    ));
#480 = CARTESIAN_POINT('',(82.573868172767,9.495666672419,
    -2.880052211477));
#481 = CARTESIAN_POINT('',(80.428406828389,13.035650402547,
    -4.999898052556));
#482 = CARTESIAN_POINT('',(82.576165875166,9.49563187638,-2.880078028708
    ));
#483 = CARTESIAN_POINT('',(80.432375459132,13.035643650057,
    -4.999896148875));
#484 = CARTESIAN_POINT('',(82.578463577656,9.495596918196,
    -2.880103779426));
#485 = CARTESIAN_POINT('',(80.440205724811,13.035630132363,
    -4.999892352554));
#486 = CARTESIAN_POINT('',(82.582997036251,9.495527624386,
    -2.880154455386));
#487 = CARTESIAN_POINT('',(80.444067359766,13.035623372409,-4.999890461)
  );
#488 = CARTESIAN_POINT('',(82.585232792351,9.495493297386,
    -2.880179384166));
#489 = CARTESIAN_POINT('',(80.447928994389,13.035616518989,
    -4.999888550116));
#490 = CARTESIAN_POINT('',(82.587468548521,9.495458816865,
    -2.880204249973));
#491 = CARTESIAN_POINT('',(80.451790628673,13.035609572097,
    -4.999886619901));
#492 = CARTESIAN_POINT('',(82.58970430475,9.495424182822,-2.880229052808
    ));
#493 = CARTESIAN_POINT('',(80.455652262615,13.035602531729,
    -4.999884670356));
#494 = CARTESIAN_POINT('',(82.591940061031,9.495389395257,
    -2.880253792671));
#495 = CARTESIAN_POINT('',(80.459513896207,13.035595397878,
    -4.99988270148));
#496 = CARTESIAN_POINT('',(82.594175817356,9.495354454169,
    -2.880278469564));
#497 = CARTESIAN_POINT('',(80.467010190856,13.035581367997,
    -4.999878841927));
#498 = CARTESIAN_POINT('',(82.598515920985,9.495286327671,
    -2.880326250698));
#499 = CARTESIAN_POINT('',(80.470644851952,13.035574482634,
    -4.999876953455));
#500 = CARTESIAN_POINT('',(82.600620268285,9.495253159778,
    -2.880349362124));
#501 = CARTESIAN_POINT('',(80.47427951273,13.035567514445,
    -4.999875047858));
#502 = CARTESIAN_POINT('',(82.602724615609,9.495219855878,
    -2.880372417765));
#503 = CARTESIAN_POINT('',(80.477914173185,13.035560463428,
    -4.999873125136));
#504 = CARTESIAN_POINT('',(82.60482896295,9.495186415971,-2.880395417623
    ));
#505 = CARTESIAN_POINT('',(80.481548833312,13.035553329577,
    -4.999871185289));
#506 = CARTESIAN_POINT('',(82.6069333103,9.495152840056,-2.880418361698)
  );
#507 = CARTESIAN_POINT('',(80.485183493106,13.035546112888,
    -4.999869228317));
#508 = CARTESIAN_POINT('',(82.609037657653,9.495119128133,
    -2.880441249989));
#509 = CARTESIAN_POINT('',(80.490729706707,13.03553497436,
    -4.999866215996));
#510 = CARTESIAN_POINT('',(82.612248731488,9.495067478766,
    -2.880476090661));
#511 = CARTESIAN_POINT('',(80.492641260757,13.035531112449,
    -4.999865173035));
#512 = CARTESIAN_POINT('',(82.613355457973,9.495049639711,
    -2.880488083394));
#513 = CARTESIAN_POINT('',(80.494552814714,13.035527227623,
    -4.999864125337));
#514 = CARTESIAN_POINT('',(82.614462184456,9.495031763037,
    -2.880500060698));
#515 = CARTESIAN_POINT('',(80.496464368575,13.035523319882,
    -4.999863072903));
#516 = CARTESIAN_POINT('',(82.615568910936,9.495013848744,
    -2.880512022573));
#517 = CARTESIAN_POINT('',(80.498375922342,13.035519389226,
    -4.999862015732));
#518 = CARTESIAN_POINT('',(82.616675637411,9.494995896831,
    -2.880523969019));
#519 = CARTESIAN_POINT('',(80.500287476012,13.035515435653,
    -4.999860953824));
#520 = CARTESIAN_POINT('',(82.617782363882,9.494977907298,
    -2.880535900037));
#521 = CARTESIAN_POINT('',(80.502199029587,13.035511459164,
    -4.999859887179));
#522 = CARTESIAN_POINT('',(82.618889090345,9.494959880145,
    -2.880547815626));
#523 = DEFINITIONAL_REPRESENTATION('',(#524),#528);
#524 = LINE('',#525,#526);
#525 = CARTESIAN_POINT('',(0.,0.));
#526 = VECTOR('',#527,1.);
#527 = DIRECTION('',(0.,1.));
#528 = ( GEOMETRIC_REPRESENTATION_CONTEXT(2) 
PARAMETRIC_REPRESENTATION_CONTEXT() REPRESENTATION_CONTEXT('2D SPACE',''
  ) );
#529 = ORIENTED_EDGE('',*,*,#530,.F.);
#530 = EDGE_CURVE('',#531,#144,#533,.T.);
#531 = VERTEX_POINT('',#532);
#532 = CARTESIAN_POINT('',(61.448367789145,2.039068016634E-11,
    -0.637461724281));
#533 = SURFACE_CURVE('',#534,(#561,#568),.PCURVE_S1.);
#534 = B_SPLINE_CURVE_WITH_KNOTS('',7,(#535,#536,#537,#538,#539,#540,
    #541,#542,#543,#544,#545,#546,#547,#548,#549,#550,#551,#552,#553,
    #554,#555,#556,#557,#558,#559,#560),.UNSPECIFIED.,.F.,.F.,(8,6,6,6,8
    ),(0.,0.572885994138,1.,1.455402095376,2.000052070907),
  .UNSPECIFIED.);
#535 = CARTESIAN_POINT('',(64.719936749609,-5.34375,-1.272445296002));
#536 = CARTESIAN_POINT('',(64.291651043446,-5.125074348166,
    -1.21711449358));
#537 = CARTESIAN_POINT('',(63.877951549346,-4.863359244551,
    -1.15501368029));
#538 = CARTESIAN_POINT('',(63.482015689047,-4.557740359587,
    -1.087685292551));
#539 = CARTESIAN_POINT('',(63.108584154504,-4.207250353045,
    -1.017203043545));
#540 = CARTESIAN_POINT('',(62.763731067612,-3.811564896997,
    -0.946361943156));
#541 = CARTESIAN_POINT('',(62.454756612959,-3.3714094438,-0.878679714671
    ));
#542 = CARTESIAN_POINT('',(61.992396366163,-2.529930456974,
    -0.772685492852));
#543 = CARTESIAN_POINT('',(61.819368537689,-2.147120585212,
    -0.731269086403));
#544 = CARTESIAN_POINT('',(61.674831758176,-1.743052972901,
    -0.69542740741));
#545 = CARTESIAN_POINT('',(61.562731350431,-1.32099605098,
    -0.666910202136));
#546 = CARTESIAN_POINT('',(61.486465446122,-0.885511669767,
    -0.64727137243));
#547 = CARTESIAN_POINT('',(61.448367789141,-0.442639599127,
    -0.63746172428));
#548 = CARTESIAN_POINT('',(61.448367789149,0.471955960638,
    -0.637461724282));
#549 = CARTESIAN_POINT('',(61.491679180226,0.944157593186,
    -0.648613744485));
#550 = CARTESIAN_POINT('',(61.578380398953,1.407333166992,
    -0.670940260364));
#551 = CARTESIAN_POINT('',(61.705427335825,1.854323756113,
    -0.703203194818));
#552 = CARTESIAN_POINT('',(61.868549371635,2.279891385948,
    -0.743431406412));
#553 = CARTESIAN_POINT('',(62.06289320107,2.680440229022,-0.789474480589
    ));
#554 = CARTESIAN_POINT('',(62.547625768208,3.500253260598,
    -0.898847107638));
#555 = CARTESIAN_POINT('',(62.849603061127,3.908191246011,
    -0.963848352415));
#556 = CARTESIAN_POINT('',(63.182676627328,4.275818174187,
    -1.031077336556));
#557 = CARTESIAN_POINT('',(63.540780319341,4.60267717129,-1.097617243516
    ));
#558 = CARTESIAN_POINT('',(63.91883095906,4.889097878442,-1.16112908712)
  );
#559 = CARTESIAN_POINT('',(64.312814109098,5.135879862125,
    -1.219848578299));
#560 = CARTESIAN_POINT('',(64.719936749609,5.34375,-1.272445296002));
#561 = PCURVE('',#56,#562);
#562 = DEFINITIONAL_REPRESENTATION('',(#563),#567);
#563 = LINE('',#564,#565);
#564 = CARTESIAN_POINT('',(0.,1.));
#565 = VECTOR('',#566,1.);
#566 = DIRECTION('',(1.,0.));
#567 = ( GEOMETRIC_REPRESENTATION_CONTEXT(2) 
PARAMETRIC_REPRESENTATION_CONTEXT() REPRESENTATION_CONTEXT('2D SPACE',''
  ) );
#568 = PCURVE('',#569,#574);
#569 = CYLINDRICAL_SURFACE('',#570,25.);
#570 = AXIS2_PLACEMENT_3D('',#571,#572,#573);
#571 = CARTESIAN_POINT('',(10.01096594874,0.,-24.74342673651));
#572 = DIRECTION('',(-0.999847695156,0.,1.745240643728E-02));
#573 = DIRECTION('',(-1.745240643728E-02,0.,-0.999847695156));
#574 = DEFINITIONAL_REPRESENTATION('',(#575),#623);
#575 = B_SPLINE_CURVE_WITH_KNOTS('',3,(#576,#577,#578,#579,#580,#581,
    #582,#583,#584,#585,#586,#587,#588,#589,#590,#591,#592,#593,#594,
    #595,#596,#597,#598,#599,#600,#601,#602,#603,#604,#605,#606,#607,
    #608,#609,#610,#611,#612,#613,#614,#615,#616,#617,#618,#619,#620,
    #621,#622),.UNSPECIFIED.,.F.,.F.,(4,1,1,1,1,1,1,1,1,1,1,1,1,1,1,1,1,
    1,1,1,1,1,1,1,1,1,1,1,1,1,1,1,1,1,1,1,1,1,1,1,1,1,1,1,4),(0.,
    4.545572888425E-02,9.091145776849E-02,0.136367186653,0.181822915537,
    0.227278644421,0.272734373305,0.31819010219,0.363645831074,
    0.409101559958,0.454557288842,0.500013017727,0.545468746611,
    0.590924475495,0.636380204379,0.681835933264,0.727291662148,
    0.772747391032,0.818203119916,0.863658848801,0.909114577685,
    0.954570306569,1.000026035453,1.045481764338,1.090937493222,
    1.136393222106,1.18184895099,1.227304679875,1.272760408759,
    1.318216137643,1.363671866527,1.409127595412,1.454583324296,
    1.50003905318,1.545494782064,1.590950510949,1.636406239833,
    1.681861968717,1.727317697601,1.772773426486,1.81822915537,
    1.863684884254,1.909140613138,1.954596342023,2.000052070907),
  .QUASI_UNIFORM_KNOTS.);
#576 = CARTESIAN_POINT('',(2.926180576259,-54.29101325204));
#577 = CARTESIAN_POINT('',(2.927838285447,-54.21155848219));
#578 = CARTESIAN_POINT('',(2.931307285338,-54.05390798501));
#579 = CARTESIAN_POINT('',(2.936973649222,-53.82162667428));
#580 = CARTESIAN_POINT('',(2.943105120953,-53.59393774431));
#581 = CARTESIAN_POINT('',(2.9497035093,-53.37130690673));
#582 = CARTESIAN_POINT('',(2.956770099329,-53.15424233753));
#583 = CARTESIAN_POINT('',(2.964305453866,-52.94329957611));
#584 = CARTESIAN_POINT('',(2.972309257486,-52.73907835818));
#585 = CARTESIAN_POINT('',(2.980780156438,-52.54222162277));
#586 = CARTESIAN_POINT('',(2.989715610176,-52.35341380126));
#587 = CARTESIAN_POINT('',(2.999111719368,-52.1733795194));
#588 = CARTESIAN_POINT('',(3.008963135209,-52.00288088306));
#589 = CARTESIAN_POINT('',(3.019262645047,-51.84271933686));
#590 = CARTESIAN_POINT('',(3.030001927714,-51.6937197704));
#591 = CARTESIAN_POINT('',(3.041168118875,-51.55677693011));
#592 = CARTESIAN_POINT('',(3.052733669604,-51.43292465658));
#593 = CARTESIAN_POINT('',(3.064667716167,-51.32314021507));
#594 = CARTESIAN_POINT('',(3.076933978392,-51.22835678131));
#595 = CARTESIAN_POINT('',(3.089491028177,-51.14943567945));
#596 = CARTESIAN_POINT('',(3.102291952889,-51.08714640082));
#597 = CARTESIAN_POINT('',(3.115283995158,-51.04214083499));
#598 = CARTESIAN_POINT('',(3.128408822811,-51.01492442459));
#599 = CARTESIAN_POINT('',(3.141600241758,-51.00582343217));
#600 = CARTESIAN_POINT('',(3.154791461195,-51.01494532067));
#601 = CARTESIAN_POINT('',(3.167915495719,-51.04218055824));
#602 = CARTESIAN_POINT('',(3.18090617148,-51.08720043837));
#603 = CARTESIAN_POINT('',(3.193705313981,-51.14949799944));
#604 = CARTESIAN_POINT('',(3.206260434172,-51.22842137467));
#605 = CARTESIAN_POINT('',(3.218524968366,-51.32320329355));
#606 = CARTESIAN_POINT('',(3.230457877855,-51.43298695653));
#607 = CARTESIAN_POINT('',(3.242023338105,-51.55684728681));
#608 = CARTESIAN_POINT('',(3.253190796566,-51.69381493406));
#609 = CARTESIAN_POINT('',(3.263933553065,-51.8428781386));
#610 = CARTESIAN_POINT('',(3.274232963904,-52.00305825887));
#611 = CARTESIAN_POINT('',(3.284083810579,-52.17356603858));
#612 = CARTESIAN_POINT('',(3.293478644745,-52.35359462978));
#613 = CARTESIAN_POINT('',(3.302412623454,-52.54238806002));
#614 = CARTESIAN_POINT('',(3.310882025273,-52.73922475127));
#615 = CARTESIAN_POINT('',(3.318884466023,-52.94342368738));
#616 = CARTESIAN_POINT('',(3.32641866244,-53.15434439632));
#617 = CARTESIAN_POINT('',(3.333484317193,-53.37138867561));
#618 = CARTESIAN_POINT('',(3.340081965093,-53.59400130748));
#619 = CARTESIAN_POINT('',(3.346212830261,-53.82167297522));
#620 = CARTESIAN_POINT('',(3.351878638828,-54.05393541388));
#621 = CARTESIAN_POINT('',(3.355347241734,-54.21156885648));
#622 = CARTESIAN_POINT('',(3.35700473092,-54.29101325204));
#623 = ( GEOMETRIC_REPRESENTATION_CONTEXT(2) 
PARAMETRIC_REPRESENTATION_CONTEXT() REPRESENTATION_CONTEXT('2D SPACE',''
  ) );
#624 = ORIENTED_EDGE('',*,*,#625,.F.);
#625 = EDGE_CURVE('',#24,#531,#626,.T.);
#626 = SURFACE_CURVE('',#627,(#630,#637),.PCURVE_S1.);
#627 = B_SPLINE_CURVE_WITH_KNOTS('',1,(#628,#629),.UNSPECIFIED.,.F.,.F.,
  (2,2),(0.,1.),.PIECEWISE_BEZIER_KNOTS.);
#628 = CARTESIAN_POINT('',(1.266201170439,-1.464246538255E-08,
    -1.549490503385));
#629 = CARTESIAN_POINT('',(61.448367789145,5.82495163215E-12,
    -0.637461724281));
#630 = PCURVE('',#56,#631);
#631 = DEFINITIONAL_REPRESENTATION('',(#632),#636);
#632 = LINE('',#633,#634);
#633 = CARTESIAN_POINT('',(1.,0.));
#634 = VECTOR('',#635,1.);
#635 = DIRECTION('',(0.,1.));
#636 = ( GEOMETRIC_REPRESENTATION_CONTEXT(2) 
PARAMETRIC_REPRESENTATION_CONTEXT() REPRESENTATION_CONTEXT('2D SPACE',''
  ) );
#637 = PCURVE('',#638,#679);
#638 = B_SPLINE_SURFACE_WITH_KNOTS('',7,1,(
    (#639,#640)
    ,(#641,#642)
    ,(#643,#644)
    ,(#645,#646)
    ,(#647,#648)
    ,(#649,#650)
    ,(#651,#652)
    ,(#653,#654)
    ,(#655,#656)
    ,(#657,#658)
    ,(#659,#660)
    ,(#661,#662)
    ,(#663,#664)
    ,(#665,#666)
    ,(#667,#668)
    ,(#669,#670)
    ,(#671,#672)
    ,(#673,#674)
    ,(#675,#676)
    ,(#677,#678
    )),.UNSPECIFIED.,.F.,.F.,.F.,(8,6,6,8),(2,2),(0.,0.408893680205,
    0.572885994138,1.),(0.,1.),.UNSPECIFIED.);
#639 = CARTESIAN_POINT('',(49.061877368981,-10.70187872785,
    -4.468083130844));
#640 = CARTESIAN_POINT('',(64.719936749609,-5.34375,-1.272445296002));
#641 = CARTESIAN_POINT('',(46.183663721381,-10.28996648269,
    -4.369084035125));
#642 = CARTESIAN_POINT('',(64.414250591518,-5.187671665105,
    -1.232953292947));
#643 = CARTESIAN_POINT('',(43.316282743906,-9.841408197136,
    -4.259699808795));
#644 = CARTESIAN_POINT('',(64.115995085216,-5.009667748844,
    -1.190012444285));
#645 = CARTESIAN_POINT('',(40.460357420721,-9.358284755315,
    -4.140092666697));
#646 = CARTESIAN_POINT('',(63.826325548446,-4.809423979028,
    -1.144183583395));
#647 = CARTESIAN_POINT('',(37.616326626336,-8.842586300304,
    -4.010430999933));
#648 = CARTESIAN_POINT('',(63.546802996913,-4.586599350268,
    -1.096165419943));
#649 = CARTESIAN_POINT('',(34.784447778742,-8.296203845008,
    -3.870882399393));
#650 = CARTESIAN_POINT('',(63.279351571006,-4.340964309695,
    -1.046829737253));
#651 = CARTESIAN_POINT('',(31.964797670735,-7.72092683231,
    -3.721606937212));
#652 = CARTESIAN_POINT('',(63.026232154263,-4.072494090925,
    -0.997231655077));
#653 = CARTESIAN_POINT('',(28.031275312634,-6.876813856027,
    -3.49903927655));
#654 = CARTESIAN_POINT('',(62.695258007301,-3.664770912488,
    -0.929055173686));
#655 = CARTESIAN_POINT('',(26.907249343438,-6.630809676332,
    -3.433787893585));
#656 = CARTESIAN_POINT('',(62.603231109663,-3.544431988426,
    -0.909690023887));
#657 = CARTESIAN_POINT('',(25.785190137209,-6.380544214156,
    -3.367006274727));
#658 = CARTESIAN_POINT('',(62.514085740848,-3.420486602436,
    -0.890553093665));
#659 = CARTESIAN_POINT('',(24.665092266134,-6.126125685917,
    -3.29870395448));
#660 = CARTESIAN_POINT('',(62.427994496204,-3.292962114088,
    -0.871725541957));
#661 = CARTESIAN_POINT('',(23.54694824922,-5.86766053564,-3.228890253273
    ));
#662 = CARTESIAN_POINT('',(62.345137201836,-3.161895371627,
    -0.853291875663));
#663 = CARTESIAN_POINT('',(22.430748488354,-5.605253562783,
    -3.157574244488));
#664 = CARTESIAN_POINT('',(62.265700430066,-3.027334004062,
    -0.835339347231));
#665 = CARTESIAN_POINT('',(18.414399062949,-4.645578095161,
    -2.895134077278));
#666 = CARTESIAN_POINT('',(61.992396366163,-2.529930456974,
    -0.772685492852));
#667 = CARTESIAN_POINT('',(15.525425457512,-3.926110241238,
    -2.695372476312));
#668 = CARTESIAN_POINT('',(61.819368537689,-2.147120585212,
    -0.731269086403));
#669 = CARTESIAN_POINT('',(12.649352212868,-3.182429322386,
    -2.485635235425));
#670 = CARTESIAN_POINT('',(61.674831758176,-1.743052972901,
    -0.69542740741));
#671 = CARTESIAN_POINT('',(9.785870619514,-2.416290735152,
    -2.266064702824));
#672 = CARTESIAN_POINT('',(61.562731350431,-1.32099605098,
    -0.666910202136));
#673 = CARTESIAN_POINT('',(6.934563295808,-1.629396703297,
    -2.036786080752));
#674 = CARTESIAN_POINT('',(61.486465446122,-0.885511669767,
    -0.64727137243));
#675 = CARTESIAN_POINT('',(4.094894826037,-0.823414978576,
    -1.797902665572));
#676 = CARTESIAN_POINT('',(61.448367789141,-0.442639599127,
    -0.63746172428));
#677 = CARTESIAN_POINT('',(1.266201170439,1.46424649454E-08,
    -1.549490503385));
#678 = CARTESIAN_POINT('',(61.448367789145,5.82495163215E-12,
    -0.637461724281));
#679 = DEFINITIONAL_REPRESENTATION('',(#680),#684);
#680 = LINE('',#681,#682);
#681 = CARTESIAN_POINT('',(1.,0.));
#682 = VECTOR('',#683,1.);
#683 = DIRECTION('',(0.,1.));
#684 = ( GEOMETRIC_REPRESENTATION_CONTEXT(2) 
PARAMETRIC_REPRESENTATION_CONTEXT() REPRESENTATION_CONTEXT('2D SPACE',''
  ) );
#685 = ADVANCED_FACE('',(#686),#158,.F.);
#686 = FACE_BOUND('',#687,.F.);
#687 = EDGE_LOOP('',(#688,#758,#833,#1200));
#688 = ORIENTED_EDGE('',*,*,#689,.F.);
#689 = EDGE_CURVE('',#690,#22,#692,.T.);
#690 = VERTEX_POINT('',#691);
#691 = CARTESIAN_POINT('',(80.502199029587,13.035511459164,
    -4.999859887179));
#692 = SURFACE_CURVE('',#693,(#721,#727),.PCURVE_S1.);
#693 = B_SPLINE_CURVE_WITH_KNOTS('',6,(#694,#695,#696,#697,#698,#699,
    #700,#701,#702,#703,#704,#705,#706,#707,#708,#709,#710,#711,#712,
    #713,#714,#715,#716,#717,#718,#719,#720),.UNSPECIFIED.,.F.,.F.,(7,5,
    5,5,5,7),(0.,0.150222599415,0.410666209091,0.572046031151,
    0.797020756372,1.),.UNSPECIFIED.);
#694 = CARTESIAN_POINT('',(141.95693139814,-9.353098767503E-02,
    -2.864877724775));
#695 = CARTESIAN_POINT('',(138.92148502585,1.384054126214,
    -3.074337908948));
#696 = CARTESIAN_POINT('',(135.8015548074,2.775690756935,-3.277254788285
    ));
#697 = CARTESIAN_POINT('',(132.60011249777,4.074500705913,
    -3.472144834175));
#698 = CARTESIAN_POINT('',(129.32193226304,5.27494870453,-3.657423558652
    ));
#699 = CARTESIAN_POINT('',(125.97363756341,6.37291125358,-3.831506401115
    ));
#700 = CARTESIAN_POINT('',(116.65242591882,9.087581151421,
    -4.272830540589));
#701 = CARTESIAN_POINT('',(110.55375321821,10.494563352157,
    -4.514829087358));
#702 = CARTESIAN_POINT('',(104.31548898202,11.572861058996,
    -4.711196994344));
#703 = CARTESIAN_POINT('',(97.984467283117,12.330253289392,
    -4.856461199891));
#704 = CARTESIAN_POINT('',(91.603631002147,12.786017204582,
    -4.947905660354));
#705 = CARTESIAN_POINT('',(81.248632333656,13.076158278634,
    -5.007853060251));
#706 = CARTESIAN_POINT('',(77.281063893545,13.08098263253,
    -5.009895657561));
#707 = CARTESIAN_POINT('',(73.314964329443,12.985502787173,
    -4.990886926624));
#708 = CARTESIAN_POINT('',(69.356320555148,12.79621145656,
    -4.950934971869));
#709 = CARTESIAN_POINT('',(65.409689592083,12.519576625548,
    -4.890318799162));
#710 = CARTESIAN_POINT('',(55.997469902553,11.662958685384,
    -4.696576554829));
#711 = CARTESIAN_POINT('',(50.54666694281,11.006437342592,
    -4.544299637961));
#712 = CARTESIAN_POINT('',(45.133741408055,10.208919404851,
    -4.353524177597));
#713 = CARTESIAN_POINT('',(39.763614319851,9.286037611228,
    -4.125516254626));
#714 = CARTESIAN_POINT('',(34.438380636511,8.25174458018,-3.86156789943)
  );
#715 = CARTESIAN_POINT('',(24.392489385944,6.09594975027,-3.293148474967
    ));
#716 = CARTESIAN_POINT('',(19.663994747084,4.992939783127,
    -2.995183104866));
#717 = CARTESIAN_POINT('',(14.971500751399,3.818611455195,
    -2.669666060926));
#718 = CARTESIAN_POINT('',(10.313915653549,2.581395247562,
    -2.317334913348));
#719 = CARTESIAN_POINT('',(5.689210935322,1.289221062033,-1.938785011909
    ));
#720 = CARTESIAN_POINT('',(1.094226755134,-5.0093329737E-02,
    -1.534371314692));
#721 = PCURVE('',#158,#722);
#722 = DEFINITIONAL_REPRESENTATION('',(#723),#726);
#723 = B_SPLINE_CURVE_WITH_KNOTS('',1,(#724,#725),.UNSPECIFIED.,.F.,.F.,
  (2,2),(0.442614386679,0.6574870302),.PIECEWISE_BEZIER_KNOTS.);
#724 = CARTESIAN_POINT('',(1.,0.));
#725 = CARTESIAN_POINT('',(0.,0.));
#726 = ( GEOMETRIC_REPRESENTATION_CONTEXT(2) 
PARAMETRIC_REPRESENTATION_CONTEXT() REPRESENTATION_CONTEXT('2D SPACE',''
  ) );
#727 = PCURVE('',#103,#728);
#728 = DEFINITIONAL_REPRESENTATION('',(#729),#757);
#729 = B_SPLINE_CURVE_WITH_KNOTS('',6,(#730,#731,#732,#733,#734,#735,
    #736,#737,#738,#739,#740,#741,#742,#743,#744,#745,#746,#747,#748,
    #749,#750,#751,#752,#753,#754,#755,#756),.UNSPECIFIED.,.F.,.F.,(7,5,
    5,5,5,7),(0.,0.150222599415,0.410666209091,0.572046031151,
    0.797020756372,1.),.UNSPECIFIED.);
#730 = CARTESIAN_POINT('',(1.,0.405370754337));
#731 = CARTESIAN_POINT('',(0.977014671915,0.420804402135));
#732 = CARTESIAN_POINT('',(0.953560498566,0.434795975291));
#733 = CARTESIAN_POINT('',(0.929679614246,0.447574506475));
#734 = CARTESIAN_POINT('',(0.905415456572,0.459259667057));
#735 = CARTESIAN_POINT('',(0.880817179996,0.469924006991));
#736 = CARTESIAN_POINT('',(0.812816166848,0.496388812347));
#737 = CARTESIAN_POINT('',(0.768839965738,0.510224355709));
#738 = CARTESIAN_POINT('',(0.724330953174,0.521295170045));
#739 = CARTESIAN_POINT('',(0.679540169602,0.529559981829));
#740 = CARTESIAN_POINT('',(0.634675603897,0.534897928791));
#741 = CARTESIAN_POINT('',(0.56216796592,0.538468739935));
#742 = CARTESIAN_POINT('',(0.534457251985,0.538632312464));
#743 = CARTESIAN_POINT('',(0.506806380322,0.537543720315));
#744 = CARTESIAN_POINT('',(0.479236442075,0.535138616431));
#745 = CARTESIAN_POINT('',(0.451760634165,0.531336339521));
#746 = CARTESIAN_POINT('',(0.38622126478,0.51863542785));
#747 = CARTESIAN_POINT('',(0.348255525067,0.508319505816));
#748 = CARTESIAN_POINT('',(0.31049970293,0.494797622571));
#749 = CARTESIAN_POINT('',(0.272955131403,0.4776880392));
#750 = CARTESIAN_POINT('',(0.235615851002,0.456486555445));
#751 = CARTESIAN_POINT('',(0.164966820689,0.40696772064));
#752 = CARTESIAN_POINT('',(0.131622637099,0.379550525617));
#753 = CARTESIAN_POINT('',(9.844074377119E-02,0.34766247936));
#754 = CARTESIAN_POINT('',(6.54267727244E-02,0.310614265736));
#755 = CARTESIAN_POINT('',(3.259843285769E-02,0.267504861806));
#756 = CARTESIAN_POINT('',(0.,0.217108483161));
#757 = ( GEOMETRIC_REPRESENTATION_CONTEXT(2) 
PARAMETRIC_REPRESENTATION_CONTEXT() REPRESENTATION_CONTEXT('2D SPACE',''
  ) );
#758 = ORIENTED_EDGE('',*,*,#759,.T.);
#759 = EDGE_CURVE('',#690,#760,#762,.T.);
#760 = VERTEX_POINT('',#761);
#761 = CARTESIAN_POINT('',(82.618889090345,9.494959880145,
    -2.880547815626));
#762 = SURFACE_CURVE('',#763,(#766,#773),.PCURVE_S1.);
#763 = B_SPLINE_CURVE_WITH_KNOTS('',1,(#764,#765),.UNSPECIFIED.,.F.,.F.,
  (2,2),(0.,1.),.PIECEWISE_BEZIER_KNOTS.);
#764 = CARTESIAN_POINT('',(80.502199029587,13.035511459164,
    -4.999859887179));
#765 = CARTESIAN_POINT('',(82.618889090345,9.494959880145,
    -2.880547815626));
#766 = PCURVE('',#158,#767);
#767 = DEFINITIONAL_REPRESENTATION('',(#768),#772);
#768 = LINE('',#769,#770);
#769 = CARTESIAN_POINT('',(1.,0.));
#770 = VECTOR('',#771,1.);
#771 = DIRECTION('',(0.,1.));
#772 = ( GEOMETRIC_REPRESENTATION_CONTEXT(2) 
PARAMETRIC_REPRESENTATION_CONTEXT() REPRESENTATION_CONTEXT('2D SPACE',''
  ) );
#773 = PCURVE('',#774,#827);
#774 = B_SPLINE_SURFACE_WITH_KNOTS('',7,1,(
    (#775,#776)
    ,(#777,#778)
    ,(#779,#780)
    ,(#781,#782)
    ,(#783,#784)
    ,(#785,#786)
    ,(#787,#788)
    ,(#789,#790)
    ,(#791,#792)
    ,(#793,#794)
    ,(#795,#796)
    ,(#797,#798)
    ,(#799,#800)
    ,(#801,#802)
    ,(#803,#804)
    ,(#805,#806)
    ,(#807,#808)
    ,(#809,#810)
    ,(#811,#812)
    ,(#813,#814)
    ,(#815,#816)
    ,(#817,#818)
    ,(#819,#820)
    ,(#821,#822)
    ,(#823,#824)
    ,(#825,#826
    )),.UNSPECIFIED.,.F.,.F.,.F.,(8,6,6,6,8),(2,2),(0.,0.240256308066,
    0.317518320722,0.635473243776,1.),(0.,1.),.UNSPECIFIED.);
#775 = CARTESIAN_POINT('',(80.502199029587,13.035511459164,
    -4.999859887179));
#776 = CARTESIAN_POINT('',(82.618889090345,9.494959880145,
    -2.880547815626));
#777 = CARTESIAN_POINT('',(81.174959261871,13.034111956635,
    -4.99948448782));
#778 = CARTESIAN_POINT('',(82.861895335891,9.491001620557,
    -2.883164146469));
#779 = CARTESIAN_POINT('',(81.847707536332,13.029873855529,
    -4.998522382892));
#780 = CARTESIAN_POINT('',(83.106689080554,9.475527395129,
    -2.881083845485));
#781 = CARTESIAN_POINT('',(82.52041464501,13.022769809698,
    -4.996973625154));
#782 = CARTESIAN_POINT('',(83.35254710378,9.448212723445,-2.874170797417
    ));
#783 = CARTESIAN_POINT('',(83.193050422566,13.012772722694,
    -4.994838418331));
#784 = CARTESIAN_POINT('',(83.598718752092,9.408795116863,
    -2.862356338092));
#785 = CARTESIAN_POINT('',(83.865583743243,12.999855797393,
    -4.992117125489));
#786 = CARTESIAN_POINT('',(83.844429403694,9.357072116414,
    -2.845645284032));
#787 = CARTESIAN_POINT('',(84.537982517643,12.983992588819,
    -4.988810277418));
#788 = CARTESIAN_POINT('',(84.088882674393,9.292902041649,
    -2.824118012116));
#789 = CARTESIAN_POINT('',(85.426390878228,12.959099900351,
    -4.983667083009));
#790 = CARTESIAN_POINT('',(84.409205896638,9.191543879584,
    -2.789506552295));
#791 = CARTESIAN_POINT('',(85.642554083004,12.95273526603,
    -4.982355082975));
#792 = CARTESIAN_POINT('',(84.486935886278,9.165585089143,
    -2.780602380176));
#793 = CARTESIAN_POINT('',(85.858701997577,12.946062280103,
    -4.980982602394));
#794 = CARTESIAN_POINT('',(84.564424156733,9.138328503678,
    -2.771221196637));
#795 = CARTESIAN_POINT('',(86.074833309952,12.939080071419,
    -4.979549664909));
#796 = CARTESIAN_POINT('',(84.641643308383,9.109772234755,
    -2.761368913458));
#797 = CARTESIAN_POINT('',(86.290946702255,12.931787774928,
    -4.978056296367));
#798 = CARTESIAN_POINT('',(84.718565722256,9.079915092842,
    -2.751052224072));
#799 = CARTESIAN_POINT('',(86.507040850788,12.924184531839,
    -4.976502524832));
#800 = CARTESIAN_POINT('',(84.795163561893,9.048756602209,
    -2.740278592768));
#801 = CARTESIAN_POINT('',(87.612317989942,12.883696864514,-4.9682457229
    ));
#802 = CARTESIAN_POINT('',(85.185179275759,8.882716699276,
    -2.682873098003));
#803 = CARTESIAN_POINT('',(88.501173134812,12.845843755145,
    -4.960580620989));
#804 = CARTESIAN_POINT('',(85.492968856068,8.727105847604,
    -2.629091957156));
#805 = CARTESIAN_POINT('',(89.389587203744,12.802650756463,
    -4.951895186621));
#806 = CARTESIAN_POINT('',(85.792843590827,8.549475516465,
    -2.568283671008));
#807 = CARTESIAN_POINT('',(90.277465883685,12.754060305586,
    -4.942192172694));
#808 = CARTESIAN_POINT('',(86.082783025244,8.350053511042,
    -2.501236354307));
#809 = CARTESIAN_POINT('',(91.16471326571,12.700016873648,-4.93147499283
    ));
#810 = CARTESIAN_POINT('',(86.360678356553,8.129325146098,
    -2.428947836059));
#811 = CARTESIAN_POINT('',(92.051231908718,12.640467169344,
    -4.91974773797));
#812 = CARTESIAN_POINT('',(86.624370141551,7.888108445406,
    -2.352591307385));
#813 = CARTESIAN_POINT('',(93.952343782458,12.500717144379,
    -4.892417666647));
#814 = CARTESIAN_POINT('',(87.155311818522,7.329070992884,
    -2.182725559759));
#815 = CARTESIAN_POINT('',(94.966676801142,12.418769665356,
    -4.87649878553));
#816 = CARTESIAN_POINT('',(87.417529544426,7.005096460411,
    -2.088308892558));
#817 = CARTESIAN_POINT('',(95.979772918501,12.329441307735,
    -4.859265752574));
#818 = CARTESIAN_POINT('',(87.654941620615,6.657811960097,-1.99220236096
    ));
#819 = CARTESIAN_POINT('',(96.991480559346,12.232659699854,
    -4.840726967405));
#820 = CARTESIAN_POINT('',(87.864284734419,6.290141421614,
    -1.896608331573));
#821 = CARTESIAN_POINT('',(98.001645750387,12.128357134603,
    -4.820892050315));
#822 = CARTESIAN_POINT('',(88.042689533113,5.90598015622,-1.803774933471
    ));
#823 = CARTESIAN_POINT('',(99.010112261045,12.016471023043,
    -4.799771862451));
#824 = CARTESIAN_POINT('',(88.188164517041,5.510369193467,
    -1.715699984612));
#825 = CARTESIAN_POINT('',(100.01672175207,11.896944374978,
    -4.777378519242));
#826 = CARTESIAN_POINT('',(88.300171188117,5.109181390948,
    -1.633884899658));
#827 = DEFINITIONAL_REPRESENTATION('',(#828),#832);
#828 = LINE('',#829,#830);
#829 = CARTESIAN_POINT('',(0.,0.));
#830 = VECTOR('',#831,1.);
#831 = DIRECTION('',(0.,1.));
#832 = ( GEOMETRIC_REPRESENTATION_CONTEXT(2) 
PARAMETRIC_REPRESENTATION_CONTEXT() REPRESENTATION_CONTEXT('2D SPACE',''
  ) );
#833 = ORIENTED_EDGE('',*,*,#834,.F.);
#834 = EDGE_CURVE('',#144,#760,#835,.T.);
#835 = SURFACE_CURVE('',#836,(#1013,#1020),.PCURVE_S1.);
#836 = B_SPLINE_CURVE_WITH_KNOTS('',7,(#837,#838,#839,#840,#841,#842,
    #843,#844,#845,#846,#847,#848,#849,#850,#851,#852,#853,#854,#855,
    #856,#857,#858,#859,#860,#861,#862,#863,#864,#865,#866,#867,#868,
    #869,#870,#871,#872,#873,#874,#875,#876,#877,#878,#879,#880,#881,
    #882,#883,#884,#885,#886,#887,#888,#889,#890,#891,#892,#893,#894,
    #895,#896,#897,#898,#899,#900,#901,#902,#903,#904,#905,#906,#907,
    #908,#909,#910,#911,#912,#913,#914,#915,#916,#917,#918,#919,#920,
    #921,#922,#923,#924,#925,#926,#927,#928,#929,#930,#931,#932,#933,
    #934,#935,#936,#937,#938,#939,#940,#941,#942,#943,#944,#945,#946,
    #947,#948,#949,#950,#951,#952,#953,#954,#955,#956,#957,#958,#959,
    #960,#961,#962,#963,#964,#965,#966,#967,#968,#969,#970,#971,#972,
    #973,#974,#975,#976,#977,#978,#979,#980,#981,#982,#983,#984,#985,
    #986,#987,#988,#989,#990,#991,#992,#993,#994,#995,#996,#997,#998,
    #999,#1000,#1001,#1002,#1003,#1004,#1005,#1006,#1007,#1008,#1009,
    #1010,#1011,#1012),.UNSPECIFIED.,.F.,.F.,(8,6,6,6,6,6,6,6,6,6,6,6,6,
    6,6,6,6,6,6,6,6,6,6,6,6,6,6,6,6,8),(0.,0.322878768103,0.942370486601
    ,0.943342806733,0.944358259392,0.945423152352,0.946386922912,
    0.947441548608,0.948426418842,0.976282079005,0.978063466237,
    0.979711439741,0.981612329438,0.983302611008,0.984839823259,
    0.986259276854,0.987584490062,0.988832060858,0.990014221048,
    0.991140292771,0.992217574143,0.99325190578,0.994248048415,
    0.99520994333,0.9961408972,0.997043716551,0.99792080767,
    0.998774252226,0.99957753462,1.),.UNSPECIFIED.);
#837 = CARTESIAN_POINT('',(64.719936749609,5.34375,-1.272445296002));
#838 = CARTESIAN_POINT('',(65.508279933656,5.746265090182,
    -1.374292404904));
#839 = CARTESIAN_POINT('',(66.302419878802,6.124730879981,
    -1.479089233362));
#840 = CARTESIAN_POINT('',(67.101913633671,6.479555341455,
    -1.585295641865));
#841 = CARTESIAN_POINT('',(67.906381373395,6.811103224899,
    -1.691522244898));
#842 = CARTESIAN_POINT('',(68.715499660629,7.119693710492,
    -1.796509097565));
#843 = CARTESIAN_POINT('',(69.528993658009,7.405597410081,
    -1.899112954251));
#844 = CARTESIAN_POINT('',(71.915383919782,8.174473176726,
    -2.188614384759));
#845 = CARTESIAN_POINT('',(73.500270182345,8.59748866827,-2.366466589778
    ));
#846 = CARTESIAN_POINT('',(75.097913562606,8.938891369784,
    -2.524342364112));
#847 = CARTESIAN_POINT('',(76.705356883124,9.199344603748,
    -2.656285199356));
#848 = CARTESIAN_POINT('',(78.320047287018,9.379286002032,
    -2.758018258231));
#849 = CARTESIAN_POINT('',(79.939718798825,9.478783149702,
    -2.827137941279));
#850 = CARTESIAN_POINT('',(81.564726008455,9.497507063463,-2.86319343077
    ));
#851 = CARTESIAN_POINT('',(81.567272537189,9.497536206343,
    -2.863249851138));
#852 = CARTESIAN_POINT('',(81.569819069584,9.497565150131,
    -2.863306189843));
#853 = CARTESIAN_POINT('',(81.572365605628,9.497593894826,
    -2.863362446881));
#854 = CARTESIAN_POINT('',(81.574912145307,9.497622440427,
    -2.863418622252));
#855 = CARTESIAN_POINT('',(81.57745868861,9.497650786935,-2.863474715955
    ));
#856 = CARTESIAN_POINT('',(81.582664748321,9.497708330392,
    -2.863589224735));
#857 = CARTESIAN_POINT('',(81.585324265058,9.497737509287,
    -2.863647632406));
#858 = CARTESIAN_POINT('',(81.587983785719,9.49776647103,-2.863705950998
    ));
#859 = CARTESIAN_POINT('',(81.590643310289,9.497795215623,
    -2.863764180509));
#860 = CARTESIAN_POINT('',(81.593302838756,9.497823743063,
    -2.863822320937));
#861 = CARTESIAN_POINT('',(81.595962371104,9.497852053351,
    -2.863880372281));
#862 = CARTESIAN_POINT('',(81.601410930886,9.497909607418,
    -2.863999118859));
#863 = CARTESIAN_POINT('',(81.604199958704,9.497938829536,
    -2.864059805206));
#864 = CARTESIAN_POINT('',(81.60698899076,9.497967812841,-2.86412039358)
  );
#865 = CARTESIAN_POINT('',(81.609778027036,9.497996557331,
    -2.864180883977));
#866 = CARTESIAN_POINT('',(81.612567067516,9.498025063005,
    -2.864241276395));
#867 = CARTESIAN_POINT('',(81.615356112184,9.498053329863,
    -2.864301570832));
#868 = CARTESIAN_POINT('',(81.620669361351,9.498106724399,
    -2.864416247478));
#869 = CARTESIAN_POINT('',(81.623193565096,9.498131895279,
    -2.864470647411));
#870 = CARTESIAN_POINT('',(81.625717772245,9.498156870544,
    -2.864524967085));
#871 = CARTESIAN_POINT('',(81.628241982787,9.498181650194,
    -2.864579206499));
#872 = CARTESIAN_POINT('',(81.630766196709,9.498206234228,
    -2.864633365651));
#873 = CARTESIAN_POINT('',(81.633290414,9.498230622646,-2.86468744454));
#874 = CARTESIAN_POINT('',(81.638576814849,9.498281288916,
    -2.864800532266));
#875 = CARTESIAN_POINT('',(81.641338999069,9.498307528147,
    -2.864859525257));
#876 = CARTESIAN_POINT('',(81.644101187293,9.498333533141,
    -2.864918422136));
#877 = CARTESIAN_POINT('',(81.646863379503,9.498359303896,
    -2.864977222899));
#878 = CARTESIAN_POINT('',(81.649625575684,9.498384840413,
    -2.865035927546));
#879 = CARTESIAN_POINT('',(81.652387775821,9.498410142689,
    -2.865094536074));
#880 = CARTESIAN_POINT('',(81.657729485198,9.498458620701,
    -2.865207690739));
#881 = CARTESIAN_POINT('',(81.660308993934,9.498481826398,
    -2.865262249171));
#882 = CARTESIAN_POINT('',(81.662888506092,9.498504827815,
    -2.865316723776));
#883 = CARTESIAN_POINT('',(81.66546802166,9.498527624953,-2.865371114553
    ));
#884 = CARTESIAN_POINT('',(81.668047540625,9.49855021781,-2.865425421499
    ));
#885 = CARTESIAN_POINT('',(81.670627062973,9.498572606386,
    -2.865479644615));
#886 = CARTESIAN_POINT('',(81.746164821467,9.499222242035,-2.86706503685
    ));
#887 = CARTESIAN_POINT('',(81.819125750423,9.499686275967,-2.86852922684
    ));
#888 = CARTESIAN_POINT('',(81.892089082664,9.499986879538,
    -2.869926321666));
#889 = CARTESIAN_POINT('',(81.965054524802,9.500124039329,-2.87125629743
    ));
#890 = CARTESIAN_POINT('',(82.038021782955,9.50009774144,-2.872519138532
    ));
#891 = CARTESIAN_POINT('',(82.110990562746,9.499907971489,
    -2.873714837673));
#892 = CARTESIAN_POINT('',(82.188627047758,9.499532123612,
    -2.874915567873));
#893 = CARTESIAN_POINT('',(82.193293531231,9.499508863999,
    -2.874987465303));
#894 = CARTESIAN_POINT('',(82.197960019645,9.499484935773,
    -2.875059088148));
#895 = CARTESIAN_POINT('',(82.202626512925,9.49946033893,-2.875130436409
    ));
#896 = CARTESIAN_POINT('',(82.207293010993,9.499435073464,
    -2.875201510086));
#897 = CARTESIAN_POINT('',(82.211959513771,9.499409139374,
    -2.875272309179));
#898 = CARTESIAN_POINT('',(82.220943039089,9.499357926296,
    -2.875408076397));
#899 = CARTESIAN_POINT('',(82.22526006096,9.499332743709,-2.87547308411)
  );
#900 = CARTESIAN_POINT('',(82.229577086736,9.499306988892,-2.87553785683
    ));
#901 = CARTESIAN_POINT('',(82.233894116356,9.49928066184,-2.875602394557
    ));
#902 = CARTESIAN_POINT('',(82.238211149758,9.499253762551,
    -2.875666697293));
#903 = CARTESIAN_POINT('',(82.242528186882,9.499226291021,
    -2.875730765037));
#904 = CARTESIAN_POINT('',(82.25182480915,9.499165899566,-2.875868227026
    ));
#905 = CARTESIAN_POINT('',(82.256804395502,9.499132790518,
    -2.875941543607));
#906 = CARTESIAN_POINT('',(82.261783986632,9.499098920098,
    -2.876014547537));
#907 = CARTESIAN_POINT('',(82.266763582446,9.4990642883,-2.876087238818)
  );
#908 = CARTESIAN_POINT('',(82.271743182849,9.49902889512,-2.876159617451
    ));
#909 = CARTESIAN_POINT('',(82.276722787748,9.498992740553,-2.87623168344
    ));
#910 = CARTESIAN_POINT('',(82.286130293022,9.498922998721,
    -2.876367240255));
#911 = CARTESIAN_POINT('',(82.290558192474,9.498889570826,
    -2.876430796522));
#912 = CARTESIAN_POINT('',(82.294986095342,9.498855540905,
    -2.876494105588));
#913 = CARTESIAN_POINT('',(82.299414001559,9.498820908955,
    -2.876557167456));
#914 = CARTESIAN_POINT('',(82.303841911059,9.498785674973,
    -2.876619982126));
#915 = CARTESIAN_POINT('',(82.308269823778,9.498749838955,
    -2.876682549601));
#916 = CARTESIAN_POINT('',(82.316724670216,9.498680262616,
    -2.876801546535));
#917 = CARTESIAN_POINT('',(82.320751603391,9.498646626397,
    -2.876858018739));
#918 = CARTESIAN_POINT('',(82.324778539124,9.498612492239,
    -2.876914286494));
#919 = CARTESIAN_POINT('',(82.328805477364,9.498577860138,
    -2.876970349803));
#920 = CARTESIAN_POINT('',(82.332832418063,9.498542730093,
    -2.877026208668));
#921 = CARTESIAN_POINT('',(82.33685936117,9.498507102101,-2.87708186309)
  );
#922 = CARTESIAN_POINT('',(82.344604766603,9.498437617656,
    -2.877188515289));
#923 = CARTESIAN_POINT('',(82.348323228581,9.498403834573,
    -2.877239543188));
#924 = CARTESIAN_POINT('',(82.352041692531,9.498369626907,
    -2.877290396771));
#925 = CARTESIAN_POINT('',(82.355760158415,9.498334994656,
    -2.877341076039));
#926 = CARTESIAN_POINT('',(82.359478626193,9.498299937819,
    -2.877391580994));
#927 = CARTESIAN_POINT('',(82.363197095827,9.498264456392,
    -2.877441911637));
#928 = CARTESIAN_POINT('',(82.370387161911,9.49819502823,-2.877538894323
    ));
#929 = CARTESIAN_POINT('',(82.373858758128,9.498161136001,
    -2.877585568743));
#930 = CARTESIAN_POINT('',(82.377330355897,9.498126873688,
    -2.877632091232));
#931 = CARTESIAN_POINT('',(82.380801955185,9.498092241287,
    -2.877678461791));
#932 = CARTESIAN_POINT('',(82.384273555962,9.498057238798,
    -2.877724680422));
#933 = CARTESIAN_POINT('',(82.387745158195,9.498021866218,
    -2.877770747126));
#934 = CARTESIAN_POINT('',(82.394484969047,9.497952474989,
    -2.877859886599));
#935 = CARTESIAN_POINT('',(82.397753177505,9.497918498435,-2.87790297665
    ));
#936 = CARTESIAN_POINT('',(82.401021387198,9.497884193883,
    -2.877945932057));
#937 = CARTESIAN_POINT('',(82.404289598101,9.497849561333,
    -2.877988752822));
#938 = CARTESIAN_POINT('',(82.407557810187,9.497814600783,
    -2.878031438946));
#939 = CARTESIAN_POINT('',(82.41082602343,9.49777931223,-2.878073990432)
  );
#940 = CARTESIAN_POINT('',(82.417191098464,9.497709946509,
    -2.878156600196));
#941 = CARTESIAN_POINT('',(82.420287960139,9.497675902833,
    -2.878196672222));
#942 = CARTESIAN_POINT('',(82.423384822806,9.497641564646,-2.87823662336
    ));
#943 = CARTESIAN_POINT('',(82.426481686444,9.497606931946,
    -2.878276453611));
#944 = CARTESIAN_POINT('',(82.429578551028,9.497572004733,
    -2.878316162976));
#945 = CARTESIAN_POINT('',(82.432675416537,9.497536783004,
    -2.878355751457));
#946 = CARTESIAN_POINT('',(82.438722216237,9.49746743561,-2.878432814081
    ));
#947 = CARTESIAN_POINT('',(82.441672150345,9.497433337228,
    -2.878470299425));
#948 = CARTESIAN_POINT('',(82.444622085253,9.497398971613,
    -2.878507675084));
#949 = CARTESIAN_POINT('',(82.447572020939,9.497364338764,
    -2.878544941062));
#950 = CARTESIAN_POINT('',(82.450521957386,9.497329438679,
    -2.878582097358));
#951 = CARTESIAN_POINT('',(82.453471894573,9.497294271359,
    -2.878619143974));
#952 = CARTESIAN_POINT('',(82.459243955702,9.497224937549,
    -2.878691417449));
#953 = CARTESIAN_POINT('',(82.462066079582,9.497190793716,
    -2.878726653606));
#954 = CARTESIAN_POINT('',(82.464888204106,9.4971564053,-2.878761789383)
  );
#955 = CARTESIAN_POINT('',(82.467710329255,9.497121772302,
    -2.878796824783));
#956 = CARTESIAN_POINT('',(82.470532455013,9.497086894719,
    -2.878831759805));
#957 = CARTESIAN_POINT('',(82.473354581363,9.497051772551,
    -2.878866594452));
#958 = CARTESIAN_POINT('',(82.47888632087,9.496982449069,-2.878934678189
    ));
#959 = CARTESIAN_POINT('',(82.481595933983,9.496948266867,
    -2.878967935122));
#960 = CARTESIAN_POINT('',(82.484305547611,9.496913859193,
    -2.879001099527));
#961 = CARTESIAN_POINT('',(82.487015161738,9.496879226045,
    -2.879034171402));
#962 = CARTESIAN_POINT('',(82.48972477635,9.496844367423,-2.87906715075)
  );
#963 = CARTESIAN_POINT('',(82.49243439143,9.496809283325,-2.879100037572
    ));
#964 = CARTESIAN_POINT('',(82.497753579624,9.496739967858,
    -2.879164415353));
#965 = CARTESIAN_POINT('',(82.500363152704,9.49670575283,-2.879195913018
    ));
#966 = CARTESIAN_POINT('',(82.502972726192,9.496671328668,
    -2.879227324865));
#967 = CARTESIAN_POINT('',(82.505582300074,9.496636695371,
    -2.879258650895));
#968 = CARTESIAN_POINT('',(82.508191874337,9.496601852938,
    -2.879289891109));
#969 = CARTESIAN_POINT('',(82.510801448968,9.496566801368,
    -2.879321045508));
#970 = CARTESIAN_POINT('',(82.515930880867,9.49649749223,-2.879382114529
    ));
#971 = CARTESIAN_POINT('',(82.518450738113,9.496463248793,-2.87941203495
    ));
#972 = CARTESIAN_POINT('',(82.520970595676,9.496428810353,
    -2.879441875357));
#973 = CARTESIAN_POINT('',(82.523490453545,9.496394176906,
    -2.879471635752));
#974 = CARTESIAN_POINT('',(82.526010311707,9.496359348454,
    -2.879501316134));
#975 = CARTESIAN_POINT('',(82.528530170151,9.496324324994,
    -2.879530916505));
#976 = CARTESIAN_POINT('',(82.533488831881,9.496255020925,
    -2.879589007653));
#977 = CARTESIAN_POINT('',(82.535927635149,9.496220752659,
    -2.879617503494));
#978 = CARTESIAN_POINT('',(82.538366438658,9.496186301728,-2.87964592439
    ));
#979 = CARTESIAN_POINT('',(82.540805242398,9.496151668133,
    -2.879674270343));
#980 = CARTESIAN_POINT('',(82.543244046357,9.496116851872,
    -2.879702541353));
#981 = CARTESIAN_POINT('',(82.545682850524,9.496081852944,-2.87973073742
    ));
#982 = CARTESIAN_POINT('',(82.550486755721,9.496012552986,-2.87978612982
    ));
#983 = CARTESIAN_POINT('',(82.55285185674,9.495978262828,-2.879813330613
    ));
#984 = CARTESIAN_POINT('',(82.555216957933,9.495943800877,
    -2.879840460927));
#985 = CARTESIAN_POINT('',(82.557582059293,9.495909167132,
    -2.879867520763));
#986 = CARTESIAN_POINT('',(82.559947160807,9.495874361593,
    -2.879894510122));
#987 = CARTESIAN_POINT('',(82.562312262467,9.495839384259,
    -2.879921429004));
#988 = CARTESIAN_POINT('',(82.566975066206,9.495770087668,
    -2.879974360701));
#989 = CARTESIAN_POINT('',(82.569272768277,9.495735778062,
    -2.880000377475));
#990 = CARTESIAN_POINT('',(82.571570470467,9.495701306313,
    -2.880026327733));
#991 = CARTESIAN_POINT('',(82.573868172767,9.495666672419,
    -2.880052211477));
#992 = CARTESIAN_POINT('',(82.576165875166,9.49563187638,-2.880078028708
    ));
#993 = CARTESIAN_POINT('',(82.578463577656,9.495596918196,
    -2.880103779426));
#994 = CARTESIAN_POINT('',(82.582997036251,9.495527624386,
    -2.880154455386));
#995 = CARTESIAN_POINT('',(82.585232792351,9.495493297386,
    -2.880179384166));
#996 = CARTESIAN_POINT('',(82.587468548521,9.495458816865,
    -2.880204249973));
#997 = CARTESIAN_POINT('',(82.58970430475,9.495424182822,-2.880229052808
    ));
#998 = CARTESIAN_POINT('',(82.591940061031,9.495389395257,
    -2.880253792671));
#999 = CARTESIAN_POINT('',(82.594175817356,9.495354454169,
    -2.880278469564));
#1000 = CARTESIAN_POINT('',(82.598515920985,9.495286327671,
    -2.880326250698));
#1001 = CARTESIAN_POINT('',(82.600620268285,9.495253159778,
    -2.880349362124));
#1002 = CARTESIAN_POINT('',(82.602724615609,9.495219855878,
    -2.880372417765));
#1003 = CARTESIAN_POINT('',(82.60482896295,9.495186415971,
    -2.880395417623));
#1004 = CARTESIAN_POINT('',(82.6069333103,9.495152840056,-2.880418361698
    ));
#1005 = CARTESIAN_POINT('',(82.609037657653,9.495119128133,
    -2.880441249989));
#1006 = CARTESIAN_POINT('',(82.612248731488,9.495067478766,
    -2.880476090661));
#1007 = CARTESIAN_POINT('',(82.613355457973,9.495049639711,
    -2.880488083394));
#1008 = CARTESIAN_POINT('',(82.614462184456,9.495031763037,
    -2.880500060698));
#1009 = CARTESIAN_POINT('',(82.615568910936,9.495013848744,
    -2.880512022573));
#1010 = CARTESIAN_POINT('',(82.616675637411,9.494995896831,
    -2.880523969019));
#1011 = CARTESIAN_POINT('',(82.617782363882,9.494977907298,
    -2.880535900037));
#1012 = CARTESIAN_POINT('',(82.618889090345,9.494959880145,
    -2.880547815626));
#1013 = PCURVE('',#158,#1014);
#1014 = DEFINITIONAL_REPRESENTATION('',(#1015),#1019);
#1015 = LINE('',#1016,#1017);
#1016 = CARTESIAN_POINT('',(0.,1.));
#1017 = VECTOR('',#1018,1.);
#1018 = DIRECTION('',(1.,0.));
#1019 = ( GEOMETRIC_REPRESENTATION_CONTEXT(2) 
PARAMETRIC_REPRESENTATION_CONTEXT() REPRESENTATION_CONTEXT('2D SPACE',''
  ) );
#1020 = PCURVE('',#569,#1021);
#1021 = DEFINITIONAL_REPRESENTATION('',(#1022),#1199);
#1022 = B_SPLINE_CURVE_WITH_KNOTS('',7,(#1023,#1024,#1025,#1026,#1027,
    #1028,#1029,#1030,#1031,#1032,#1033,#1034,#1035,#1036,#1037,#1038,
    #1039,#1040,#1041,#1042,#1043,#1044,#1045,#1046,#1047,#1048,#1049,
    #1050,#1051,#1052,#1053,#1054,#1055,#1056,#1057,#1058,#1059,#1060,
    #1061,#1062,#1063,#1064,#1065,#1066,#1067,#1068,#1069,#1070,#1071,
    #1072,#1073,#1074,#1075,#1076,#1077,#1078,#1079,#1080,#1081,#1082,
    #1083,#1084,#1085,#1086,#1087,#1088,#1089,#1090,#1091,#1092,#1093,
    #1094,#1095,#1096,#1097,#1098,#1099,#1100,#1101,#1102,#1103,#1104,
    #1105,#1106,#1107,#1108,#1109,#1110,#1111,#1112,#1113,#1114,#1115,
    #1116,#1117,#1118,#1119,#1120,#1121,#1122,#1123,#1124,#1125,#1126,
    #1127,#1128,#1129,#1130,#1131,#1132,#1133,#1134,#1135,#1136,#1137,
    #1138,#1139,#1140,#1141,#1142,#1143,#1144,#1145,#1146,#1147,#1148,
    #1149,#1150,#1151,#1152,#1153,#1154,#1155,#1156,#1157,#1158,#1159,
    #1160,#1161,#1162,#1163,#1164,#1165,#1166,#1167,#1168,#1169,#1170,
    #1171,#1172,#1173,#1174,#1175,#1176,#1177,#1178,#1179,#1180,#1181,
    #1182,#1183,#1184,#1185,#1186,#1187,#1188,#1189,#1190,#1191,#1192,
    #1193,#1194,#1195,#1196,#1197,#1198),.UNSPECIFIED.,.F.,.F.,(8,6,6,6,
    6,6,6,6,6,6,6,6,6,6,6,6,6,6,6,6,6,6,6,6,6,6,6,6,6,8),(0.,
    0.322878768103,0.942370486601,0.943342806733,0.944358259392,
    0.945423152352,0.946386922912,0.947441548608,0.948426418842,
    0.976282079005,0.978063466237,0.979711439741,0.981612329438,
    0.983302611008,0.984839823259,0.986259276854,0.987584490062,
    0.988832060858,0.990014221048,0.991140292771,0.992217574143,
    0.99325190578,0.994248048415,0.99520994333,0.9961408972,
    0.997043716551,0.99792080767,0.998774252226,0.99957753462,1.),
  .UNSPECIFIED.);
#1023 = CARTESIAN_POINT('',(3.35700473092,-54.29101325204));
#1024 = CARTESIAN_POINT('',(3.37348624885,-55.08101384474));
#1025 = CARTESIAN_POINT('',(3.389052379906,-55.87686179537));
#1026 = CARTESIAN_POINT('',(3.403713271745,-56.67808734088));
#1027 = CARTESIAN_POINT('',(3.417475029924,-57.48428646612));
#1028 = CARTESIAN_POINT('',(3.430340500869,-58.29511379394));
#1029 = CARTESIAN_POINT('',(3.4423098681,-59.11027457645));
#1030 = CARTESIAN_POINT('',(3.474622819987,-61.50135387606));
#1031 = CARTESIAN_POINT('',(3.492570230576,-63.08910270174));
#1032 = CARTESIAN_POINT('',(3.507178358021,-64.68925806535));
#1033 = CARTESIAN_POINT('',(3.518393845762,-66.29875928445));
#1034 = CARTESIAN_POINT('',(3.526169351336,-67.91497924987));
#1035 = CARTESIAN_POINT('',(3.530471489903,-69.53561038266));
#1036 = CARTESIAN_POINT('',(3.531281148215,-71.16099935088));
#1037 = CARTESIAN_POINT('',(3.53128240841,-71.16354647644));
#1038 = CARTESIAN_POINT('',(3.531283659997,-71.16609360423));
#1039 = CARTESIAN_POINT('',(3.531284902976,-71.16864073424));
#1040 = CARTESIAN_POINT('',(3.531286137346,-71.17118786647));
#1041 = CARTESIAN_POINT('',(3.531287363107,-71.17373500089));
#1042 = CARTESIAN_POINT('',(3.531289851407,-71.17894226615));
#1043 = CARTESIAN_POINT('',(3.531291113164,-71.18160239718));
#1044 = CARTESIAN_POINT('',(3.531292365532,-71.18426253058));
#1045 = CARTESIAN_POINT('',(3.53129360851,-71.18692266634));
#1046 = CARTESIAN_POINT('',(3.5312948421,-71.18958280444));
#1047 = CARTESIAN_POINT('',(3.531296066299,-71.19224294486));
#1048 = CARTESIAN_POINT('',(3.531298555067,-71.19769274722));
#1049 = CARTESIAN_POINT('',(3.531299818697,-71.20048240937));
#1050 = CARTESIAN_POINT('',(3.531301072002,-71.20327207406));
#1051 = CARTESIAN_POINT('',(3.531302314981,-71.20606174126));
#1052 = CARTESIAN_POINT('',(3.531303547633,-71.20885141094));
#1053 = CARTESIAN_POINT('',(3.531304769959,-71.21164108311));
#1054 = CARTESIAN_POINT('',(3.531307078867,-71.21695552443));
#1055 = CARTESIAN_POINT('',(3.531308167317,-71.21948029313));
#1056 = CARTESIAN_POINT('',(3.531309247309,-71.22200506384));
#1057 = CARTESIAN_POINT('',(3.531310318842,-71.22452983654));
#1058 = CARTESIAN_POINT('',(3.531311381917,-71.22705461122));
#1059 = CARTESIAN_POINT('',(3.531312436533,-71.22957938787));
#1060 = CARTESIAN_POINT('',(3.531314627471,-71.23486695723));
#1061 = CARTESIAN_POINT('',(3.531315762123,-71.23762975032));
#1062 = CARTESIAN_POINT('',(3.531316886646,-71.24039254574));
#1063 = CARTESIAN_POINT('',(3.53131800104,-71.24315534347));
#1064 = CARTESIAN_POINT('',(3.531319105306,-71.2459181435));
#1065 = CARTESIAN_POINT('',(3.531320199444,-71.2486809458));
#1066 = CARTESIAN_POINT('',(3.531322295763,-71.25402381643));
#1067 = CARTESIAN_POINT('',(3.531323299239,-71.25660388447));
#1068 = CARTESIAN_POINT('',(3.531324293883,-71.25918395447));
#1069 = CARTESIAN_POINT('',(3.531325279694,-71.26176402641));
#1070 = CARTESIAN_POINT('',(3.531326256671,-71.26434410029));
#1071 = CARTESIAN_POINT('',(3.531327224815,-71.26692417609));
#1072 = CARTESIAN_POINT('',(3.531355316877,-71.34247809873));
#1073 = CARTESIAN_POINT('',(3.531375383354,-71.41545346902));
#1074 = CARTESIAN_POINT('',(3.531388382668,-71.48843007126));
#1075 = CARTESIAN_POINT('',(3.531394314036,-71.56140761168));
#1076 = CARTESIAN_POINT('',(3.531393176785,-71.63438579618));
#1077 = CARTESIAN_POINT('',(3.53138497035,-71.7073643303));
#1078 = CARTESIAN_POINT('',(3.53136871736,-71.78500994653));
#1079 = CARTESIAN_POINT('',(3.531367711533,-71.78967697406));
#1080 = CARTESIAN_POINT('',(3.531366676792,-71.79434400174));
#1081 = CARTESIAN_POINT('',(3.53136561314,-71.79901102949));
#1082 = CARTESIAN_POINT('',(3.531364520574,-71.80367805723));
#1083 = CARTESIAN_POINT('',(3.531363399095,-71.80834508489));
#1084 = CARTESIAN_POINT('',(3.531361184467,-71.81732961144));
#1085 = CARTESIAN_POINT('',(3.531360095487,-71.82164711035));
#1086 = CARTESIAN_POINT('',(3.531358981762,-71.82596460906));
#1087 = CARTESIAN_POINT('',(3.531357843293,-71.83028210752));
#1088 = CARTESIAN_POINT('',(3.531356680078,-71.83459960565));
#1089 = CARTESIAN_POINT('',(3.531355492119,-71.83891710341));
#1090 = CARTESIAN_POINT('',(3.531352880596,-71.8482147088));
#1091 = CARTESIAN_POINT('',(3.531351448854,-71.85319481628));
#1092 = CARTESIAN_POINT('',(3.531349984188,-71.85817492309));
#1093 = CARTESIAN_POINT('',(3.5313484866,-71.86315502913));
#1094 = CARTESIAN_POINT('',(3.531346956087,-71.86813513429));
#1095 = CARTESIAN_POINT('',(3.531345392652,-71.8731152385));
#1096 = CARTESIAN_POINT('',(3.5313423768,-71.88252367676));
#1097 = CARTESIAN_POINT('',(3.531340931277,-71.88695201103));
#1098 = CARTESIAN_POINT('',(3.53133945972,-71.8913803444));
#1099 = CARTESIAN_POINT('',(3.531337962131,-71.89580867681));
#1100 = CARTESIAN_POINT('',(3.53133643851,-71.90023700818));
#1101 = CARTESIAN_POINT('',(3.531334888856,-71.90466533846));
#1102 = CARTESIAN_POINT('',(3.531331880174,-71.91312097397));
#1103 = CARTESIAN_POINT('',(3.531330425648,-71.9171482794));
#1104 = CARTESIAN_POINT('',(3.53132894959,-71.92117558382));
#1105 = CARTESIAN_POINT('',(3.531327452002,-71.92520288718));
#1106 = CARTESIAN_POINT('',(3.531325932881,-71.92923018942));
#1107 = CARTESIAN_POINT('',(3.531324392229,-71.93325749051));
#1108 = CARTESIAN_POINT('',(3.531321387534,-71.94100357762));
#1109 = CARTESIAN_POINT('',(3.531319926664,-71.94472236382));
#1110 = CARTESIAN_POINT('',(3.531318447434,-71.94844114894));
#1111 = CARTESIAN_POINT('',(3.531316949845,-71.95215993296));
#1112 = CARTESIAN_POINT('',(3.531315433897,-71.95587871583));
#1113 = CARTESIAN_POINT('',(3.53131389959,-71.95959749752));
#1114 = CARTESIAN_POINT('',(3.531310897341,-71.9667881611));
#1115 = CARTESIAN_POINT('',(3.531309431757,-71.97026004316));
#1116 = CARTESIAN_POINT('',(3.531307950171,-71.97373192412));
#1117 = CARTESIAN_POINT('',(3.531306452582,-71.97720380394));
#1118 = CARTESIAN_POINT('',(3.53130493899,-71.9806756826));
#1119 = CARTESIAN_POINT('',(3.531303409396,-71.98414756007));
#1120 = CARTESIAN_POINT('',(3.531300408758,-71.99088790011));
#1121 = CARTESIAN_POINT('',(3.531298939534,-71.99415636283));
#1122 = CARTESIAN_POINT('',(3.531297456127,-71.99742482444));
#1123 = CARTESIAN_POINT('',(3.531295958538,-72.0006932849));
#1124 = CARTESIAN_POINT('',(3.531294446767,-72.0039617442));
#1125 = CARTESIAN_POINT('',(3.531292920813,-72.0072302023));
#1126 = CARTESIAN_POINT('',(3.531289921291,-72.01359574964));
#1127 = CARTESIAN_POINT('',(3.53128844917,-72.016692839));
#1128 = CARTESIAN_POINT('',(3.531286964316,-72.01978992725));
#1129 = CARTESIAN_POINT('',(3.531285466727,-72.02288701435));
#1130 = CARTESIAN_POINT('',(3.531283956404,-72.02598410029));
#1131 = CARTESIAN_POINT('',(3.531282433346,-72.02908118505));
#1132 = CARTESIAN_POINT('',(3.531279434629,-72.03512840872));
#1133 = CARTESIAN_POINT('',(3.531277960149,-72.03807854775));
#1134 = CARTESIAN_POINT('',(3.531276474115,-72.04102868566));
#1135 = CARTESIAN_POINT('',(3.531274976526,-72.04397882244));
#1136 = CARTESIAN_POINT('',(3.531273467382,-72.04692895806));
#1137 = CARTESIAN_POINT('',(3.531271946684,-72.04987909251));
#1138 = CARTESIAN_POINT('',(3.531268948568,-72.05565153587));
#1139 = CARTESIAN_POINT('',(3.531267472129,-72.05847384489));
#1140 = CARTESIAN_POINT('',(3.531265985115,-72.06129615279));
#1141 = CARTESIAN_POINT('',(3.531264487526,-72.06411845957));
#1142 = CARTESIAN_POINT('',(3.531262979362,-72.0669407652));
#1143 = CARTESIAN_POINT('',(3.531261460623,-72.06976306968));
#1144 = CARTESIAN_POINT('',(3.531258462965,-72.0752951549));
#1145 = CARTESIAN_POINT('',(3.531256984874,-72.07800493574));
#1146 = CARTESIAN_POINT('',(3.531255497034,-72.08071471548));
#1147 = CARTESIAN_POINT('',(3.531253999445,-72.0834244941));
#1148 = CARTESIAN_POINT('',(3.531252492107,-72.0861342716));
#1149 = CARTESIAN_POINT('',(3.53125097502,-72.08884404794));
#1150 = CARTESIAN_POINT('',(3.531247977723,-72.09416354955));
#1151 = CARTESIAN_POINT('',(3.531246498218,-72.09677327489));
#1152 = CARTESIAN_POINT('',(3.531245009671,-72.09938299913));
#1153 = CARTESIAN_POINT('',(3.531243512082,-72.10199272228));
#1154 = CARTESIAN_POINT('',(3.531242005451,-72.10460244431));
#1155 = CARTESIAN_POINT('',(3.531240489778,-72.10721216521));
#1156 = CARTESIAN_POINT('',(3.531237492767,-72.11234188167));
#1157 = CARTESIAN_POINT('',(3.53123601204,-72.11486187731));
#1158 = CARTESIAN_POINT('',(3.531234522882,-72.11738187188));
#1159 = CARTESIAN_POINT('',(3.531233025293,-72.11990186535));
#1160 = CARTESIAN_POINT('',(3.531231519273,-72.12242185772));
#1161 = CARTESIAN_POINT('',(3.531230004822,-72.12494184898));
#1162 = CARTESIAN_POINT('',(3.531227008043,-72.12990076931));
#1163 = CARTESIAN_POINT('',(3.531225526249,-72.13233969846));
#1164 = CARTESIAN_POINT('',(3.531224036557,-72.13477862654));
#1165 = CARTESIAN_POINT('',(3.531222538968,-72.13721755354));
#1166 = CARTESIAN_POINT('',(3.531221033482,-72.13965647945));
#1167 = CARTESIAN_POINT('',(3.531219520098,-72.14209540427));
#1168 = CARTESIAN_POINT('',(3.531216523509,-72.14689954454));
#1169 = CARTESIAN_POINT('',(3.531215040775,-72.14926476006));
#1170 = CARTESIAN_POINT('',(3.531213550614,-72.15162997453));
#1171 = CARTESIAN_POINT('',(3.531212053025,-72.15399518793));
#1172 = CARTESIAN_POINT('',(3.531210548008,-72.15636040026));
#1173 = CARTESIAN_POINT('',(3.531209035564,-72.1587256115));
#1174 = CARTESIAN_POINT('',(3.531206039135,-72.16338862885));
#1175 = CARTESIAN_POINT('',(3.531204555566,-72.16568643503));
#1176 = CARTESIAN_POINT('',(3.531203064987,-72.16798424016));
#1177 = CARTESIAN_POINT('',(3.531201567398,-72.17028204425));
#1178 = CARTESIAN_POINT('',(3.531200062799,-72.17257984727));
#1179 = CARTESIAN_POINT('',(3.53119855119,-72.17487764922));
#1180 = CARTESIAN_POINT('',(3.531195554893,-72.17941130176));
#1181 = CARTESIAN_POINT('',(3.531194070579,-72.18164715241));
#1182 = CARTESIAN_POINT('',(3.531192579627,-72.18388300203));
#1183 = CARTESIAN_POINT('',(3.531191082038,-72.18611885062));
#1184 = CARTESIAN_POINT('',(3.531189577812,-72.18835469815));
#1185 = CARTESIAN_POINT('',(3.531188066948,-72.19059054463));
#1186 = CARTESIAN_POINT('',(3.531185121139,-72.19493082114));
#1187 = CARTESIAN_POINT('',(3.531183686951,-72.19703525128));
#1188 = CARTESIAN_POINT('',(3.531182246883,-72.19913968048));
#1189 = CARTESIAN_POINT('',(3.531180800935,-72.20124410872));
#1190 = CARTESIAN_POINT('',(3.531179349107,-72.203348536));
#1191 = CARTESIAN_POINT('',(3.531177891399,-72.20545296231));
#1192 = CARTESIAN_POINT('',(3.531175658075,-72.20866415513));
#1193 = CARTESIAN_POINT('',(3.531174886713,-72.20977092236));
#1194 = CARTESIAN_POINT('',(3.531174113724,-72.21087768932));
#1195 = CARTESIAN_POINT('',(3.531173339109,-72.211984456));
#1196 = CARTESIAN_POINT('',(3.531172562868,-72.21309122241));
#1197 = CARTESIAN_POINT('',(3.531171785,-72.21419798855));
#1198 = CARTESIAN_POINT('',(3.531171005506,-72.21530475441));
#1199 = ( GEOMETRIC_REPRESENTATION_CONTEXT(2) 
PARAMETRIC_REPRESENTATION_CONTEXT() REPRESENTATION_CONTEXT('2D SPACE',''
  ) );
#1200 = ORIENTED_EDGE('',*,*,#143,.F.);
#1201 = ADVANCED_FACE('',(#1202),#774,.F.);
#1202 = FACE_BOUND('',#1203,.F.);
#1203 = EDGE_LOOP('',(#1204,#1274,#1331,#1386));
#1204 = ORIENTED_EDGE('',*,*,#1205,.F.);
#1205 = EDGE_CURVE('',#1206,#690,#1208,.T.);
#1206 = VERTEX_POINT('',#1207);
#1207 = CARTESIAN_POINT('',(100.01672175207,11.896944374978,
    -4.777378519242));
#1208 = SURFACE_CURVE('',#1209,(#1237,#1243),.PCURVE_S1.);
#1209 = B_SPLINE_CURVE_WITH_KNOTS('',6,(#1210,#1211,#1212,#1213,#1214,
    #1215,#1216,#1217,#1218,#1219,#1220,#1221,#1222,#1223,#1224,#1225,
    #1226,#1227,#1228,#1229,#1230,#1231,#1232,#1233,#1234,#1235,#1236),
  .UNSPECIFIED.,.F.,.F.,(7,5,5,5,5,7),(0.,0.150222599415,0.410666209091,
    0.572046031151,0.797020756372,1.),.UNSPECIFIED.);
#1210 = CARTESIAN_POINT('',(141.95693139814,-9.353098767503E-02,
    -2.864877724775));
#1211 = CARTESIAN_POINT('',(138.92148502585,1.384054126214,
    -3.074337908948));
#1212 = CARTESIAN_POINT('',(135.8015548074,2.775690756935,
    -3.277254788285));
#1213 = CARTESIAN_POINT('',(132.60011249777,4.074500705913,
    -3.472144834175));
#1214 = CARTESIAN_POINT('',(129.32193226304,5.27494870453,
    -3.657423558652));
#1215 = CARTESIAN_POINT('',(125.97363756341,6.37291125358,
    -3.831506401115));
#1216 = CARTESIAN_POINT('',(116.65242591882,9.087581151421,
    -4.272830540589));
#1217 = CARTESIAN_POINT('',(110.55375321821,10.494563352157,
    -4.514829087358));
#1218 = CARTESIAN_POINT('',(104.31548898202,11.572861058996,
    -4.711196994344));
#1219 = CARTESIAN_POINT('',(97.984467283117,12.330253289392,
    -4.856461199891));
#1220 = CARTESIAN_POINT('',(91.603631002147,12.786017204582,
    -4.947905660354));
#1221 = CARTESIAN_POINT('',(81.248632333656,13.076158278634,
    -5.007853060251));
#1222 = CARTESIAN_POINT('',(77.281063893545,13.08098263253,
    -5.009895657561));
#1223 = CARTESIAN_POINT('',(73.314964329443,12.985502787173,
    -4.990886926624));
#1224 = CARTESIAN_POINT('',(69.356320555148,12.79621145656,
    -4.950934971869));
#1225 = CARTESIAN_POINT('',(65.409689592083,12.519576625548,
    -4.890318799162));
#1226 = CARTESIAN_POINT('',(55.997469902553,11.662958685384,
    -4.696576554829));
#1227 = CARTESIAN_POINT('',(50.54666694281,11.006437342592,
    -4.544299637961));
#1228 = CARTESIAN_POINT('',(45.133741408055,10.208919404851,
    -4.353524177597));
#1229 = CARTESIAN_POINT('',(39.763614319851,9.286037611228,
    -4.125516254626));
#1230 = CARTESIAN_POINT('',(34.438380636511,8.25174458018,-3.86156789943
    ));
#1231 = CARTESIAN_POINT('',(24.392489385944,6.09594975027,
    -3.293148474967));
#1232 = CARTESIAN_POINT('',(19.663994747084,4.992939783127,
    -2.995183104866));
#1233 = CARTESIAN_POINT('',(14.971500751399,3.818611455195,
    -2.669666060926));
#1234 = CARTESIAN_POINT('',(10.313915653549,2.581395247562,
    -2.317334913348));
#1235 = CARTESIAN_POINT('',(5.689210935322,1.289221062033,
    -1.938785011909));
#1236 = CARTESIAN_POINT('',(1.094226755134,-5.0093329737E-02,
    -1.534371314692));
#1237 = PCURVE('',#774,#1238);
#1238 = DEFINITIONAL_REPRESENTATION('',(#1239),#1242);
#1239 = B_SPLINE_CURVE_WITH_KNOTS('',1,(#1240,#1241),.UNSPECIFIED.,.F.,
  .F.,(2,2),(0.309638991173,0.442614386679),.PIECEWISE_BEZIER_KNOTS.);
#1240 = CARTESIAN_POINT('',(1.,0.));
#1241 = CARTESIAN_POINT('',(0.,0.));
#1242 = ( GEOMETRIC_REPRESENTATION_CONTEXT(2) 
PARAMETRIC_REPRESENTATION_CONTEXT() REPRESENTATION_CONTEXT('2D SPACE',''
  ) );
#1243 = PCURVE('',#103,#1244);
#1244 = DEFINITIONAL_REPRESENTATION('',(#1245),#1273);
#1245 = B_SPLINE_CURVE_WITH_KNOTS('',6,(#1246,#1247,#1248,#1249,#1250,
    #1251,#1252,#1253,#1254,#1255,#1256,#1257,#1258,#1259,#1260,#1261,
    #1262,#1263,#1264,#1265,#1266,#1267,#1268,#1269,#1270,#1271,#1272),
  .UNSPECIFIED.,.F.,.F.,(7,5,5,5,5,7),(0.,0.150222599415,0.410666209091,
    0.572046031151,0.797020756372,1.),.UNSPECIFIED.);
#1246 = CARTESIAN_POINT('',(1.,0.405370754337));
#1247 = CARTESIAN_POINT('',(0.977014671915,0.420804402135));
#1248 = CARTESIAN_POINT('',(0.953560498566,0.434795975291));
#1249 = CARTESIAN_POINT('',(0.929679614246,0.447574506475));
#1250 = CARTESIAN_POINT('',(0.905415456572,0.459259667057));
#1251 = CARTESIAN_POINT('',(0.880817179996,0.469924006991));
#1252 = CARTESIAN_POINT('',(0.812816166848,0.496388812347));
#1253 = CARTESIAN_POINT('',(0.768839965738,0.510224355709));
#1254 = CARTESIAN_POINT('',(0.724330953174,0.521295170045));
#1255 = CARTESIAN_POINT('',(0.679540169602,0.529559981829));
#1256 = CARTESIAN_POINT('',(0.634675603897,0.534897928791));
#1257 = CARTESIAN_POINT('',(0.56216796592,0.538468739935));
#1258 = CARTESIAN_POINT('',(0.534457251985,0.538632312464));
#1259 = CARTESIAN_POINT('',(0.506806380322,0.537543720315));
#1260 = CARTESIAN_POINT('',(0.479236442075,0.535138616431));
#1261 = CARTESIAN_POINT('',(0.451760634165,0.531336339521));
#1262 = CARTESIAN_POINT('',(0.38622126478,0.51863542785));
#1263 = CARTESIAN_POINT('',(0.348255525067,0.508319505816));
#1264 = CARTESIAN_POINT('',(0.31049970293,0.494797622571));
#1265 = CARTESIAN_POINT('',(0.272955131403,0.4776880392));
#1266 = CARTESIAN_POINT('',(0.235615851002,0.456486555445));
#1267 = CARTESIAN_POINT('',(0.164966820689,0.40696772064));
#1268 = CARTESIAN_POINT('',(0.131622637099,0.379550525617));
#1269 = CARTESIAN_POINT('',(9.844074377119E-02,0.34766247936));
#1270 = CARTESIAN_POINT('',(6.54267727244E-02,0.310614265736));
#1271 = CARTESIAN_POINT('',(3.259843285769E-02,0.267504861806));
#1272 = CARTESIAN_POINT('',(0.,0.217108483161));
#1273 = ( GEOMETRIC_REPRESENTATION_CONTEXT(2) 
PARAMETRIC_REPRESENTATION_CONTEXT() REPRESENTATION_CONTEXT('2D SPACE',''
  ) );
#1274 = ORIENTED_EDGE('',*,*,#1275,.T.);
#1275 = EDGE_CURVE('',#1206,#1276,#1278,.T.);
#1276 = VERTEX_POINT('',#1277);
#1277 = CARTESIAN_POINT('',(88.300171188117,5.109181390948,
    -1.633884899658));
#1278 = SURFACE_CURVE('',#1279,(#1282,#1289),.PCURVE_S1.);
#1279 = B_SPLINE_CURVE_WITH_KNOTS('',1,(#1280,#1281),.UNSPECIFIED.,.F.,
  .F.,(2,2),(0.,1.),.PIECEWISE_BEZIER_KNOTS.);
#1280 = CARTESIAN_POINT('',(100.01672175207,11.896944374978,
    -4.777378519242));
#1281 = CARTESIAN_POINT('',(88.300171188117,5.109181390948,
    -1.633884899658));
#1282 = PCURVE('',#774,#1283);
#1283 = DEFINITIONAL_REPRESENTATION('',(#1284),#1288);
#1284 = LINE('',#1285,#1286);
#1285 = CARTESIAN_POINT('',(1.,0.));
#1286 = VECTOR('',#1287,1.);
#1287 = DIRECTION('',(0.,1.));
#1288 = ( GEOMETRIC_REPRESENTATION_CONTEXT(2) 
PARAMETRIC_REPRESENTATION_CONTEXT() REPRESENTATION_CONTEXT('2D SPACE',''
  ) );
#1289 = PCURVE('',#1290,#1325);
#1290 = B_SPLINE_SURFACE_WITH_KNOTS('',6,1,(
    (#1291,#1292)
    ,(#1293,#1294)
    ,(#1295,#1296)
    ,(#1297,#1298)
    ,(#1299,#1300)
    ,(#1301,#1302)
    ,(#1303,#1304)
    ,(#1305,#1306)
    ,(#1307,#1308)
    ,(#1309,#1310)
    ,(#1311,#1312)
    ,(#1313,#1314)
    ,(#1315,#1316)
    ,(#1317,#1318)
    ,(#1319,#1320)
    ,(#1321,#1322)
    ,(#1323,#1324
    )),.UNSPECIFIED.,.F.,.F.,.F.,(7,5,5,7),(2,2),(0.,0.426647858005,
    0.517509826805,1.000021278734),(0.,1.),.UNSPECIFIED.);
#1291 = CARTESIAN_POINT('',(100.01672175207,11.896944374978,
    -4.777378519242));
#1292 = CARTESIAN_POINT('',(88.300171188117,5.109181390948,
    -1.633884899658));
#1293 = CARTESIAN_POINT('',(103.20085367334,11.518854739488,
    -4.706543344758));
#1294 = CARTESIAN_POINT('',(88.394744165659,4.770437951175,
    -1.564804226894));
#1295 = CARTESIAN_POINT('',(106.36587338,11.062129654288,-4.622605014098
    ));
#1296 = CARTESIAN_POINT('',(88.482771356258,4.426088779331,
    -1.500311541405));
#1297 = CARTESIAN_POINT('',(109.5062578556,10.52478124966,
    -4.525986124434));
#1298 = CARTESIAN_POINT('',(88.563831712576,4.076515033584,
    -1.44076717133));
#1299 = CARTESIAN_POINT('',(112.61621818466,9.905527648832,
    -4.41726743589));
#1300 = CARTESIAN_POINT('',(88.637544230985,3.722109112616,
    -1.386500138266));
#1301 = CARTESIAN_POINT('',(115.6897757766,9.204039425975,
    -4.297194755717));
#1302 = CARTESIAN_POINT('',(88.703566766322,3.363274638242,
    -1.337806494304));
#1303 = CARTESIAN_POINT('',(119.36638172851,8.254554942797,
    -4.138868866876));
#1304 = CARTESIAN_POINT('',(88.773952920238,2.9231516991,-1.285820136033
    ));
#1305 = CARTESIAN_POINT('',(120.00997674061,8.084161956291,
    -4.110596553211));
#1306 = CARTESIAN_POINT('',(88.785948777633,2.845692554647,
    -1.276956971142));
#1307 = CARTESIAN_POINT('',(120.65158675561,7.910091175802,
    -4.081858731823));
#1308 = CARTESIAN_POINT('',(88.79757895643,2.76805602655,-1.268361078936
    ));
#1309 = CARTESIAN_POINT('',(121.29115295136,7.732354344137,
    -4.052664400293));
#1310 = CARTESIAN_POINT('',(88.808840174096,2.690249146353,
    -1.260035226557));
#1311 = CARTESIAN_POINT('',(121.92861635997,7.550965965328,
    -4.023022865908));
#1312 = CARTESIAN_POINT('',(88.819729327627,2.612278955257,
    -1.251982033284));
#1313 = CARTESIAN_POINT('',(125.93760966483,6.383403865,-3.833212185936)
  );
#1314 = CARTESIAN_POINT('',(88.88607769279,2.119271472079,
    -1.202899509821));
#1315 = CARTESIAN_POINT('',(129.25116766898,5.298139649834,
    -3.661100947232));
#1316 = CARTESIAN_POINT('',(88.931337186998,1.699983887266,
    -1.16935375024));
#1317 = CARTESIAN_POINT('',(132.49617495751,4.11251902338,
    -3.478014178105));
#1318 = CARTESIAN_POINT('',(88.965584125099,1.277345634779,
    -1.143936723981));
#1319 = CARTESIAN_POINT('',(135.66619466897,2.830518971345,
    -3.28548535843));
#1320 = CARTESIAN_POINT('',(88.988523157369,0.85242025797,
    -1.126900505459));
#1321 = CARTESIAN_POINT('',(138.75656450093,1.457472221647,
    -3.085049265677));
#1322 = CARTESIAN_POINT('',(89.,0.426278859096,-1.1183772534));
#1323 = CARTESIAN_POINT('',(141.76435054985,-1.799970281158E-08,
    -2.878145964793));
#1324 = CARTESIAN_POINT('',(89.,7.705669435865E-12,-1.1183772534));
#1325 = DEFINITIONAL_REPRESENTATION('',(#1326),#1330);
#1326 = LINE('',#1327,#1328);
#1327 = CARTESIAN_POINT('',(0.,0.));
#1328 = VECTOR('',#1329,1.);
#1329 = DIRECTION('',(0.,1.));
#1330 = ( GEOMETRIC_REPRESENTATION_CONTEXT(2) 
PARAMETRIC_REPRESENTATION_CONTEXT() REPRESENTATION_CONTEXT('2D SPACE',''
  ) );
#1331 = ORIENTED_EDGE('',*,*,#1332,.T.);
#1332 = EDGE_CURVE('',#1276,#760,#1333,.T.);
#1333 = SURFACE_CURVE('',#1334,(#1355,#1362),.PCURVE_S1.);
#1334 = B_SPLINE_CURVE_WITH_KNOTS('',7,(#1335,#1336,#1337,#1338,#1339,
    #1340,#1341,#1342,#1343,#1344,#1345,#1346,#1347,#1348,#1349,#1350,
    #1351,#1352,#1353,#1354),.UNSPECIFIED.,.F.,.F.,(8,6,6,8),(0.,
    0.364526756224,0.682481679278,1.),.UNSPECIFIED.);
#1335 = CARTESIAN_POINT('',(88.300171188117,5.109181390948,
    -1.633884899658));
#1336 = CARTESIAN_POINT('',(88.188164517041,5.510369193467,
    -1.715699984612));
#1337 = CARTESIAN_POINT('',(88.042689533113,5.90598015622,
    -1.803774933471));
#1338 = CARTESIAN_POINT('',(87.864284734419,6.290141421614,
    -1.896608331573));
#1339 = CARTESIAN_POINT('',(87.654941620615,6.657811960097,
    -1.99220236096));
#1340 = CARTESIAN_POINT('',(87.417529544426,7.005096460411,
    -2.088308892558));
#1341 = CARTESIAN_POINT('',(87.155311818522,7.329070992884,
    -2.182725559759));
#1342 = CARTESIAN_POINT('',(86.624370141551,7.888108445406,
    -2.352591307385));
#1343 = CARTESIAN_POINT('',(86.360678356553,8.129325146098,
    -2.428947836059));
#1344 = CARTESIAN_POINT('',(86.082783025244,8.350053511042,
    -2.501236354307));
#1345 = CARTESIAN_POINT('',(85.792843590827,8.549475516465,
    -2.568283671008));
#1346 = CARTESIAN_POINT('',(85.492968856068,8.727105847604,
    -2.629091957156));
#1347 = CARTESIAN_POINT('',(85.185179275759,8.882716699276,
    -2.682873098003));
#1348 = CARTESIAN_POINT('',(84.558069128344,9.149693911484,
    -2.775175964285));
#1349 = CARTESIAN_POINT('',(84.238773931449,9.261116567218,
    -2.813717196038));
#1350 = CARTESIAN_POINT('',(83.915470313089,9.350547220153,
    -2.844109404573));
#1351 = CARTESIAN_POINT('',(83.590043502291,9.418176813418,
    -2.865997611327));
#1352 = CARTESIAN_POINT('',(83.264316272039,9.464384021589,
    -2.879260171416));
#1353 = CARTESIAN_POINT('',(82.940041677895,9.489728717028,
    -2.884005510378));
#1354 = CARTESIAN_POINT('',(82.618889090345,9.494959880145,
    -2.880547815626));
#1355 = PCURVE('',#774,#1356);
#1356 = DEFINITIONAL_REPRESENTATION('',(#1357),#1361);
#1357 = LINE('',#1358,#1359);
#1358 = CARTESIAN_POINT('',(1.,1.));
#1359 = VECTOR('',#1360,1.);
#1360 = DIRECTION('',(-1.,0.));
#1361 = ( GEOMETRIC_REPRESENTATION_CONTEXT(2) 
PARAMETRIC_REPRESENTATION_CONTEXT() REPRESENTATION_CONTEXT('2D SPACE',''
  ) );
#1362 = PCURVE('',#569,#1363);
#1363 = DEFINITIONAL_REPRESENTATION('',(#1364),#1385);
#1364 = B_SPLINE_CURVE_WITH_KNOTS('',7,(#1365,#1366,#1367,#1368,#1369,
    #1370,#1371,#1372,#1373,#1374,#1375,#1376,#1377,#1378,#1379,#1380,
    #1381,#1382,#1383,#1384),.UNSPECIFIED.,.F.,.F.,(8,6,6,8),(0.,
    0.364526756224,0.682481679278,1.),.UNSPECIFIED.);
#1365 = CARTESIAN_POINT('',(3.347409930369,-77.8739642975));
#1366 = CARTESIAN_POINT('',(3.363803439164,-77.76340255569));
#1367 = CARTESIAN_POINT('',(3.380034524017,-77.61948684811));
#1368 = CARTESIAN_POINT('',(3.395868060653,-77.44272938753));
#1369 = CARTESIAN_POINT('',(3.41109666491,-77.23508650355));
#1370 = CARTESIAN_POINT('',(3.425552211104,-76.99938787662));
#1371 = CARTESIAN_POINT('',(3.439101243824,-76.7388578858));
#1372 = CARTESIAN_POINT('',(3.462582363506,-76.21096163988));
#1373 = CARTESIAN_POINT('',(3.472758860333,-75.94864262159));
#1374 = CARTESIAN_POINT('',(3.48211044021,-75.67205122369));
#1375 = CARTESIAN_POINT('',(3.490591916018,-75.38332608548));
#1376 = CARTESIAN_POINT('',(3.498171860866,-75.08455827402));
#1377 = CARTESIAN_POINT('',(3.504830615078,-74.77775418188));
#1378 = CARTESIAN_POINT('',(3.51628025888,-74.15235045352));
#1379 = CARTESIAN_POINT('',(3.521073520015,-73.83377652407));
#1380 = CARTESIAN_POINT('',(3.524930079727,-73.51105256359));
#1381 = CARTESIAN_POINT('',(3.527851319051,-73.18605731875));
#1382 = CARTESIAN_POINT('',(3.529848929483,-72.86061116192));
#1383 = CARTESIAN_POINT('',(3.530944809989,-72.53646877396));
#1384 = CARTESIAN_POINT('',(3.531171005506,-72.21530475441));
#1385 = ( GEOMETRIC_REPRESENTATION_CONTEXT(2) 
PARAMETRIC_REPRESENTATION_CONTEXT() REPRESENTATION_CONTEXT('2D SPACE',''
  ) );
#1386 = ORIENTED_EDGE('',*,*,#759,.F.);
#1387 = ADVANCED_FACE('',(#1388),#1290,.F.);
#1388 = FACE_BOUND('',#1389,.F.);
#1389 = EDGE_LOOP('',(#1390,#1460,#1517,#1597));
#1390 = ORIENTED_EDGE('',*,*,#1391,.F.);
#1391 = EDGE_CURVE('',#1392,#1206,#1394,.T.);
#1392 = VERTEX_POINT('',#1393);
#1393 = CARTESIAN_POINT('',(141.76435055853,2.946130377391E-22,
    -2.878145964185));
#1394 = SURFACE_CURVE('',#1395,(#1423,#1429),.PCURVE_S1.);
#1395 = B_SPLINE_CURVE_WITH_KNOTS('',6,(#1396,#1397,#1398,#1399,#1400,
    #1401,#1402,#1403,#1404,#1405,#1406,#1407,#1408,#1409,#1410,#1411,
    #1412,#1413,#1414,#1415,#1416,#1417,#1418,#1419,#1420,#1421,#1422),
  .UNSPECIFIED.,.F.,.F.,(7,5,5,5,5,7),(0.,0.150222599415,0.410666209091,
    0.572046031151,0.797020756372,1.),.UNSPECIFIED.);
#1396 = CARTESIAN_POINT('',(141.95693139814,-9.353098767503E-02,
    -2.864877724775));
#1397 = CARTESIAN_POINT('',(138.92148502585,1.384054126214,
    -3.074337908948));
#1398 = CARTESIAN_POINT('',(135.8015548074,2.775690756935,
    -3.277254788285));
#1399 = CARTESIAN_POINT('',(132.60011249777,4.074500705913,
    -3.472144834175));
#1400 = CARTESIAN_POINT('',(129.32193226304,5.27494870453,
    -3.657423558652));
#1401 = CARTESIAN_POINT('',(125.97363756341,6.37291125358,
    -3.831506401115));
#1402 = CARTESIAN_POINT('',(116.65242591882,9.087581151421,
    -4.272830540589));
#1403 = CARTESIAN_POINT('',(110.55375321821,10.494563352157,
    -4.514829087358));
#1404 = CARTESIAN_POINT('',(104.31548898202,11.572861058996,
    -4.711196994344));
#1405 = CARTESIAN_POINT('',(97.984467283117,12.330253289392,
    -4.856461199891));
#1406 = CARTESIAN_POINT('',(91.603631002147,12.786017204582,
    -4.947905660354));
#1407 = CARTESIAN_POINT('',(81.248632333656,13.076158278634,
    -5.007853060251));
#1408 = CARTESIAN_POINT('',(77.281063893545,13.08098263253,
    -5.009895657561));
#1409 = CARTESIAN_POINT('',(73.314964329443,12.985502787173,
    -4.990886926624));
#1410 = CARTESIAN_POINT('',(69.356320555148,12.79621145656,
    -4.950934971869));
#1411 = CARTESIAN_POINT('',(65.409689592083,12.519576625548,
    -4.890318799162));
#1412 = CARTESIAN_POINT('',(55.997469902553,11.662958685384,
    -4.696576554829));
#1413 = CARTESIAN_POINT('',(50.54666694281,11.006437342592,
    -4.544299637961));
#1414 = CARTESIAN_POINT('',(45.133741408055,10.208919404851,
    -4.353524177597));
#1415 = CARTESIAN_POINT('',(39.763614319851,9.286037611228,
    -4.125516254626));
#1416 = CARTESIAN_POINT('',(34.438380636511,8.25174458018,-3.86156789943
    ));
#1417 = CARTESIAN_POINT('',(24.392489385944,6.09594975027,
    -3.293148474967));
#1418 = CARTESIAN_POINT('',(19.663994747084,4.992939783127,
    -2.995183104866));
#1419 = CARTESIAN_POINT('',(14.971500751399,3.818611455195,
    -2.669666060926));
#1420 = CARTESIAN_POINT('',(10.313915653549,2.581395247562,
    -2.317334913348));
#1421 = CARTESIAN_POINT('',(5.689210935322,1.289221062033,
    -1.938785011909));
#1422 = CARTESIAN_POINT('',(1.094226755134,-5.0093329737E-02,
    -1.534371314692));
#1423 = PCURVE('',#1290,#1424);
#1424 = DEFINITIONAL_REPRESENTATION('',(#1425),#1428);
#1425 = B_SPLINE_CURVE_WITH_KNOTS('',1,(#1426,#1427),.UNSPECIFIED.,.F.,
  .F.,(2,2),(1.587287264286E-03,0.309638991173),
  .PIECEWISE_BEZIER_KNOTS.);
#1426 = CARTESIAN_POINT('',(1.000021278734,0.));
#1427 = CARTESIAN_POINT('',(0.,0.));
#1428 = ( GEOMETRIC_REPRESENTATION_CONTEXT(2) 
PARAMETRIC_REPRESENTATION_CONTEXT() REPRESENTATION_CONTEXT('2D SPACE',''
  ) );
#1429 = PCURVE('',#103,#1430);
#1430 = DEFINITIONAL_REPRESENTATION('',(#1431),#1459);
#1431 = B_SPLINE_CURVE_WITH_KNOTS('',6,(#1432,#1433,#1434,#1435,#1436,
    #1437,#1438,#1439,#1440,#1441,#1442,#1443,#1444,#1445,#1446,#1447,
    #1448,#1449,#1450,#1451,#1452,#1453,#1454,#1455,#1456,#1457,#1458),
  .UNSPECIFIED.,.F.,.F.,(7,5,5,5,5,7),(0.,0.150222599415,0.410666209091,
    0.572046031151,0.797020756372,1.),.UNSPECIFIED.);
#1432 = CARTESIAN_POINT('',(1.,0.405370754337));
#1433 = CARTESIAN_POINT('',(0.977014671915,0.420804402135));
#1434 = CARTESIAN_POINT('',(0.953560498566,0.434795975291));
#1435 = CARTESIAN_POINT('',(0.929679614246,0.447574506475));
#1436 = CARTESIAN_POINT('',(0.905415456572,0.459259667057));
#1437 = CARTESIAN_POINT('',(0.880817179996,0.469924006991));
#1438 = CARTESIAN_POINT('',(0.812816166848,0.496388812347));
#1439 = CARTESIAN_POINT('',(0.768839965738,0.510224355709));
#1440 = CARTESIAN_POINT('',(0.724330953174,0.521295170045));
#1441 = CARTESIAN_POINT('',(0.679540169602,0.529559981829));
#1442 = CARTESIAN_POINT('',(0.634675603897,0.534897928791));
#1443 = CARTESIAN_POINT('',(0.56216796592,0.538468739935));
#1444 = CARTESIAN_POINT('',(0.534457251985,0.538632312464));
#1445 = CARTESIAN_POINT('',(0.506806380322,0.537543720315));
#1446 = CARTESIAN_POINT('',(0.479236442075,0.535138616431));
#1447 = CARTESIAN_POINT('',(0.451760634165,0.531336339521));
#1448 = CARTESIAN_POINT('',(0.38622126478,0.51863542785));
#1449 = CARTESIAN_POINT('',(0.348255525067,0.508319505816));
#1450 = CARTESIAN_POINT('',(0.31049970293,0.494797622571));
#1451 = CARTESIAN_POINT('',(0.272955131403,0.4776880392));
#1452 = CARTESIAN_POINT('',(0.235615851002,0.456486555445));
#1453 = CARTESIAN_POINT('',(0.164966820689,0.40696772064));
#1454 = CARTESIAN_POINT('',(0.131622637099,0.379550525617));
#1455 = CARTESIAN_POINT('',(9.844074377119E-02,0.34766247936));
#1456 = CARTESIAN_POINT('',(6.54267727244E-02,0.310614265736));
#1457 = CARTESIAN_POINT('',(3.259843285769E-02,0.267504861806));
#1458 = CARTESIAN_POINT('',(0.,0.217108483161));
#1459 = ( GEOMETRIC_REPRESENTATION_CONTEXT(2) 
PARAMETRIC_REPRESENTATION_CONTEXT() REPRESENTATION_CONTEXT('2D SPACE',''
  ) );
#1460 = ORIENTED_EDGE('',*,*,#1461,.T.);
#1461 = EDGE_CURVE('',#1392,#1462,#1464,.T.);
#1462 = VERTEX_POINT('',#1463);
#1463 = CARTESIAN_POINT('',(89.,1.926474436217E-11,-1.1183772534));
#1464 = SURFACE_CURVE('',#1465,(#1468,#1475),.PCURVE_S1.);
#1465 = B_SPLINE_CURVE_WITH_KNOTS('',1,(#1466,#1467),.UNSPECIFIED.,.F.,
  .F.,(2,2),(0.,1.),.PIECEWISE_BEZIER_KNOTS.);
#1466 = CARTESIAN_POINT('',(141.76435054985,-1.799970281158E-08,
    -2.878145964793));
#1467 = CARTESIAN_POINT('',(89.,7.705669435865E-12,-1.1183772534));
#1468 = PCURVE('',#1290,#1469);
#1469 = DEFINITIONAL_REPRESENTATION('',(#1470),#1474);
#1470 = LINE('',#1471,#1472);
#1471 = CARTESIAN_POINT('',(1.000021278734,0.));
#1472 = VECTOR('',#1473,1.);
#1473 = DIRECTION('',(0.,1.));
#1474 = ( GEOMETRIC_REPRESENTATION_CONTEXT(2) 
PARAMETRIC_REPRESENTATION_CONTEXT() REPRESENTATION_CONTEXT('2D SPACE',''
  ) );
#1475 = PCURVE('',#1476,#1511);
#1476 = B_SPLINE_SURFACE_WITH_KNOTS('',6,1,(
    (#1477,#1478)
    ,(#1479,#1480)
    ,(#1481,#1482)
    ,(#1483,#1484)
    ,(#1485,#1486)
    ,(#1487,#1488)
    ,(#1489,#1490)
    ,(#1491,#1492)
    ,(#1493,#1494)
    ,(#1495,#1496)
    ,(#1497,#1498)
    ,(#1499,#1500)
    ,(#1501,#1502)
    ,(#1503,#1504)
    ,(#1505,#1506)
    ,(#1507,#1508)
    ,(#1509,#1510
    )),.UNSPECIFIED.,.F.,.F.,.F.,(7,5,5,7),(2,2),(1.000021278734,
    1.482522463645,1.554618466772,2.000021278734),(0.,1.),
  .UNSPECIFIED.);
#1477 = CARTESIAN_POINT('',(141.76435054985,1.799970567908E-08,
    -2.878145964793));
#1478 = CARTESIAN_POINT('',(89.,7.705669435865E-12,-1.1183772534));
#1479 = CARTESIAN_POINT('',(138.75656450093,-1.457472221647,
    -3.085049265677));
#1480 = CARTESIAN_POINT('',(89.,-0.426269788607,-1.1183772534));
#1481 = CARTESIAN_POINT('',(135.66619466897,-2.830518971345,
    -3.28548535843));
#1482 = CARTESIAN_POINT('',(88.988523669887,-0.852416225141,
    -1.126900143083));
#1483 = CARTESIAN_POINT('',(132.49617495751,-4.11251902338,
    -3.478014178105));
#1484 = CARTESIAN_POINT('',(88.965584164224,-1.277353543642,
    -1.143936695404));
#1485 = CARTESIAN_POINT('',(129.25116766898,-5.298139649834,
    -3.661100947232));
#1486 = CARTESIAN_POINT('',(88.931335686279,-1.700003278797,
    -1.169354843921));
#1487 = CARTESIAN_POINT('',(125.93760966483,-6.383403865,-3.833212185936
    ));
#1488 = CARTESIAN_POINT('',(88.886074851835,-2.119294369387,
    -1.20290161191));
#1489 = CARTESIAN_POINT('',(122.0598161641,-7.512755894314,
    -4.016811051086));
#1490 = CARTESIAN_POINT('',(88.821899437961,-2.596153552953,
    -1.250376657819));
#1491 = CARTESIAN_POINT('',(121.55435327381,-7.657280222918,
    -4.040402847523));
#1492 = CARTESIAN_POINT('',(88.813320785266,-2.658045110825,
    -1.256721455226));
#1493 = CARTESIAN_POINT('',(121.04755875217,-7.799507738832,
    -4.063714326906));
#1494 = CARTESIAN_POINT('',(88.8045075641,-2.719834387243,-1.26323819283
    ));
#1495 = CARTESIAN_POINT('',(120.53946206938,-7.939430895832,
    -4.086740808162));
#1496 = CARTESIAN_POINT('',(88.795461315324,-2.781517837834,
    -1.269925570435));
#1497 = CARTESIAN_POINT('',(120.03009264161,-8.077043254396,
    -4.109477732421));
#1498 = CARTESIAN_POINT('',(88.786183651569,-2.843091921975,
    -1.276782228676));
#1499 = CARTESIAN_POINT('',(116.36495837499,-9.048187438856,
    -4.270571141138));
#1500 = CARTESIAN_POINT('',(88.71794040598,-3.284254911196,
    -1.327203623391));
#1501 = CARTESIAN_POINT('',(113.16298070801,-9.795634865832,
    -4.398000944433));
#1502 = CARTESIAN_POINT('',(88.65043180704,-3.659678804478,
    -1.377010808468));
#1503 = CARTESIAN_POINT('',(109.92046688524,-10.45341374115,
    -4.513164367068));
#1504 = CARTESIAN_POINT('',(88.574490729975,-4.03034408552,
    -1.432936421374));
#1505 = CARTESIAN_POINT('',(106.64423835027,-11.02180302632,
    -4.615196272134));
#1506 = CARTESIAN_POINT('',(88.490503257774,-4.395783395121,
    -1.494646403574));
#1507 = CARTESIAN_POINT('',(103.34089521875,-11.50222595081,
    -4.703427937625));
#1508 = CARTESIAN_POINT('',(88.398902730381,-4.75554271836,
    -1.56176661027));
#1509 = CARTESIAN_POINT('',(100.0167217517,-11.89694437502,
    -4.777378519251));
#1510 = CARTESIAN_POINT('',(88.300171188117,-5.109181390948,
    -1.633884899658));
#1511 = DEFINITIONAL_REPRESENTATION('',(#1512),#1516);
#1512 = LINE('',#1513,#1514);
#1513 = CARTESIAN_POINT('',(1.000021278734,0.));
#1514 = VECTOR('',#1515,1.);
#1515 = DIRECTION('',(0.,1.));
#1516 = ( GEOMETRIC_REPRESENTATION_CONTEXT(2) 
PARAMETRIC_REPRESENTATION_CONTEXT() REPRESENTATION_CONTEXT('2D SPACE',''
  ) );
#1517 = ORIENTED_EDGE('',*,*,#1518,.T.);
#1518 = EDGE_CURVE('',#1462,#1276,#1519,.T.);
#1519 = SURFACE_CURVE('',#1520,(#1539,#1546),.PCURVE_S1.);
#1520 = B_SPLINE_CURVE_WITH_KNOTS('',5,(#1521,#1522,#1523,#1524,#1525,
    #1526,#1527,#1528,#1529,#1530,#1531,#1532,#1533,#1534,#1535,#1536,
    #1537,#1538),.UNSPECIFIED.,.F.,.F.,(6,4,4,4,6),(0.,0.445402811962,1.
    ,1.573373420729,2.000021278734),.UNSPECIFIED.);
#1521 = CARTESIAN_POINT('',(88.300171188117,-5.109181390948,
    -1.633884899658));
#1522 = CARTESIAN_POINT('',(88.418649038834,-4.684814983843,
    -1.547342952393));
#1523 = CARTESIAN_POINT('',(88.526430367244,-4.25126760076,
    -1.468298129164));
#1524 = CARTESIAN_POINT('',(88.622551092706,-3.809420570279,
    -1.397574713585));
#1525 = CARTESIAN_POINT('',(88.706193235708,-3.360195272876,
    -1.335882998235));
#1526 = CARTESIAN_POINT('',(88.864438805204,-2.337206288882,
    -1.218963554377));
#1527 = CARTESIAN_POINT('',(88.931810151629,-1.759838017066,
    -1.169020050141));
#1528 = CARTESIAN_POINT('',(88.977256733033,-1.175668228991,
    -1.135267526986));
#1529 = CARTESIAN_POINT('',(89.,-0.587956341252,-1.1183772534));
#1530 = CARTESIAN_POINT('',(89.,0.607861968819,-1.1183772534));
#1531 = CARTESIAN_POINT('',(88.975690638672,1.215432780023,
    -1.136430547381));
#1532 = CARTESIAN_POINT('',(88.927121091207,1.819092798073,
    -1.172502617058));
#1533 = CARTESIAN_POINT('',(88.855175793917,2.415267010132,
    -1.225829908184));
#1534 = CARTESIAN_POINT('',(88.691961150256,3.435844278283,
    -1.346378261352));
#1535 = CARTESIAN_POINT('',(88.61033577135,3.865241529782,
    -1.406561076723));
#1536 = CARTESIAN_POINT('',(88.517327653803,4.287788537386,
    -1.474973265937));
#1537 = CARTESIAN_POINT('',(88.413658761168,4.70268926322,
    -1.550988092341));
#1538 = CARTESIAN_POINT('',(88.300171188117,5.109181390948,
    -1.633884899658));
#1539 = PCURVE('',#1290,#1540);
#1540 = DEFINITIONAL_REPRESENTATION('',(#1541),#1545);
#1541 = LINE('',#1542,#1543);
#1542 = CARTESIAN_POINT('',(2.000021278741,1.));
#1543 = VECTOR('',#1544,1.);
#1544 = DIRECTION('',(-1.,0.));
#1545 = ( GEOMETRIC_REPRESENTATION_CONTEXT(2) 
PARAMETRIC_REPRESENTATION_CONTEXT() REPRESENTATION_CONTEXT('2D SPACE',''
  ) );
#1546 = PCURVE('',#569,#1547);
#1547 = DEFINITIONAL_REPRESENTATION('',(#1548),#1596);
#1548 = B_SPLINE_CURVE_WITH_KNOTS('',3,(#1549,#1550,#1551,#1552,#1553,
    #1554,#1555,#1556,#1557,#1558,#1559,#1560,#1561,#1562,#1563,#1564,
    #1565,#1566,#1567,#1568,#1569,#1570,#1571,#1572,#1573,#1574,#1575,
    #1576,#1577,#1578,#1579,#1580,#1581,#1582,#1583,#1584,#1585,#1586,
    #1587,#1588,#1589,#1590,#1591,#1592,#1593,#1594,#1595),
  .UNSPECIFIED.,.F.,.F.,(4,1,1,1,1,1,1,1,1,1,1,1,1,1,1,1,1,1,1,1,1,1,1,1
    ,1,1,1,1,1,1,1,1,1,1,1,1,1,1,1,1,1,1,1,1,4),(0.,4.545502906214E-02,
    9.091005812427E-02,0.136365087186,0.181820116249,0.227275145311,
    0.272730174373,0.318185203435,0.363640232497,0.409095261559,
    0.454550290621,0.500005319684,0.545460348746,0.590915377808,
    0.63637040687,0.681825435932,0.727280464994,0.772735494056,
    0.818190523118,0.863645552181,0.909100581243,0.954555610305,
    1.000010639367,1.045465668429,1.090920697491,1.136375726553,
    1.181830755616,1.227285784678,1.27274081374,1.318195842802,
    1.363650871864,1.409105900926,1.454560929988,1.500015959051,
    1.545470988113,1.590926017175,1.636381046237,1.681836075299,
    1.727291104361,1.772746133423,1.818201162485,1.863656191548,
    1.90911122061,1.954566249672,2.000021278734),.QUASI_UNIFORM_KNOTS.);
#1549 = CARTESIAN_POINT('',(2.935775376811,-77.8739642975));
#1550 = CARTESIAN_POINT('',(2.938724841314,-77.89385633506));
#1551 = CARTESIAN_POINT('',(2.944644363764,-77.93290632581));
#1552 = CARTESIAN_POINT('',(2.953583513574,-77.98922148351));
#1553 = CARTESIAN_POINT('',(2.962580607771,-78.04321851003));
#1554 = CARTESIAN_POINT('',(2.971633751062,-78.09484164889));
#1555 = CARTESIAN_POINT('',(2.98074106423,-78.14403679777));
#1556 = CARTESIAN_POINT('',(2.989900685457,-78.1907517325));
#1557 = CARTESIAN_POINT('',(2.999110768975,-78.23493603241));
#1558 = CARTESIAN_POINT('',(3.008369482482,-78.27654108419));
#1559 = CARTESIAN_POINT('',(3.017675011963,-78.31552007032));
#1560 = CARTESIAN_POINT('',(3.027025537879,-78.35182794083));
#1561 = CARTESIAN_POINT('',(3.036419351242,-78.38542158609));
#1562 = CARTESIAN_POINT('',(3.045852804501,-78.41625356358));
#1563 = CARTESIAN_POINT('',(3.055322354609,-78.44428090558));
#1564 = CARTESIAN_POINT('',(3.064824461857,-78.46946453534));
#1565 = CARTESIAN_POINT('',(3.074355613094,-78.49176941401));
#1566 = CARTESIAN_POINT('',(3.0839123119,-78.51116449183));
#1567 = CARTESIAN_POINT('',(3.093491076326,-78.52762271173));
#1568 = CARTESIAN_POINT('',(3.103088439177,-78.5411209989));
#1569 = CARTESIAN_POINT('',(3.112700930374,-78.55164025414));
#1570 = CARTESIAN_POINT('',(3.122325128261,-78.55916534616));
#1571 = CARTESIAN_POINT('',(3.131957452887,-78.56368510407));
#1572 = CARTESIAN_POINT('',(3.141594922294,-78.56519231057));
#1573 = CARTESIAN_POINT('',(3.151232314669,-78.56368369173));
#1574 = CARTESIAN_POINT('',(3.160864440297,-78.5591626486));
#1575 = CARTESIAN_POINT('',(3.170488345816,-78.55163648984));
#1576 = CARTESIAN_POINT('',(3.18010048099,-78.54111643741));
#1577 = CARTESIAN_POINT('',(3.189697453787,-78.527617635));
#1578 = CARTESIAN_POINT('',(3.199275824051,-78.51115915558));
#1579 = CARTESIAN_POINT('',(3.208832154614,-78.49176400996));
#1580 = CARTESIAN_POINT('',(3.218362994213,-78.46945915204));
#1581 = CARTESIAN_POINT('',(3.227864875916,-78.44427549633));
#1582 = CARTESIAN_POINT('',(3.23733432188,-78.41624788975));
#1583 = CARTESIAN_POINT('',(3.246767807499,-78.385415254));
#1584 = CARTESIAN_POINT('',(3.256161881846,-78.35182009121));
#1585 = CARTESIAN_POINT('',(3.26551270381,-78.3155103663));
#1586 = CARTESIAN_POINT('',(3.274818184509,-78.27653082717));
#1587 = CARTESIAN_POINT('',(3.284076745909,-78.23492575583));
#1588 = CARTESIAN_POINT('',(3.293286554455,-78.19074213483));
#1589 = CARTESIAN_POINT('',(3.302445828371,-78.14402843505));
#1590 = CARTESIAN_POINT('',(3.311552753809,-78.09483495978));
#1591 = CARTESIAN_POINT('',(3.320605506069,-78.04321375245));
#1592 = CARTESIAN_POINT('',(3.329602241918,-77.98921869379));
#1593 = CARTESIAN_POINT('',(3.338541102625,-77.9329052773));
#1594 = CARTESIAN_POINT('',(3.344460503063,-77.89385608069));
#1595 = CARTESIAN_POINT('',(3.347409930369,-77.8739642975));
#1596 = ( GEOMETRIC_REPRESENTATION_CONTEXT(2) 
PARAMETRIC_REPRESENTATION_CONTEXT() REPRESENTATION_CONTEXT('2D SPACE',''
  ) );
#1597 = ORIENTED_EDGE('',*,*,#1275,.F.);
#1598 = ADVANCED_FACE('',(#1599),#1476,.F.);
#1599 = FACE_BOUND('',#1600,.F.);
#1600 = EDGE_LOOP('',(#1601,#1680,#1755,#1835));
#1601 = ORIENTED_EDGE('',*,*,#1602,.T.);
#1602 = EDGE_CURVE('',#1392,#1603,#1605,.T.);
#1603 = VERTEX_POINT('',#1604);
#1604 = CARTESIAN_POINT('',(100.0167217517,-11.89694437502,
    -4.777378519251));
#1605 = SURFACE_CURVE('',#1606,(#1634,#1640),.PCURVE_S1.);
#1606 = B_SPLINE_CURVE_WITH_KNOTS('',6,(#1607,#1608,#1609,#1610,#1611,
    #1612,#1613,#1614,#1615,#1616,#1617,#1618,#1619,#1620,#1621,#1622,
    #1623,#1624,#1625,#1626,#1627,#1628,#1629,#1630,#1631,#1632,#1633),
  .UNSPECIFIED.,.F.,.F.,(7,5,5,5,5,7),(0.,0.150222599415,0.410666209091,
    0.572046031151,0.797020756372,1.),.UNSPECIFIED.);
#1607 = CARTESIAN_POINT('',(141.95693139814,9.353098767503E-02,
    -2.864877724775));
#1608 = CARTESIAN_POINT('',(138.92148502585,-1.384054126214,
    -3.074337908948));
#1609 = CARTESIAN_POINT('',(135.8015548074,-2.775690756935,
    -3.277254788285));
#1610 = CARTESIAN_POINT('',(132.60011249777,-4.074500705913,
    -3.472144834175));
#1611 = CARTESIAN_POINT('',(129.32193226304,-5.27494870453,
    -3.657423558652));
#1612 = CARTESIAN_POINT('',(125.97363756341,-6.37291125358,
    -3.831506401115));
#1613 = CARTESIAN_POINT('',(116.65242591882,-9.087581151421,
    -4.272830540589));
#1614 = CARTESIAN_POINT('',(110.55375321821,-10.49456335215,
    -4.514829087358));
#1615 = CARTESIAN_POINT('',(104.31548898202,-11.57286105899,
    -4.711196994344));
#1616 = CARTESIAN_POINT('',(97.984467283117,-12.33025328939,
    -4.856461199891));
#1617 = CARTESIAN_POINT('',(91.603631002147,-12.78601720458,
    -4.947905660354));
#1618 = CARTESIAN_POINT('',(81.248632333656,-13.07615827863,
    -5.007853060251));
#1619 = CARTESIAN_POINT('',(77.281063893545,-13.08098263253,
    -5.009895657561));
#1620 = CARTESIAN_POINT('',(73.314964329443,-12.98550278717,
    -4.990886926624));
#1621 = CARTESIAN_POINT('',(69.356320555148,-12.79621145656,
    -4.950934971869));
#1622 = CARTESIAN_POINT('',(65.409689592083,-12.51957662554,
    -4.890318799162));
#1623 = CARTESIAN_POINT('',(55.997469902553,-11.66295868538,
    -4.696576554829));
#1624 = CARTESIAN_POINT('',(50.54666694281,-11.00643734259,
    -4.544299637961));
#1625 = CARTESIAN_POINT('',(45.133741408055,-10.20891940485,
    -4.353524177597));
#1626 = CARTESIAN_POINT('',(39.763614319851,-9.286037611228,
    -4.125516254626));
#1627 = CARTESIAN_POINT('',(34.438380636511,-8.25174458018,
    -3.86156789943));
#1628 = CARTESIAN_POINT('',(24.392489385944,-6.09594975027,
    -3.293148474967));
#1629 = CARTESIAN_POINT('',(19.663994747084,-4.992939783127,
    -2.995183104866));
#1630 = CARTESIAN_POINT('',(14.971500751399,-3.818611455195,
    -2.669666060926));
#1631 = CARTESIAN_POINT('',(10.313915653549,-2.581395247562,
    -2.317334913348));
#1632 = CARTESIAN_POINT('',(5.689210935322,-1.289221062033,
    -1.938785011909));
#1633 = CARTESIAN_POINT('',(1.094226755134,5.0093329737E-02,
    -1.534371314692));
#1634 = PCURVE('',#1476,#1635);
#1635 = DEFINITIONAL_REPRESENTATION('',(#1636),#1639);
#1636 = B_SPLINE_CURVE_WITH_KNOTS('',1,(#1637,#1638),.UNSPECIFIED.,.F.,
  .F.,(2,2),(1.587287264286E-03,0.309638991176),
  .PIECEWISE_BEZIER_KNOTS.);
#1637 = CARTESIAN_POINT('',(1.000021278734,0.));
#1638 = CARTESIAN_POINT('',(2.000021278734,0.));
#1639 = ( GEOMETRIC_REPRESENTATION_CONTEXT(2) 
PARAMETRIC_REPRESENTATION_CONTEXT() REPRESENTATION_CONTEXT('2D SPACE',''
  ) );
#1640 = PCURVE('',#1641,#1650);
#1641 = B_SPLINE_SURFACE_WITH_KNOTS('',3,1,(
    (#1642,#1643)
    ,(#1644,#1645)
    ,(#1646,#1647)
    ,(#1648,#1649
    )),.UNSPECIFIED.,.F.,.F.,.F.,(4,4),(2,2),(0.,1.),(0.,1.),
  .PIECEWISE_BEZIER_KNOTS.);
#1642 = CARTESIAN_POINT('',(0.,0.,0.));
#1643 = CARTESIAN_POINT('',(5.04,0.230729490656,-7.067302448752));
#1644 = CARTESIAN_POINT('',(45.073507022604,-14.07098787879,0.));
#1645 = CARTESIAN_POINT('',(46.958361531022,-12.65648320802,
    -9.339665753659));
#1646 = CARTESIAN_POINT('',(99.855342989317,-22.23797724721,0.));
#1647 = CARTESIAN_POINT('',(97.905468980065,-20.1363936454,
    -10.65857577705));
#1648 = CARTESIAN_POINT('',(144.,0.,0.));
#1649 = CARTESIAN_POINT('',(138.96,0.230729490656,-7.067302448752));
#1650 = DEFINITIONAL_REPRESENTATION('',(#1651),#1679);
#1651 = B_SPLINE_CURVE_WITH_KNOTS('',6,(#1652,#1653,#1654,#1655,#1656,
    #1657,#1658,#1659,#1660,#1661,#1662,#1663,#1664,#1665,#1666,#1667,
    #1668,#1669,#1670,#1671,#1672,#1673,#1674,#1675,#1676,#1677,#1678),
  .UNSPECIFIED.,.F.,.F.,(7,5,5,5,5,7),(0.,0.150222599415,0.410666209091,
    0.572046031151,0.797020756372,1.),.UNSPECIFIED.);
#1652 = CARTESIAN_POINT('',(1.,0.405370754337));
#1653 = CARTESIAN_POINT('',(0.977014671915,0.420804402135));
#1654 = CARTESIAN_POINT('',(0.953560498566,0.434795975291));
#1655 = CARTESIAN_POINT('',(0.929679614246,0.447574506475));
#1656 = CARTESIAN_POINT('',(0.905415456572,0.459259667057));
#1657 = CARTESIAN_POINT('',(0.880817179996,0.469924006991));
#1658 = CARTESIAN_POINT('',(0.812816166848,0.496388812347));
#1659 = CARTESIAN_POINT('',(0.768839965738,0.510224355709));
#1660 = CARTESIAN_POINT('',(0.724330953174,0.521295170045));
#1661 = CARTESIAN_POINT('',(0.679540169602,0.529559981829));
#1662 = CARTESIAN_POINT('',(0.634675603897,0.534897928791));
#1663 = CARTESIAN_POINT('',(0.56216796592,0.538468739935));
#1664 = CARTESIAN_POINT('',(0.534457251985,0.538632312464));
#1665 = CARTESIAN_POINT('',(0.506806380322,0.537543720315));
#1666 = CARTESIAN_POINT('',(0.479236442075,0.535138616431));
#1667 = CARTESIAN_POINT('',(0.451760634165,0.531336339521));
#1668 = CARTESIAN_POINT('',(0.38622126478,0.51863542785));
#1669 = CARTESIAN_POINT('',(0.348255525067,0.508319505816));
#1670 = CARTESIAN_POINT('',(0.31049970293,0.494797622571));
#1671 = CARTESIAN_POINT('',(0.272955131403,0.4776880392));
#1672 = CARTESIAN_POINT('',(0.235615851002,0.456486555445));
#1673 = CARTESIAN_POINT('',(0.164966820689,0.40696772064));
#1674 = CARTESIAN_POINT('',(0.131622637099,0.379550525617));
#1675 = CARTESIAN_POINT('',(9.844074377119E-02,0.34766247936));
#1676 = CARTESIAN_POINT('',(6.54267727244E-02,0.310614265736));
#1677 = CARTESIAN_POINT('',(3.259843285769E-02,0.267504861806));
#1678 = CARTESIAN_POINT('',(0.,0.217108483161));
#1679 = ( GEOMETRIC_REPRESENTATION_CONTEXT(2) 
PARAMETRIC_REPRESENTATION_CONTEXT() REPRESENTATION_CONTEXT('2D SPACE',''
  ) );
#1680 = ORIENTED_EDGE('',*,*,#1681,.T.);
#1681 = EDGE_CURVE('',#1603,#1682,#1684,.T.);
#1682 = VERTEX_POINT('',#1683);
#1683 = CARTESIAN_POINT('',(88.300171188117,-5.109181390948,
    -1.633884899658));
#1684 = SURFACE_CURVE('',#1685,(#1688,#1695),.PCURVE_S1.);
#1685 = B_SPLINE_CURVE_WITH_KNOTS('',1,(#1686,#1687),.UNSPECIFIED.,.F.,
  .F.,(2,2),(0.,1.),.PIECEWISE_BEZIER_KNOTS.);
#1686 = CARTESIAN_POINT('',(100.0167217517,-11.89694437502,
    -4.777378519251));
#1687 = CARTESIAN_POINT('',(88.300171188117,-5.109181390948,
    -1.633884899658));
#1688 = PCURVE('',#1476,#1689);
#1689 = DEFINITIONAL_REPRESENTATION('',(#1690),#1694);
#1690 = LINE('',#1691,#1692);
#1691 = CARTESIAN_POINT('',(2.000021278734,0.));
#1692 = VECTOR('',#1693,1.);
#1693 = DIRECTION('',(0.,1.));
#1694 = ( GEOMETRIC_REPRESENTATION_CONTEXT(2) 
PARAMETRIC_REPRESENTATION_CONTEXT() REPRESENTATION_CONTEXT('2D SPACE',''
  ) );
#1695 = PCURVE('',#1696,#1749);
#1696 = B_SPLINE_SURFACE_WITH_KNOTS('',7,1,(
    (#1697,#1698)
    ,(#1699,#1700)
    ,(#1701,#1702)
    ,(#1703,#1704)
    ,(#1705,#1706)
    ,(#1707,#1708)
    ,(#1709,#1710)
    ,(#1711,#1712)
    ,(#1713,#1714)
    ,(#1715,#1716)
    ,(#1717,#1718)
    ,(#1719,#1720)
    ,(#1721,#1722)
    ,(#1723,#1724)
    ,(#1725,#1726)
    ,(#1727,#1728)
    ,(#1729,#1730)
    ,(#1731,#1732)
    ,(#1733,#1734)
    ,(#1735,#1736)
    ,(#1737,#1738)
    ,(#1739,#1740)
    ,(#1741,#1742)
    ,(#1743,#1744)
    ,(#1745,#1746)
    ,(#1747,#1748
    )),.UNSPECIFIED.,.F.,.F.,.F.,(8,6,6,6,8),(2,2),(0.,0.364526756223,
    0.682481679278,0.759743691927,1.),(0.,1.),.UNSPECIFIED.);
#1697 = CARTESIAN_POINT('',(100.0167217517,-11.89694437502,
    -4.777378519251));
#1698 = CARTESIAN_POINT('',(88.300171188117,-5.109181390948,
    -1.633884899658));
#1699 = CARTESIAN_POINT('',(99.010112260688,-12.01647102308,
    -4.799771862459));
#1700 = CARTESIAN_POINT('',(88.188164517041,-5.510369193467,
    -1.715699984612));
#1701 = CARTESIAN_POINT('',(98.001645750045,-12.12835713463,
    -4.820892050322));
#1702 = CARTESIAN_POINT('',(88.042689533113,-5.90598015622,
    -1.803774933471));
#1703 = CARTESIAN_POINT('',(96.99148055902,-12.23265969988,
    -4.840726967412));
#1704 = CARTESIAN_POINT('',(87.864284734419,-6.290141421614,
    -1.896608331573));
#1705 = CARTESIAN_POINT('',(95.979772918191,-12.32944130776,
    -4.859265752579));
#1706 = CARTESIAN_POINT('',(87.654941620616,-6.657811960097,
    -1.99220236096));
#1707 = CARTESIAN_POINT('',(94.966676800847,-12.41876966538,
    -4.876498785535));
#1708 = CARTESIAN_POINT('',(87.417529544425,-7.005096460411,
    -2.088308892558));
#1709 = CARTESIAN_POINT('',(93.952343782179,-12.5007171444,
    -4.892417666651));
#1710 = CARTESIAN_POINT('',(87.155311818522,-7.329070992883,
    -2.182725559759));
#1711 = CARTESIAN_POINT('',(92.051231908468,-12.64046716936,
    -4.919747737973));
#1712 = CARTESIAN_POINT('',(86.624370141551,-7.888108445406,
    -2.352591307385));
#1713 = CARTESIAN_POINT('',(91.164713265474,-12.70001687366,
    -4.931474992833));
#1714 = CARTESIAN_POINT('',(86.360678356553,-8.129325146098,
    -2.428947836059));
#1715 = CARTESIAN_POINT('',(90.277465883462,-12.75406030559,
    -4.942192172697));
#1716 = CARTESIAN_POINT('',(86.082783025244,-8.350053511042,
    -2.501236354307));
#1717 = CARTESIAN_POINT('',(89.389587203535,-12.80265075647,
    -4.951895186623));
#1718 = CARTESIAN_POINT('',(85.792843590827,-8.549475516466,
    -2.568283671008));
#1719 = CARTESIAN_POINT('',(88.501173134616,-12.84584375515,
    -4.96058062099));
#1720 = CARTESIAN_POINT('',(85.492968856068,-8.727105847604,
    -2.629091957156));
#1721 = CARTESIAN_POINT('',(87.612317989761,-12.88369686452,
    -4.968245722902));
#1722 = CARTESIAN_POINT('',(85.185179275759,-8.882716699276,
    -2.682873098003));
#1723 = CARTESIAN_POINT('',(86.507040850644,-12.92418453184,
    -4.976502524833));
#1724 = CARTESIAN_POINT('',(84.7951635619,-9.048756602206,
    -2.740278592767));
#1725 = CARTESIAN_POINT('',(86.290946702135,-12.93178777493,
    -4.978056296368));
#1726 = CARTESIAN_POINT('',(84.718565722271,-9.079915092836,
    -2.75105222407));
#1727 = CARTESIAN_POINT('',(86.074833309856,-12.93908007142,
    -4.979549664909));
#1728 = CARTESIAN_POINT('',(84.641643308405,-9.109772234746,
    -2.761368913455));
#1729 = CARTESIAN_POINT('',(85.858701997506,-12.9460622801,
    -4.980982602394));
#1730 = CARTESIAN_POINT('',(84.564424156763,-9.138328503667,
    -2.771221196634));
#1731 = CARTESIAN_POINT('',(85.642554082956,-12.95273526603,
    -4.982355082975));
#1732 = CARTESIAN_POINT('',(84.486935886315,-9.16558508913,
    -2.780602380172));
#1733 = CARTESIAN_POINT('',(85.426390878204,-12.95909990035,
    -4.983667083009));
#1734 = CARTESIAN_POINT('',(84.409205896683,-9.191543879569,
    -2.78950655229));
#1735 = CARTESIAN_POINT('',(84.537982517633,-12.98399258881,
    -4.988810277418));
#1736 = CARTESIAN_POINT('',(84.088882674438,-9.292902041637,
    -2.824118012112));
#1737 = CARTESIAN_POINT('',(83.865583743221,-12.99985579739,
    -4.992117125489));
#1738 = CARTESIAN_POINT('',(83.844429403732,-9.357072116406,
    -2.845645284029));
#1739 = CARTESIAN_POINT('',(83.193050422533,-13.01277272269,
    -4.994838418331));
#1740 = CARTESIAN_POINT('',(83.598718752122,-9.408795116859,
    -2.86235633809));
#1741 = CARTESIAN_POINT('',(82.520414644966,-13.02276980969,
    -4.996973625154));
#1742 = CARTESIAN_POINT('',(83.352547103803,-9.448212723443,
    -2.874170797416));
#1743 = CARTESIAN_POINT('',(81.847707536278,-13.02987385552,
    -4.998522382892));
#1744 = CARTESIAN_POINT('',(83.106689080569,-9.475527395128,
    -2.881083845485));
#1745 = CARTESIAN_POINT('',(81.174959261805,-13.03411195663,
    -4.99948448782));
#1746 = CARTESIAN_POINT('',(82.861895335898,-9.491001620557,
    -2.883164146469));
#1747 = CARTESIAN_POINT('',(80.502199029511,-13.03551145916,
    -4.99985988718));
#1748 = CARTESIAN_POINT('',(82.618889090345,-9.494959880145,
    -2.880547815626));
#1749 = DEFINITIONAL_REPRESENTATION('',(#1750),#1754);
#1750 = LINE('',#1751,#1752);
#1751 = CARTESIAN_POINT('',(0.,0.));
#1752 = VECTOR('',#1753,1.);
#1753 = DIRECTION('',(0.,1.));
#1754 = ( GEOMETRIC_REPRESENTATION_CONTEXT(2) 
PARAMETRIC_REPRESENTATION_CONTEXT() REPRESENTATION_CONTEXT('2D SPACE',''
  ) );
#1755 = ORIENTED_EDGE('',*,*,#1756,.T.);
#1756 = EDGE_CURVE('',#1682,#1462,#1757,.T.);
#1757 = SURFACE_CURVE('',#1758,(#1777,#1784),.PCURVE_S1.);
#1758 = B_SPLINE_CURVE_WITH_KNOTS('',5,(#1759,#1760,#1761,#1762,#1763,
    #1764,#1765,#1766,#1767,#1768,#1769,#1770,#1771,#1772,#1773,#1774,
    #1775,#1776),.UNSPECIFIED.,.F.,.F.,(6,4,4,4,6),(0.,0.445402811962,1.
    ,1.573373420729,2.000021278734),.UNSPECIFIED.);
#1759 = CARTESIAN_POINT('',(88.300171188117,-5.109181390948,
    -1.633884899658));
#1760 = CARTESIAN_POINT('',(88.418649038834,-4.684814983843,
    -1.547342952393));
#1761 = CARTESIAN_POINT('',(88.526430367244,-4.25126760076,
    -1.468298129164));
#1762 = CARTESIAN_POINT('',(88.622551092706,-3.809420570279,
    -1.397574713585));
#1763 = CARTESIAN_POINT('',(88.706193235708,-3.360195272876,
    -1.335882998235));
#1764 = CARTESIAN_POINT('',(88.864438805204,-2.337206288882,
    -1.218963554377));
#1765 = CARTESIAN_POINT('',(88.931810151629,-1.759838017066,
    -1.169020050141));
#1766 = CARTESIAN_POINT('',(88.977256733033,-1.175668228991,
    -1.135267526986));
#1767 = CARTESIAN_POINT('',(89.,-0.587956341252,-1.1183772534));
#1768 = CARTESIAN_POINT('',(89.,0.607861968819,-1.1183772534));
#1769 = CARTESIAN_POINT('',(88.975690638672,1.215432780023,
    -1.136430547381));
#1770 = CARTESIAN_POINT('',(88.927121091207,1.819092798073,
    -1.172502617058));
#1771 = CARTESIAN_POINT('',(88.855175793917,2.415267010132,
    -1.225829908184));
#1772 = CARTESIAN_POINT('',(88.691961150256,3.435844278283,
    -1.346378261352));
#1773 = CARTESIAN_POINT('',(88.61033577135,3.865241529782,
    -1.406561076723));
#1774 = CARTESIAN_POINT('',(88.517327653803,4.287788537386,
    -1.474973265937));
#1775 = CARTESIAN_POINT('',(88.413658761168,4.70268926322,
    -1.550988092341));
#1776 = CARTESIAN_POINT('',(88.300171188117,5.109181390948,
    -1.633884899658));
#1777 = PCURVE('',#1476,#1778);
#1778 = DEFINITIONAL_REPRESENTATION('',(#1779),#1783);
#1779 = LINE('',#1780,#1781);
#1780 = CARTESIAN_POINT('',(2.000021278734,1.));
#1781 = VECTOR('',#1782,1.);
#1782 = DIRECTION('',(-1.,0.));
#1783 = ( GEOMETRIC_REPRESENTATION_CONTEXT(2) 
PARAMETRIC_REPRESENTATION_CONTEXT() REPRESENTATION_CONTEXT('2D SPACE',''
  ) );
#1784 = PCURVE('',#569,#1785);
#1785 = DEFINITIONAL_REPRESENTATION('',(#1786),#1834);
#1786 = B_SPLINE_CURVE_WITH_KNOTS('',3,(#1787,#1788,#1789,#1790,#1791,
    #1792,#1793,#1794,#1795,#1796,#1797,#1798,#1799,#1800,#1801,#1802,
    #1803,#1804,#1805,#1806,#1807,#1808,#1809,#1810,#1811,#1812,#1813,
    #1814,#1815,#1816,#1817,#1818,#1819,#1820,#1821,#1822,#1823,#1824,
    #1825,#1826,#1827,#1828,#1829,#1830,#1831,#1832,#1833),
  .UNSPECIFIED.,.F.,.F.,(4,1,1,1,1,1,1,1,1,1,1,1,1,1,1,1,1,1,1,1,1,1,1,1
    ,1,1,1,1,1,1,1,1,1,1,1,1,1,1,1,1,1,1,1,1,4),(0.,4.545502906214E-02,
    9.091005812427E-02,0.136365087186,0.181820116249,0.227275145311,
    0.272730174373,0.318185203435,0.363640232497,0.409095261559,
    0.454550290621,0.500005319684,0.545460348746,0.590915377808,
    0.63637040687,0.681825435932,0.727280464994,0.772735494056,
    0.818190523118,0.863645552181,0.909100581243,0.954555610305,
    1.000010639367,1.045465668429,1.090920697491,1.136375726553,
    1.181830755616,1.227285784678,1.27274081374,1.318195842802,
    1.363650871864,1.409105900926,1.454560929988,1.500015959051,
    1.545470988113,1.590926017175,1.636381046237,1.681836075299,
    1.727291104361,1.772746133423,1.818201162485,1.863656191548,
    1.90911122061,1.954566249672,2.000021278734),.QUASI_UNIFORM_KNOTS.);
#1787 = CARTESIAN_POINT('',(2.935775376811,-77.8739642975));
#1788 = CARTESIAN_POINT('',(2.938724841314,-77.89385633506));
#1789 = CARTESIAN_POINT('',(2.944644363764,-77.93290632581));
#1790 = CARTESIAN_POINT('',(2.953583513574,-77.98922148351));
#1791 = CARTESIAN_POINT('',(2.962580607771,-78.04321851003));
#1792 = CARTESIAN_POINT('',(2.971633751062,-78.09484164889));
#1793 = CARTESIAN_POINT('',(2.98074106423,-78.14403679777));
#1794 = CARTESIAN_POINT('',(2.989900685457,-78.1907517325));
#1795 = CARTESIAN_POINT('',(2.999110768975,-78.23493603241));
#1796 = CARTESIAN_POINT('',(3.008369482482,-78.27654108419));
#1797 = CARTESIAN_POINT('',(3.017675011963,-78.31552007032));
#1798 = CARTESIAN_POINT('',(3.027025537879,-78.35182794083));
#1799 = CARTESIAN_POINT('',(3.036419351242,-78.38542158609));
#1800 = CARTESIAN_POINT('',(3.045852804501,-78.41625356358));
#1801 = CARTESIAN_POINT('',(3.055322354609,-78.44428090558));
#1802 = CARTESIAN_POINT('',(3.064824461857,-78.46946453534));
#1803 = CARTESIAN_POINT('',(3.074355613094,-78.49176941401));
#1804 = CARTESIAN_POINT('',(3.0839123119,-78.51116449183));
#1805 = CARTESIAN_POINT('',(3.093491076326,-78.52762271173));
#1806 = CARTESIAN_POINT('',(3.103088439177,-78.5411209989));
#1807 = CARTESIAN_POINT('',(3.112700930374,-78.55164025414));
#1808 = CARTESIAN_POINT('',(3.122325128261,-78.55916534616));
#1809 = CARTESIAN_POINT('',(3.131957452887,-78.56368510407));
#1810 = CARTESIAN_POINT('',(3.141594922294,-78.56519231057));
#1811 = CARTESIAN_POINT('',(3.151232314669,-78.56368369173));
#1812 = CARTESIAN_POINT('',(3.160864440297,-78.5591626486));
#1813 = CARTESIAN_POINT('',(3.170488345816,-78.55163648984));
#1814 = CARTESIAN_POINT('',(3.18010048099,-78.54111643741));
#1815 = CARTESIAN_POINT('',(3.189697453787,-78.527617635));
#1816 = CARTESIAN_POINT('',(3.199275824051,-78.51115915558));
#1817 = CARTESIAN_POINT('',(3.208832154614,-78.49176400996));
#1818 = CARTESIAN_POINT('',(3.218362994213,-78.46945915204));
#1819 = CARTESIAN_POINT('',(3.227864875916,-78.44427549633));
#1820 = CARTESIAN_POINT('',(3.23733432188,-78.41624788975));
#1821 = CARTESIAN_POINT('',(3.246767807499,-78.385415254));
#1822 = CARTESIAN_POINT('',(3.256161881846,-78.35182009121));
#1823 = CARTESIAN_POINT('',(3.26551270381,-78.3155103663));
#1824 = CARTESIAN_POINT('',(3.274818184509,-78.27653082717));
#1825 = CARTESIAN_POINT('',(3.284076745909,-78.23492575583));
#1826 = CARTESIAN_POINT('',(3.293286554455,-78.19074213483));
#1827 = CARTESIAN_POINT('',(3.302445828371,-78.14402843505));
#1828 = CARTESIAN_POINT('',(3.311552753809,-78.09483495978));
#1829 = CARTESIAN_POINT('',(3.320605506069,-78.04321375245));
#1830 = CARTESIAN_POINT('',(3.329602241918,-77.98921869379));
#1831 = CARTESIAN_POINT('',(3.338541102625,-77.9329052773));
#1832 = CARTESIAN_POINT('',(3.344460503063,-77.89385608069));
#1833 = CARTESIAN_POINT('',(3.347409930369,-77.8739642975));
#1834 = ( GEOMETRIC_REPRESENTATION_CONTEXT(2) 
PARAMETRIC_REPRESENTATION_CONTEXT() REPRESENTATION_CONTEXT('2D SPACE',''
  ) );
#1835 = ORIENTED_EDGE('',*,*,#1461,.F.);
#1836 = ADVANCED_FACE('',(#1837),#1696,.F.);
#1837 = FACE_BOUND('',#1838,.F.);
#1838 = EDGE_LOOP('',(#1839,#1909,#2572,#2627));
#1839 = ORIENTED_EDGE('',*,*,#1840,.T.);
#1840 = EDGE_CURVE('',#1603,#1841,#1843,.T.);
#1841 = VERTEX_POINT('',#1842);
#1842 = CARTESIAN_POINT('',(80.502199029511,-13.03551145916,
    -4.99985988718));
#1843 = SURFACE_CURVE('',#1844,(#1872,#1878),.PCURVE_S1.);
#1844 = B_SPLINE_CURVE_WITH_KNOTS('',6,(#1845,#1846,#1847,#1848,#1849,
    #1850,#1851,#1852,#1853,#1854,#1855,#1856,#1857,#1858,#1859,#1860,
    #1861,#1862,#1863,#1864,#1865,#1866,#1867,#1868,#1869,#1870,#1871),
  .UNSPECIFIED.,.F.,.F.,(7,5,5,5,5,7),(0.,0.150222599415,0.410666209091,
    0.572046031151,0.797020756372,1.),.UNSPECIFIED.);
#1845 = CARTESIAN_POINT('',(141.95693139814,9.353098767503E-02,
    -2.864877724775));
#1846 = CARTESIAN_POINT('',(138.92148502585,-1.384054126214,
    -3.074337908948));
#1847 = CARTESIAN_POINT('',(135.8015548074,-2.775690756935,
    -3.277254788285));
#1848 = CARTESIAN_POINT('',(132.60011249777,-4.074500705913,
    -3.472144834175));
#1849 = CARTESIAN_POINT('',(129.32193226304,-5.27494870453,
    -3.657423558652));
#1850 = CARTESIAN_POINT('',(125.97363756341,-6.37291125358,
    -3.831506401115));
#1851 = CARTESIAN_POINT('',(116.65242591882,-9.087581151421,
    -4.272830540589));
#1852 = CARTESIAN_POINT('',(110.55375321821,-10.49456335215,
    -4.514829087358));
#1853 = CARTESIAN_POINT('',(104.31548898202,-11.57286105899,
    -4.711196994344));
#1854 = CARTESIAN_POINT('',(97.984467283117,-12.33025328939,
    -4.856461199891));
#1855 = CARTESIAN_POINT('',(91.603631002147,-12.78601720458,
    -4.947905660354));
#1856 = CARTESIAN_POINT('',(81.248632333656,-13.07615827863,
    -5.007853060251));
#1857 = CARTESIAN_POINT('',(77.281063893545,-13.08098263253,
    -5.009895657561));
#1858 = CARTESIAN_POINT('',(73.314964329443,-12.98550278717,
    -4.990886926624));
#1859 = CARTESIAN_POINT('',(69.356320555148,-12.79621145656,
    -4.950934971869));
#1860 = CARTESIAN_POINT('',(65.409689592083,-12.51957662554,
    -4.890318799162));
#1861 = CARTESIAN_POINT('',(55.997469902553,-11.66295868538,
    -4.696576554829));
#1862 = CARTESIAN_POINT('',(50.54666694281,-11.00643734259,
    -4.544299637961));
#1863 = CARTESIAN_POINT('',(45.133741408055,-10.20891940485,
    -4.353524177597));
#1864 = CARTESIAN_POINT('',(39.763614319851,-9.286037611228,
    -4.125516254626));
#1865 = CARTESIAN_POINT('',(34.438380636511,-8.25174458018,
    -3.86156789943));
#1866 = CARTESIAN_POINT('',(24.392489385944,-6.09594975027,
    -3.293148474967));
#1867 = CARTESIAN_POINT('',(19.663994747084,-4.992939783127,
    -2.995183104866));
#1868 = CARTESIAN_POINT('',(14.971500751399,-3.818611455195,
    -2.669666060926));
#1869 = CARTESIAN_POINT('',(10.313915653549,-2.581395247562,
    -2.317334913348));
#1870 = CARTESIAN_POINT('',(5.689210935322,-1.289221062033,
    -1.938785011909));
#1871 = CARTESIAN_POINT('',(1.094226755134,5.0093329737E-02,
    -1.534371314692));
#1872 = PCURVE('',#1696,#1873);
#1873 = DEFINITIONAL_REPRESENTATION('',(#1874),#1877);
#1874 = B_SPLINE_CURVE_WITH_KNOTS('',1,(#1875,#1876),.UNSPECIFIED.,.F.,
  .F.,(2,2),(0.309638991176,0.44261438668),.PIECEWISE_BEZIER_KNOTS.);
#1875 = CARTESIAN_POINT('',(0.,0.));
#1876 = CARTESIAN_POINT('',(1.,0.));
#1877 = ( GEOMETRIC_REPRESENTATION_CONTEXT(2) 
PARAMETRIC_REPRESENTATION_CONTEXT() REPRESENTATION_CONTEXT('2D SPACE',''
  ) );
#1878 = PCURVE('',#1641,#1879);
#1879 = DEFINITIONAL_REPRESENTATION('',(#1880),#1908);
#1880 = B_SPLINE_CURVE_WITH_KNOTS('',6,(#1881,#1882,#1883,#1884,#1885,
    #1886,#1887,#1888,#1889,#1890,#1891,#1892,#1893,#1894,#1895,#1896,
    #1897,#1898,#1899,#1900,#1901,#1902,#1903,#1904,#1905,#1906,#1907),
  .UNSPECIFIED.,.F.,.F.,(7,5,5,5,5,7),(0.,0.150222599415,0.410666209091,
    0.572046031151,0.797020756372,1.),.UNSPECIFIED.);
#1881 = CARTESIAN_POINT('',(1.,0.405370754337));
#1882 = CARTESIAN_POINT('',(0.977014671915,0.420804402135));
#1883 = CARTESIAN_POINT('',(0.953560498566,0.434795975291));
#1884 = CARTESIAN_POINT('',(0.929679614246,0.447574506475));
#1885 = CARTESIAN_POINT('',(0.905415456572,0.459259667057));
#1886 = CARTESIAN_POINT('',(0.880817179996,0.469924006991));
#1887 = CARTESIAN_POINT('',(0.812816166848,0.496388812347));
#1888 = CARTESIAN_POINT('',(0.768839965738,0.510224355709));
#1889 = CARTESIAN_POINT('',(0.724330953174,0.521295170045));
#1890 = CARTESIAN_POINT('',(0.679540169602,0.529559981829));
#1891 = CARTESIAN_POINT('',(0.634675603897,0.534897928791));
#1892 = CARTESIAN_POINT('',(0.56216796592,0.538468739935));
#1893 = CARTESIAN_POINT('',(0.534457251985,0.538632312464));
#1894 = CARTESIAN_POINT('',(0.506806380322,0.537543720315));
#1895 = CARTESIAN_POINT('',(0.479236442075,0.535138616431));
#1896 = CARTESIAN_POINT('',(0.451760634165,0.531336339521));
#1897 = CARTESIAN_POINT('',(0.38622126478,0.51863542785));
#1898 = CARTESIAN_POINT('',(0.348255525067,0.508319505816));
#1899 = CARTESIAN_POINT('',(0.31049970293,0.494797622571));
#1900 = CARTESIAN_POINT('',(0.272955131403,0.4776880392));
#1901 = CARTESIAN_POINT('',(0.235615851002,0.456486555445));
#1902 = CARTESIAN_POINT('',(0.164966820689,0.40696772064));
#1903 = CARTESIAN_POINT('',(0.131622637099,0.379550525617));
#1904 = CARTESIAN_POINT('',(9.844074377119E-02,0.34766247936));
#1905 = CARTESIAN_POINT('',(6.54267727244E-02,0.310614265736));
#1906 = CARTESIAN_POINT('',(3.259843285769E-02,0.267504861806));
#1907 = CARTESIAN_POINT('',(0.,0.217108483161));
#1908 = ( GEOMETRIC_REPRESENTATION_CONTEXT(2) 
PARAMETRIC_REPRESENTATION_CONTEXT() REPRESENTATION_CONTEXT('2D SPACE',''
  ) );
#1909 = ORIENTED_EDGE('',*,*,#1910,.T.);
#1910 = EDGE_CURVE('',#1841,#1911,#1913,.T.);
#1911 = VERTEX_POINT('',#1912);
#1912 = CARTESIAN_POINT('',(82.618889090345,-9.494959880145,
    -2.880547815626));
#1913 = SURFACE_CURVE('',#1914,(#1917,#1924),.PCURVE_S1.);
#1914 = B_SPLINE_CURVE_WITH_KNOTS('',1,(#1915,#1916),.UNSPECIFIED.,.F.,
  .F.,(2,2),(0.,1.),.PIECEWISE_BEZIER_KNOTS.);
#1915 = CARTESIAN_POINT('',(80.502199029511,-13.03551145916,
    -4.99985988718));
#1916 = CARTESIAN_POINT('',(82.618889090345,-9.494959880145,
    -2.880547815626));
#1917 = PCURVE('',#1696,#1918);
#1918 = DEFINITIONAL_REPRESENTATION('',(#1919),#1923);
#1919 = LINE('',#1920,#1921);
#1920 = CARTESIAN_POINT('',(1.,0.));
#1921 = VECTOR('',#1922,1.);
#1922 = DIRECTION('',(0.,1.));
#1923 = ( GEOMETRIC_REPRESENTATION_CONTEXT(2) 
PARAMETRIC_REPRESENTATION_CONTEXT() REPRESENTATION_CONTEXT('2D SPACE',''
  ) );
#1924 = PCURVE('',#1925,#2566);
#1925 = B_SPLINE_SURFACE_WITH_KNOTS('',7,1,(
    (#1926,#1927)
    ,(#1928,#1929)
    ,(#1930,#1931)
    ,(#1932,#1933)
    ,(#1934,#1935)
    ,(#1936,#1937)
    ,(#1938,#1939)
    ,(#1940,#1941)
    ,(#1942,#1943)
    ,(#1944,#1945)
    ,(#1946,#1947)
    ,(#1948,#1949)
    ,(#1950,#1951)
    ,(#1952,#1953)
    ,(#1954,#1955)
    ,(#1956,#1957)
    ,(#1958,#1959)
    ,(#1960,#1961)
    ,(#1962,#1963)
    ,(#1964,#1965)
    ,(#1966,#1967)
    ,(#1968,#1969)
    ,(#1970,#1971)
    ,(#1972,#1973)
    ,(#1974,#1975)
    ,(#1976,#1977)
    ,(#1978,#1979)
    ,(#1980,#1981)
    ,(#1982,#1983)
    ,(#1984,#1985)
    ,(#1986,#1987)
    ,(#1988,#1989)
    ,(#1990,#1991)
    ,(#1992,#1993)
    ,(#1994,#1995)
    ,(#1996,#1997)
    ,(#1998,#1999)
    ,(#2000,#2001)
    ,(#2002,#2003)
    ,(#2004,#2005)
    ,(#2006,#2007)
    ,(#2008,#2009)
    ,(#2010,#2011)
    ,(#2012,#2013)
    ,(#2014,#2015)
    ,(#2016,#2017)
    ,(#2018,#2019)
    ,(#2020,#2021)
    ,(#2022,#2023)
    ,(#2024,#2025)
    ,(#2026,#2027)
    ,(#2028,#2029)
    ,(#2030,#2031)
    ,(#2032,#2033)
    ,(#2034,#2035)
    ,(#2036,#2037)
    ,(#2038,#2039)
    ,(#2040,#2041)
    ,(#2042,#2043)
    ,(#2044,#2045)
    ,(#2046,#2047)
    ,(#2048,#2049)
    ,(#2050,#2051)
    ,(#2052,#2053)
    ,(#2054,#2055)
    ,(#2056,#2057)
    ,(#2058,#2059)
    ,(#2060,#2061)
    ,(#2062,#2063)
    ,(#2064,#2065)
    ,(#2066,#2067)
    ,(#2068,#2069)
    ,(#2070,#2071)
    ,(#2072,#2073)
    ,(#2074,#2075)
    ,(#2076,#2077)
    ,(#2078,#2079)
    ,(#2080,#2081)
    ,(#2082,#2083)
    ,(#2084,#2085)
    ,(#2086,#2087)
    ,(#2088,#2089)
    ,(#2090,#2091)
    ,(#2092,#2093)
    ,(#2094,#2095)
    ,(#2096,#2097)
    ,(#2098,#2099)
    ,(#2100,#2101)
    ,(#2102,#2103)
    ,(#2104,#2105)
    ,(#2106,#2107)
    ,(#2108,#2109)
    ,(#2110,#2111)
    ,(#2112,#2113)
    ,(#2114,#2115)
    ,(#2116,#2117)
    ,(#2118,#2119)
    ,(#2120,#2121)
    ,(#2122,#2123)
    ,(#2124,#2125)
    ,(#2126,#2127)
    ,(#2128,#2129)
    ,(#2130,#2131)
    ,(#2132,#2133)
    ,(#2134,#2135)
    ,(#2136,#2137)
    ,(#2138,#2139)
    ,(#2140,#2141)
    ,(#2142,#2143)
    ,(#2144,#2145)
    ,(#2146,#2147)
    ,(#2148,#2149)
    ,(#2150,#2151)
    ,(#2152,#2153)
    ,(#2154,#2155)
    ,(#2156,#2157)
    ,(#2158,#2159)
    ,(#2160,#2161)
    ,(#2162,#2163)
    ,(#2164,#2165)
    ,(#2166,#2167)
    ,(#2168,#2169)
    ,(#2170,#2171)
    ,(#2172,#2173)
    ,(#2174,#2175)
    ,(#2176,#2177)
    ,(#2178,#2179)
    ,(#2180,#2181)
    ,(#2182,#2183)
    ,(#2184,#2185)
    ,(#2186,#2187)
    ,(#2188,#2189)
    ,(#2190,#2191)
    ,(#2192,#2193)
    ,(#2194,#2195)
    ,(#2196,#2197)
    ,(#2198,#2199)
    ,(#2200,#2201)
    ,(#2202,#2203)
    ,(#2204,#2205)
    ,(#2206,#2207)
    ,(#2208,#2209)
    ,(#2210,#2211)
    ,(#2212,#2213)
    ,(#2214,#2215)
    ,(#2216,#2217)
    ,(#2218,#2219)
    ,(#2220,#2221)
    ,(#2222,#2223)
    ,(#2224,#2225)
    ,(#2226,#2227)
    ,(#2228,#2229)
    ,(#2230,#2231)
    ,(#2232,#2233)
    ,(#2234,#2235)
    ,(#2236,#2237)
    ,(#2238,#2239)
    ,(#2240,#2241)
    ,(#2242,#2243)
    ,(#2244,#2245)
    ,(#2246,#2247)
    ,(#2248,#2249)
    ,(#2250,#2251)
    ,(#2252,#2253)
    ,(#2254,#2255)
    ,(#2256,#2257)
    ,(#2258,#2259)
    ,(#2260,#2261)
    ,(#2262,#2263)
    ,(#2264,#2265)
    ,(#2266,#2267)
    ,(#2268,#2269)
    ,(#2270,#2271)
    ,(#2272,#2273)
    ,(#2274,#2275)
    ,(#2276,#2277)
    ,(#2278,#2279)
    ,(#2280,#2281)
    ,(#2282,#2283)
    ,(#2284,#2285)
    ,(#2286,#2287)
    ,(#2288,#2289)
    ,(#2290,#2291)
    ,(#2292,#2293)
    ,(#2294,#2295)
    ,(#2296,#2297)
    ,(#2298,#2299)
    ,(#2300,#2301)
    ,(#2302,#2303)
    ,(#2304,#2305)
    ,(#2306,#2307)
    ,(#2308,#2309)
    ,(#2310,#2311)
    ,(#2312,#2313)
    ,(#2314,#2315)
    ,(#2316,#2317)
    ,(#2318,#2319)
    ,(#2320,#2321)
    ,(#2322,#2323)
    ,(#2324,#2325)
    ,(#2326,#2327)
    ,(#2328,#2329)
    ,(#2330,#2331)
    ,(#2332,#2333)
    ,(#2334,#2335)
    ,(#2336,#2337)
    ,(#2338,#2339)
    ,(#2340,#2341)
    ,(#2342,#2343)
    ,(#2344,#2345)
    ,(#2346,#2347)
    ,(#2348,#2349)
    ,(#2350,#2351)
    ,(#2352,#2353)
    ,(#2354,#2355)
    ,(#2356,#2357)
    ,(#2358,#2359)
    ,(#2360,#2361)
    ,(#2362,#2363)
    ,(#2364,#2365)
    ,(#2366,#2367)
    ,(#2368,#2369)
    ,(#2370,#2371)
    ,(#2372,#2373)
    ,(#2374,#2375)
    ,(#2376,#2377)
    ,(#2378,#2379)
    ,(#2380,#2381)
    ,(#2382,#2383)
    ,(#2384,#2385)
    ,(#2386,#2387)
    ,(#2388,#2389)
    ,(#2390,#2391)
    ,(#2392,#2393)
    ,(#2394,#2395)
    ,(#2396,#2397)
    ,(#2398,#2399)
    ,(#2400,#2401)
    ,(#2402,#2403)
    ,(#2404,#2405)
    ,(#2406,#2407)
    ,(#2408,#2409)
    ,(#2410,#2411)
    ,(#2412,#2413)
    ,(#2414,#2415)
    ,(#2416,#2417)
    ,(#2418,#2419)
    ,(#2420,#2421)
    ,(#2422,#2423)
    ,(#2424,#2425)
    ,(#2426,#2427)
    ,(#2428,#2429)
    ,(#2430,#2431)
    ,(#2432,#2433)
    ,(#2434,#2435)
    ,(#2436,#2437)
    ,(#2438,#2439)
    ,(#2440,#2441)
    ,(#2442,#2443)
    ,(#2444,#2445)
    ,(#2446,#2447)
    ,(#2448,#2449)
    ,(#2450,#2451)
    ,(#2452,#2453)
    ,(#2454,#2455)
    ,(#2456,#2457)
    ,(#2458,#2459)
    ,(#2460,#2461)
    ,(#2462,#2463)
    ,(#2464,#2465)
    ,(#2466,#2467)
    ,(#2468,#2469)
    ,(#2470,#2471)
    ,(#2472,#2473)
    ,(#2474,#2475)
    ,(#2476,#2477)
    ,(#2478,#2479)
    ,(#2480,#2481)
    ,(#2482,#2483)
    ,(#2484,#2485)
    ,(#2486,#2487)
    ,(#2488,#2489)
    ,(#2490,#2491)
    ,(#2492,#2493)
    ,(#2494,#2495)
    ,(#2496,#2497)
    ,(#2498,#2499)
    ,(#2500,#2501)
    ,(#2502,#2503)
    ,(#2504,#2505)
    ,(#2506,#2507)
    ,(#2508,#2509)
    ,(#2510,#2511)
    ,(#2512,#2513)
    ,(#2514,#2515)
    ,(#2516,#2517)
    ,(#2518,#2519)
    ,(#2520,#2521)
    ,(#2522,#2523)
    ,(#2524,#2525)
    ,(#2526,#2527)
    ,(#2528,#2529)
    ,(#2530,#2531)
    ,(#2532,#2533)
    ,(#2534,#2535)
    ,(#2536,#2537)
    ,(#2538,#2539)
    ,(#2540,#2541)
    ,(#2542,#2543)
    ,(#2544,#2545)
    ,(#2546,#2547)
    ,(#2548,#2549)
    ,(#2550,#2551)
    ,(#2552,#2553)
    ,(#2554,#2555)
    ,(#2556,#2557)
    ,(#2558,#2559)
    ,(#2560,#2561)
    ,(#2562,#2563)
    ,(#2564,#2565
    )),.UNSPECIFIED.,.F.,.F.,.F.,(8,6,6,6,6,6,6,6,6,6,6,6,6,6,6,6,6,6,6,
    6,6,6,6,6,6,6,6,6,6,6,6,6,6,6,6,6,6,6,6,6,6,6,6,6,6,6,6,6,6,6,6,6,6,
    8),(2,2),(0.,7.752424979979E-04,1.662025217447E-03,
    2.574022415584E-03,3.513515556242E-03,4.381360515287E-03,
    5.380644524117E-03,6.380067835805E-03,7.417396218011E-03,
    8.418637439208E-03,9.203897870899E-03,9.888689894925E-03,
    1.059372399863E-02,1.126818703183E-02,1.20179282043E-02,
    1.282274236116E-02,1.363032779288E-02,1.450244243315E-02,
    1.54159930982E-02,1.657687248642E-02,1.762100899755E-02,
    1.899149241666E-02,2.038935769241E-02,5.898425710699E-02,
    6.019365869833E-02,6.096002334614E-02,6.222998191828E-02,
    6.265987198376E-02,6.347337201481E-02,6.418424017065E-02,
    6.493167646693E-02,6.553249871008E-02,6.619428504761E-02,
    6.68071729335E-02,6.740890617433E-02,6.876592812571E-02,
    7.028093626785E-02,7.094108203388E-02,7.188090550284E-02,
    7.271305221357E-02,7.319270430849E-02,7.380490893748E-02,
    7.459789560472E-02,7.531694740948E-02,7.647291068489E-02,
    7.827224218979E-02,7.914518469266E-02,7.994310552699E-02,
    8.095739002389E-02,8.175339864941E-02,8.253642904717E-02,
    0.60236446274,0.677403889229,1.),(0.,1.),.UNSPECIFIED.);
#1926 = CARTESIAN_POINT('',(80.502199029511,-13.03551145916,
    -4.99985988718));
#1927 = CARTESIAN_POINT('',(82.618889090345,-9.494959880145,
    -2.880547815626));
#1928 = CARTESIAN_POINT('',(80.498691244878,-13.03551875619,
    -4.999861844519));
#1929 = CARTESIAN_POINT('',(82.616858349838,-9.4949929583,
    -2.880525951624));
#1930 = CARTESIAN_POINT('',(80.49518345992,-13.03552597605,
    -4.999863785908));
#1931 = CARTESIAN_POINT('',(82.61482760931,-9.495025909793,
    -2.880504035676));
#1932 = CARTESIAN_POINT('',(80.491675674642,-13.03553311875,
    -4.999865711347));
#1933 = CARTESIAN_POINT('',(82.612796868766,-9.495058734625,
    -2.880482067781));
#1934 = CARTESIAN_POINT('',(80.488167889046,-13.03554018429,
    -4.999867620836));
#1935 = CARTESIAN_POINT('',(82.610766128213,-9.495091432797,
    -2.880460047939));
#1936 = CARTESIAN_POINT('',(80.484660103138,-13.03554717266,
    -4.999869514375));
#1937 = CARTESIAN_POINT('',(82.608735387658,-9.495124004308,
    -2.880437976149));
#1938 = CARTESIAN_POINT('',(80.481152316921,-13.03555408388,
    -4.999871391963));
#1939 = CARTESIAN_POINT('',(82.606704647106,-9.49515644916,
    -2.880415852411));
#1940 = CARTESIAN_POINT('',(80.473632051107,-13.03556873529,
    -4.999875383088));
#1941 = CARTESIAN_POINT('',(82.602350987447,-9.495225735416,
    -2.880368310445));
#1942 = CARTESIAN_POINT('',(80.469619571416,-13.03557645169,
    -4.999877491705));
#1943 = CARTESIAN_POINT('',(82.600028068342,-9.495262537752,
    -2.880342876193));
#1944 = CARTESIAN_POINT('',(80.465607091332,-13.03558406714,
    -4.999879579451));
#1945 = CARTESIAN_POINT('',(82.59770514926,-9.49529917436,
    -2.880317373968));
#1946 = CARTESIAN_POINT('',(80.461594610863,-13.03559158165,
    -4.999881646327));
#1947 = CARTESIAN_POINT('',(82.595382230211,-9.495335645241,
    -2.880291803767));
#1948 = CARTESIAN_POINT('',(80.457582130014,-13.03559899523,
    -4.999883692333));
#1949 = CARTESIAN_POINT('',(82.593059311203,-9.495371950395,
    -2.880266165591));
#1950 = CARTESIAN_POINT('',(80.453569648791,-13.03560630789,
    -4.999885717469));
#1951 = CARTESIAN_POINT('',(82.590736392247,-9.495408089822,
    -2.880240459437));
#1952 = CARTESIAN_POINT('',(80.445430596072,-13.03562093642,
    -4.999889782989));
#1953 = CARTESIAN_POINT('',(82.586024505369,-9.49548106009,
    -2.880188178322));
#1954 = CARTESIAN_POINT('',(80.441304024555,-13.03562824648,
    -4.999891822169));
#1955 = CARTESIAN_POINT('',(82.583635537451,-9.495517881372,
    -2.880161599439));
#1956 = CARTESIAN_POINT('',(80.437177452656,-13.0356354498,
    -4.999893839276));
#1957 = CARTESIAN_POINT('',(82.581246569608,-9.49555452737,
    -2.880134948657));
#1958 = CARTESIAN_POINT('',(80.433050880382,-13.03564254639,
    -4.999895834308));
#1959 = CARTESIAN_POINT('',(82.57885760185,-9.495590998085,
    -2.880108225975));
#1960 = CARTESIAN_POINT('',(80.428924307739,-13.03564953626,
    -4.999897807267));
#1961 = CARTESIAN_POINT('',(82.576468634187,-9.495627293518,
    -2.880081431391));
#1962 = CARTESIAN_POINT('',(80.424797734735,-13.03565641942,
    -4.999899758151));
#1963 = CARTESIAN_POINT('',(82.574079666631,-9.495663413669,
    -2.880054564906));
#1964 = CARTESIAN_POINT('',(80.416420175328,-13.03567017662,
    -4.999903673925));
#1965 = CARTESIAN_POINT('',(82.569229706406,-9.495736387116,
    -2.879999875958));
#1966 = CARTESIAN_POINT('',(80.412169188903,-13.03567704414,
    -4.999905637462));
#1967 = CARTESIAN_POINT('',(82.566768713745,-9.495773229683,
    -2.879972049095));
#1968 = CARTESIAN_POINT('',(80.407918202109,-13.03568379842,
    -4.999907577575));
#1969 = CARTESIAN_POINT('',(82.564307721219,-9.495809886242,
    -2.879944145928));
#1970 = CARTESIAN_POINT('',(80.403667214953,-13.03569043947,
    -4.999909494262));
#1971 = CARTESIAN_POINT('',(82.561846728839,-9.495846356791,
    -2.879916166454));
#1972 = CARTESIAN_POINT('',(80.399416227443,-13.03569696731,
    -4.999911387524));
#1973 = CARTESIAN_POINT('',(82.559385736616,-9.495882641333,
    -2.879888110672));
#1974 = CARTESIAN_POINT('',(80.395165239585,-13.03570338193,
    -4.999913257362));
#1975 = CARTESIAN_POINT('',(82.556924744562,-9.495918739868,
    -2.879859978583));
#1976 = CARTESIAN_POINT('',(80.386987454567,-13.03571550421,
    -4.999916809374));
#1977 = CARTESIAN_POINT('',(82.552190442431,-9.495987826142,
    -2.879805713032));
#1978 = CARTESIAN_POINT('',(80.383060657456,-13.03572122847,
    -4.999918494985));
#1979 = CARTESIAN_POINT('',(82.549917132328,-9.49602084117,
    -2.879779590766));
#1980 = CARTESIAN_POINT('',(80.37913386006,-13.03572685613,
    -4.999920160609));
#1981 = CARTESIAN_POINT('',(82.547643822388,-9.496053697481,
    -2.879753403385));
#1982 = CARTESIAN_POINT('',(80.375207062387,-13.03573238721,
    -4.999921806243));
#1983 = CARTESIAN_POINT('',(82.545370512618,-9.496086395075,
    -2.879727150888));
#1984 = CARTESIAN_POINT('',(80.37128026444,-13.03573782172,
    -4.999923431889));
#1985 = CARTESIAN_POINT('',(82.54309720303,-9.496118933952,
    -2.879700833276));
#1986 = CARTESIAN_POINT('',(80.367353466227,-13.03574315964,
    -4.999925037547));
#1987 = CARTESIAN_POINT('',(82.54082389363,-9.496151314114,
    -2.879674450546));
#1988 = CARTESIAN_POINT('',(80.358905137864,-13.03575443618,
    -4.999928449043));
#1989 = CARTESIAN_POINT('',(82.535932972251,-9.496220637091,
    -2.879617549206));
#1990 = CARTESIAN_POINT('',(80.354383607629,-13.03576034333,
    -4.999930248367));
#1991 = CARTESIAN_POINT('',(82.533315360337,-9.49625752819,
    -2.879587009377));
#1992 = CARTESIAN_POINT('',(80.349862077057,-13.03576612244,
    -4.99993202119));
#1993 = CARTESIAN_POINT('',(82.5306977487,-9.496294208857,
    -2.879556383211));
#1994 = CARTESIAN_POINT('',(80.345340546156,-13.03577177354,
    -4.999933767511));
#1995 = CARTESIAN_POINT('',(82.528080137352,-9.496330679093,
    -2.879525670707));
#1996 = CARTESIAN_POINT('',(80.340819014936,-13.03577729663,
    -4.999935487331));
#1997 = CARTESIAN_POINT('',(82.525462526307,-9.496366938899,
    -2.879494871863));
#1998 = CARTESIAN_POINT('',(80.336297483405,-13.03578269171,
    -4.999937180648));
#1999 = CARTESIAN_POINT('',(82.52284491558,-9.496402988275,
    -2.879463986679));
#2000 = CARTESIAN_POINT('',(80.327253789425,-13.03579322662,
    -4.999940514513));
#2001 = CARTESIAN_POINT('',(82.517609329885,-9.496474671168,
    -2.879402039311));
#2002 = CARTESIAN_POINT('',(80.322731626976,-13.03579836641,
    -4.999942155052));
#2003 = CARTESIAN_POINT('',(82.514991354917,-9.496510304625,
    -2.879370977103));
#2004 = CARTESIAN_POINT('',(80.318209464234,-13.03580337817,
    -4.999943769082));
#2005 = CARTESIAN_POINT('',(82.512373380294,-9.496545727595,
    -2.879339828529));
#2006 = CARTESIAN_POINT('',(80.313687301208,-13.03580826193,
    -4.999945356603));
#2007 = CARTESIAN_POINT('',(82.509755406029,-9.49658094008,
    -2.879308593586));
#2008 = CARTESIAN_POINT('',(80.309165137906,-13.03581301767,
    -4.999946917615));
#2009 = CARTESIAN_POINT('',(82.507137432136,-9.49661594208,
    -2.879277272276));
#2010 = CARTESIAN_POINT('',(80.304642974337,-13.03581764542,
    -4.999948452118));
#2011 = CARTESIAN_POINT('',(82.504519458628,-9.496650733596,
    -2.879245864595));
#2012 = CARTESIAN_POINT('',(80.295427134836,-13.03582681561,
    -4.999951525299));
#2013 = CARTESIAN_POINT('',(82.499184220694,-9.496721207212,
    -2.87918168202));
#2014 = CARTESIAN_POINT('',(80.290733458884,-13.03583134815,
    -4.999953061929));
#2015 = CARTESIAN_POINT('',(82.496466956299,-9.496756873045,
    -2.87914890045));
#2016 = CARTESIAN_POINT('',(80.286039782664,-13.03583574282,-4.99995457)
  );
#2017 = CARTESIAN_POINT('',(82.493749692348,-9.496792312126,
    -2.879116025832));
#2018 = CARTESIAN_POINT('',(80.281346106185,-13.03583999962,
    -4.999956049513));
#2019 = CARTESIAN_POINT('',(82.491032428859,-9.496827524457,
    -2.879083058165));
#2020 = CARTESIAN_POINT('',(80.276652429459,-13.03584411857,
    -4.999957500468));
#2021 = CARTESIAN_POINT('',(82.488315165844,-9.496862510037,
    -2.879049997449));
#2022 = CARTESIAN_POINT('',(80.271958752494,-13.03584809968,
    -4.999958922864));
#2023 = CARTESIAN_POINT('',(82.485597903321,-9.496897268869,
    -2.879016843682));
#2024 = CARTESIAN_POINT('',(80.262734684378,-13.03585565252,
    -4.999961662052));
#2025 = CARTESIAN_POINT('',(82.480257908919,-9.496965131715,
    -2.878951506653));
#2026 = CARTESIAN_POINT('',(80.258204293244,-13.03585923367,
    -4.999962980795));
#2027 = CARTESIAN_POINT('',(82.477635177006,-9.496998251231,
    -2.878919329753));
#2028 = CARTESIAN_POINT('',(80.253673901906,-13.03586268643,
    -4.999964272933));
#2029 = CARTESIAN_POINT('',(82.475012445578,-9.497031159502,
    -2.878887066162));
#2030 = CARTESIAN_POINT('',(80.249143510372,-13.03586601078,
    -4.999965538465));
#2031 = CARTESIAN_POINT('',(82.472389714649,-9.497063856528,
    -2.878854715879));
#2032 = CARTESIAN_POINT('',(80.244613118652,-13.03586920676,
    -4.999966777391));
#2033 = CARTESIAN_POINT('',(82.469766984232,-9.49709634231,
    -2.878822278903));
#2034 = CARTESIAN_POINT('',(80.240082726754,-13.03587227435,
    -4.999967989712));
#2035 = CARTESIAN_POINT('',(82.467144254342,-9.497128616849,
    -2.878789755233));
#2036 = CARTESIAN_POINT('',(80.231999207275,-13.03587751876,
    -4.999970105367));
#2037 = CARTESIAN_POINT('',(82.462464552566,-9.497185826971,
    -2.878731568984));
#2038 = CARTESIAN_POINT('',(80.228446079759,-13.035879745,
    -4.999971018942));
#2039 = CARTESIAN_POINT('',(82.460407580474,-9.49721084386,
    -2.878705939774));
#2040 = CARTESIAN_POINT('',(80.224892952143,-13.03588189227,
    -4.999971916152));
#2041 = CARTESIAN_POINT('',(82.45835060872,-9.497235730813,
    -2.878680257236));
#2042 = CARTESIAN_POINT('',(80.221339824432,-13.03588396059,
    -4.999972796997));
#2043 = CARTESIAN_POINT('',(82.456293637312,-9.49726048783,
    -2.878654521372));
#2044 = CARTESIAN_POINT('',(80.21778669663,-13.03588594997,
    -4.999973661476));
#2045 = CARTESIAN_POINT('',(82.454236666255,-9.497285114912,
    -2.878628732179));
#2046 = CARTESIAN_POINT('',(80.214233568741,-13.03588786039,
    -4.99997450959));
#2047 = CARTESIAN_POINT('',(82.452179695557,-9.497309612059,
    -2.878602889659));
#2048 = CARTESIAN_POINT('',(80.207581909892,-13.03589128904,
    -4.99997606667));
#2049 = CARTESIAN_POINT('',(82.448328929407,-9.497355228874,
    -2.878554411148));
#2050 = CARTESIAN_POINT('',(80.204483378951,-13.03589282617,
    -4.999976779557));
#2051 = CARTESIAN_POINT('',(82.446535133867,-9.497376379663,
    -2.87853178793));
#2052 = CARTESIAN_POINT('',(80.20138484795,-13.03589430326,
    -4.999977479998));
#2053 = CARTESIAN_POINT('',(82.44474133861,-9.49739743164,
    -2.878509124157));
#2054 = CARTESIAN_POINT('',(80.198286316892,-13.03589572033,
    -4.999978167994));
#2055 = CARTESIAN_POINT('',(82.442947543639,-9.497418384804,
    -2.878486419827));
#2056 = CARTESIAN_POINT('',(80.195187785781,-13.03589707738,
    -4.999978843543));
#2057 = CARTESIAN_POINT('',(82.441153748958,-9.497439239156,
    -2.878463674941));
#2058 = CARTESIAN_POINT('',(80.192089254617,-13.0358983744,
    -4.999979506648));
#2059 = CARTESIAN_POINT('',(82.439359954573,-9.497459994695,
    -2.878440889499));
#2060 = CARTESIAN_POINT('',(80.185800601297,-13.03590088496,
    -4.999980827198));
#2061 = CARTESIAN_POINT('',(82.435719342824,-9.497501918751,
    -2.878394562776));
#2062 = CARTESIAN_POINT('',(80.182610479137,-13.03590209491,
    -4.999981483898));
#2063 = CARTESIAN_POINT('',(82.433872525479,-9.49752308134,
    -2.878371019063));
#2064 = CARTESIAN_POINT('',(80.179420356929,-13.03590324124,
    -4.999982127405));
#2065 = CARTESIAN_POINT('',(82.432025708455,-9.497544139189,
    -2.878347432359));
#2066 = CARTESIAN_POINT('',(80.176230234675,-13.03590432395,
    -4.99998275772));
#2067 = CARTESIAN_POINT('',(82.430178891759,-9.497565092298,
    -2.878323802665));
#2068 = CARTESIAN_POINT('',(80.173040112379,-13.03590534305,
    -4.999983374843));
#2069 = CARTESIAN_POINT('',(82.428332075395,-9.497585940668,
    -2.87830012998));
#2070 = CARTESIAN_POINT('',(80.169849990045,-13.03590629854,
    -4.999983978774));
#2071 = CARTESIAN_POINT('',(82.426485259367,-9.497606684299,
    -2.878276414304));
#2072 = CARTESIAN_POINT('',(80.163608072591,-13.03590804363,
    -4.999985134635));
#2073 = CARTESIAN_POINT('',(82.422871707996,-9.497647067158,
    -2.878229927172));
#2074 = CARTESIAN_POINT('',(80.160556277476,-13.03590883864,
    -4.999985687686));
#2075 = CARTESIAN_POINT('',(82.421104972625,-9.497666715273,
    -2.878207159363));
#2076 = CARTESIAN_POINT('',(80.157504482331,-13.03590957543,
    -4.999986228663));
#2077 = CARTESIAN_POINT('',(82.41933823757,-9.497686267534,
    -2.87818435221));
#2078 = CARTESIAN_POINT('',(80.154452687158,-13.03591025402,
    -4.999986757567));
#2079 = CARTESIAN_POINT('',(82.417571502835,-9.497705723944,
    -2.878161505713));
#2080 = CARTESIAN_POINT('',(80.15140089196,-13.03591087441,
    -4.999987274398));
#2081 = CARTESIAN_POINT('',(82.415804768426,-9.497725084502,
    -2.878138619871));
#2082 = CARTESIAN_POINT('',(80.14834909674,-13.0359114366,
    -4.999987779157));
#2083 = CARTESIAN_POINT('',(82.414038034345,-9.497744349209,
    -2.878115694684));
#2084 = CARTESIAN_POINT('',(80.141904889421,-13.03591250083,
    -4.999988819517));
#2085 = CARTESIAN_POINT('',(82.41030737824,-9.497784826392,
    -2.878067202504));
#2086 = CARTESIAN_POINT('',(80.138512477317,-13.03591298916,
    -4.999989352273));
#2087 = CARTESIAN_POINT('',(82.408343456294,-9.497806016279,
    -2.878041626238));
#2088 = CARTESIAN_POINT('',(80.135120065193,-13.03591340558,
    -4.999989870112));
#2089 = CARTESIAN_POINT('',(82.406379534765,-9.497827087724,
    -2.878016001354));
#2090 = CARTESIAN_POINT('',(80.131727653053,-13.0359137501,
    -4.999990373031));
#2091 = CARTESIAN_POINT('',(82.40441561366,-9.497848040728,
    -2.877990327851));
#2092 = CARTESIAN_POINT('',(80.128335240899,-13.03591402271,
    -4.999990861033));
#2093 = CARTESIAN_POINT('',(82.402451692983,-9.497868875291,
    -2.877964605729));
#2094 = CARTESIAN_POINT('',(80.124942828737,-13.03591422343,
    -4.999991334116));
#2095 = CARTESIAN_POINT('',(82.400487772742,-9.497889591414,
    -2.877938834989));
#2096 = CARTESIAN_POINT('',(80.117908811387,-13.03591449053,
    -4.9999922841));
#2097 = CARTESIAN_POINT('',(82.396415671456,-9.497932299802,
    -2.877885299681));
#2098 = CARTESIAN_POINT('',(80.114267206199,-13.03591454596,
    -4.999992758729));
#2099 = CARTESIAN_POINT('',(82.394307490479,-9.497954274028,
    -2.87785752771));
#2100 = CARTESIAN_POINT('',(80.110625601009,-13.03591451856,
    -4.999993216167));
#2101 = CARTESIAN_POINT('',(82.392199310016,-9.497976111775,
    -2.877829699713));
#2102 = CARTESIAN_POINT('',(80.106983995822,-13.03591440832,
    -4.999993656415));
#2103 = CARTESIAN_POINT('',(82.390091130076,-9.497997813043,
    -2.877801815691));
#2104 = CARTESIAN_POINT('',(80.103342390642,-13.03591421524,
    -4.999994079473));
#2105 = CARTESIAN_POINT('',(82.387982950664,-9.498019377832,
    -2.877773875644));
#2106 = CARTESIAN_POINT('',(80.099700785474,-13.03591393934,
    -4.999994485339));
#2107 = CARTESIAN_POINT('',(82.385874771789,-9.498040806144,
    -2.877745879571));
#2108 = CARTESIAN_POINT('',(80.092405035769,-13.03591322066,
    -4.99999526403));
#2109 = CARTESIAN_POINT('',(82.381651155882,-9.498083463127,
    -2.877689678777));
#2110 = CARTESIAN_POINT('',(80.088750891232,-13.0359127773,
    -4.999995636736));
#2111 = CARTESIAN_POINT('',(82.379535718854,-9.498104690857,
    -2.877661473671));
#2112 = CARTESIAN_POINT('',(80.085096746716,-13.03591225055,
    -4.999995992132));
#2113 = CARTESIAN_POINT('',(82.37742028238,-9.498125781168,
    -2.877633212152));
#2114 = CARTESIAN_POINT('',(80.081442602226,-13.03591164042,
    -4.999996330219));
#2115 = CARTESIAN_POINT('',(82.375304846468,-9.498146734061,
    -2.877604894219));
#2116 = CARTESIAN_POINT('',(80.077788457767,-13.0359109469,
    -4.999996650997));
#2117 = CARTESIAN_POINT('',(82.373189411124,-9.498167549536,
    -2.877576519872));
#2118 = CARTESIAN_POINT('',(80.074134313343,-13.03591017001,
    -4.999996954466));
#2119 = CARTESIAN_POINT('',(82.371073976357,-9.498188227593,
    -2.877548089111));
#2120 = CARTESIAN_POINT('',(80.066534044264,-13.03590838074,
    -4.99999754965));
#2121 = CARTESIAN_POINT('',(82.36667407659,-9.498230950149,
    -2.877488838525));
#2122 = CARTESIAN_POINT('',(80.062587919615,-13.03590735451,
    -4.99999783849));
#2123 = CARTESIAN_POINT('',(82.364389611688,-9.49825297181,
    -2.877458009323));
#2124 = CARTESIAN_POINT('',(80.058641795019,-13.03590623105,
    -4.999998107143));
#2125 = CARTESIAN_POINT('',(82.362105147475,-9.498274833217,
    -2.877427114332));
#2126 = CARTESIAN_POINT('',(80.054695670481,-13.03590501038,
    -4.99999835561));
#2127 = CARTESIAN_POINT('',(82.359820683959,-9.498296534369,
    -2.877396153549));
#2128 = CARTESIAN_POINT('',(80.050749546007,-13.03590369249,
    -4.999998583892));
#2129 = CARTESIAN_POINT('',(82.357536221151,-9.498318075268,
    -2.877365126975));
#2130 = CARTESIAN_POINT('',(80.046803421603,-13.0359022774,
    -4.999998791988));
#2131 = CARTESIAN_POINT('',(82.355251759059,-9.498339455914,
    -2.877334034609));
#2132 = CARTESIAN_POINT('',(80.03872368417,-13.03589918095,
    -4.999999176736));
#2133 = CARTESIAN_POINT('',(82.350574296698,-9.498382904927,
    -2.877270237904));
#2134 = CARTESIAN_POINT('',(80.034590071149,-13.03589749015,
    -4.999999351425));
#2135 = CARTESIAN_POINT('',(82.348181296499,-9.498404957704,
    -2.877237527163));
#2136 = CARTESIAN_POINT('',(80.030456458218,-13.03589569269,
    -4.999999503964));
#2137 = CARTESIAN_POINT('',(82.345788297107,-9.498426834639,
    -2.87720474423));
#2138 = CARTESIAN_POINT('',(80.026322845383,-13.03589378859,
    -4.999999634354));
#2139 = CARTESIAN_POINT('',(82.343395298531,-9.498448535733,
    -2.877171889103));
#2140 = CARTESIAN_POINT('',(80.022189232651,-13.03589177785,
    -4.999999742594));
#2141 = CARTESIAN_POINT('',(82.341002300782,-9.498470060986,
    -2.877138961783));
#2142 = CARTESIAN_POINT('',(80.018055620029,-13.03588966048,
    -4.999999828684));
#2143 = CARTESIAN_POINT('',(82.33860930387,-9.4984914104,-2.877105962269
    ));
#2144 = CARTESIAN_POINT('',(80.008669287842,-13.03588461038,
    -4.999999973878));
#2145 = CARTESIAN_POINT('',(82.333175447661,-9.498539489941,
    -2.877030865234));
#2146 = CARTESIAN_POINT('',(80.00341656835,-13.0358816121,
    -5.000000019364));
#2147 = CARTESIAN_POINT('',(82.330134588885,-9.49856611197,
    -2.876988723331));
#2148 = CARTESIAN_POINT('',(79.998163849059,-13.03587844166,
    -5.000000029083));
#2149 = CARTESIAN_POINT('',(82.3270937315,-9.498592450061,-2.87694646485
    ));
#2150 = CARTESIAN_POINT('',(79.992911129983,-13.03587509907,
    -5.000000003037));
#2151 = CARTESIAN_POINT('',(82.324052875525,-9.498618504214,
    -2.87690408979));
#2152 = CARTESIAN_POINT('',(79.987658411137,-13.03587158434,
    -4.999999941224));
#2153 = CARTESIAN_POINT('',(82.321012020983,-9.498644274432,
    -2.876861598152));
#2154 = CARTESIAN_POINT('',(79.982405692533,-13.03586789749,
    -4.999999843645));
#2155 = CARTESIAN_POINT('',(82.317971167896,-9.498669760714,
    -2.876818989933));
#2156 = CARTESIAN_POINT('',(79.972428491121,-13.03586056765,
    -4.999999590365));
#2157 = CARTESIAN_POINT('',(82.312195265402,-9.498717630958,
    -2.876737836919));
#2158 = CARTESIAN_POINT('',(79.967704008263,-13.03585695753,
    -4.999999441496));
#2159 = CARTESIAN_POINT('',(82.309460215715,-9.498740069155,
    -2.876699314392));
#2160 = CARTESIAN_POINT('',(79.962979525624,-13.03585320818,
    -4.999999263692));
#2161 = CARTESIAN_POINT('',(82.306725167236,-9.498762277655,
    -2.876660697553));
#2162 = CARTESIAN_POINT('',(79.958255043211,-13.03584931962,
    -4.999999056954));
#2163 = CARTESIAN_POINT('',(82.303990119982,-9.498784256458,
    -2.8766219864));
#2164 = CARTESIAN_POINT('',(79.953530561036,-13.03584529186,
    -4.999998821281));
#2165 = CARTESIAN_POINT('',(82.301255073968,-9.498806005566,
    -2.876583180935));
#2166 = CARTESIAN_POINT('',(79.948806079108,-13.03584112489,
    -4.999998556675));
#2167 = CARTESIAN_POINT('',(82.298520029209,-9.498827524979,
    -2.876544281155));
#2168 = CARTESIAN_POINT('',(79.937880469784,-13.0358311667,
    -4.999997877846));
#2169 = CARTESIAN_POINT('',(82.292195099045,-9.498876758559,
    -2.876454105287));
#2170 = CARTESIAN_POINT('',(79.931679342573,-13.03582527487,
    -4.999997442711));
#2171 = CARTESIAN_POINT('',(82.288605214558,-9.498904306706,
    -2.876402761029));
#2172 = CARTESIAN_POINT('',(79.925478215828,-13.03581914327,
    -4.999996957728));
#2173 = CARTESIAN_POINT('',(82.285015332296,-9.498931459139,
    -2.876351254286));
#2174 = CARTESIAN_POINT('',(79.919277089571,-13.03581277193,
    -4.999996422897));
#2175 = CARTESIAN_POINT('',(82.281425452294,-9.49895821586,
    -2.876299585057));
#2176 = CARTESIAN_POINT('',(79.913075963825,-13.03580616085,
    -4.999995838218));
#2177 = CARTESIAN_POINT('',(82.277835574587,-9.498984576871,
    -2.876247753341));
#2178 = CARTESIAN_POINT('',(79.906874838612,-13.03579931008,
    -4.999995203692));
#2179 = CARTESIAN_POINT('',(82.27424569921,-9.499010542175,
    -2.876195759138));
#2180 = CARTESIAN_POINT('',(79.894348692645,-13.0357849875,
    -4.999993821271));
#2181 = CARTESIAN_POINT('',(82.266994228577,-9.499062192242,
    -2.876090403679));
#2182 = CARTESIAN_POINT('',(79.888023671914,-13.03577750602,
    -4.999993071364));
#2183 = CARTESIAN_POINT('',(82.263332633417,-9.499087861036,
    -2.876037035865));
#2184 = CARTESIAN_POINT('',(79.881698651785,-13.03576977521,
    -4.999992269597));
#2185 = CARTESIAN_POINT('',(82.259671040754,-9.499113118155,
    -2.875983499005));
#2186 = CARTESIAN_POINT('',(79.875373632282,-13.0357617951,
    -4.999991415972));
#2187 = CARTESIAN_POINT('',(82.256009450626,-9.499137963602,
    -2.875929793096));
#2188 = CARTESIAN_POINT('',(79.869048613428,-13.03575356569,
    -4.999990510487));
#2189 = CARTESIAN_POINT('',(82.252347863071,-9.499162397378,
    -2.875875918139));
#2190 = CARTESIAN_POINT('',(79.862723595248,-13.03574508702,
    -4.999989553142));
#2191 = CARTESIAN_POINT('',(82.248686278125,-9.499186419486,
    -2.875821874133));
#2192 = CARTESIAN_POINT('',(79.681765572868,-13.03549538251,
    -4.99996067994));
#2193 = CARTESIAN_POINT('',(82.143928829878,-9.499861911473,
    -2.874270844835));
#2194 = CARTESIAN_POINT('',(79.507133099527,-13.03506440809,
    -4.999893283282));
#2195 = CARTESIAN_POINT('',(82.042834980278,-9.500199977006,
    -2.872645160834));
#2196 = CARTESIAN_POINT('',(79.332501659415,-13.03444391643,
    -4.999786354472));
#2197 = CARTESIAN_POINT('',(81.941743931665,-9.500224266666,
    -2.870890595861));
#2198 = CARTESIAN_POINT('',(79.157871749866,-13.03363438917,
    -4.999639894691));
#2199 = CARTESIAN_POINT('',(81.840656466956,-9.499934818814,
    -2.869007167275));
#2200 = CARTESIAN_POINT('',(78.983243863876,-13.03263630891,
    -4.999453905776));
#2201 = CARTESIAN_POINT('',(81.739573367347,-9.499331670035,
    -2.866994923015));
#2202 = CARTESIAN_POINT('',(78.808618490108,-13.0314501592,
    -4.999228390217));
#2203 = CARTESIAN_POINT('',(81.638495412309,-9.498414855134,
    -2.86485394159));
#2204 = CARTESIAN_POINT('',(78.628524183075,-13.03003337739,
    -4.998955045934));
#2205 = CARTESIAN_POINT('',(81.534256207786,-9.497145850083,
    -2.862513212085));
#2206 = CARTESIAN_POINT('',(78.623052256201,-13.02999014613,
    -4.998946701916));
#2207 = CARTESIAN_POINT('',(81.531089041797,-9.497106985059,
    -2.862441965778));
#2208 = CARTESIAN_POINT('',(78.617580332283,-13.02994673069,
    -4.998938319089));
#2209 = CARTESIAN_POINT('',(81.527921881649,-9.49706781207,
    -2.862370593171));
#2210 = CARTESIAN_POINT('',(78.612108411338,-13.02990313109,
    -4.998929897453));
#2211 = CARTESIAN_POINT('',(81.524754727364,-9.497028331117,
    -2.862299094267));
#2212 = CARTESIAN_POINT('',(78.60663649338,-13.02985934733,
    -4.998921437007));
#2213 = CARTESIAN_POINT('',(81.521587578966,-9.4969885422,
    -2.862227469068));
#2214 = CARTESIAN_POINT('',(78.601164578425,-13.02981537944,
    -4.998912937753));
#2215 = CARTESIAN_POINT('',(81.51842043648,-9.496948445321,
    -2.86215571758));
#2216 = CARTESIAN_POINT('',(78.592225265834,-13.02974324951,
    -4.998898989353));
#2217 = CARTESIAN_POINT('',(81.513246372285,-9.496882437041,
    -2.862038292827));
#2218 = CARTESIAN_POINT('',(78.588757866394,-13.02971519766,
    -4.998893563433));
#2219 = CARTESIAN_POINT('',(81.511239447024,-9.496856709942,
    -2.861992695141));
#2220 = CARTESIAN_POINT('',(78.585290468168,-13.02968707188,
    -4.99888812193));
#2221 = CARTESIAN_POINT('',(81.509232524152,-9.496830859184,
    -2.861947046747));
#2222 = CARTESIAN_POINT('',(78.581823071162,-13.02965887217,
    -4.998882664843));
#2223 = CARTESIAN_POINT('',(81.507225603675,-9.496804884768,
    -2.861901347645));
#2224 = CARTESIAN_POINT('',(78.578355675379,-13.02963059855,
    -4.998877192173));
#2225 = CARTESIAN_POINT('',(81.505218685601,-9.496778786693,
    -2.861855597836));
#2226 = CARTESIAN_POINT('',(78.574888280822,-13.02960225101,
    -4.99887170392));
#2227 = CARTESIAN_POINT('',(81.503211769934,-9.496752564961,
    -2.861809797321));
#2228 = CARTESIAN_POINT('',(78.565674998916,-13.02952673177,
    -4.998857079563));
#2229 = CARTESIAN_POINT('',(81.497879159577,-9.496682562084,
    -2.861687965105));
#2230 = CARTESIAN_POINT('',(78.559929113714,-13.02947943103,
    -4.998847916251));
#2231 = CARTESIAN_POINT('',(81.494553469102,-9.496638565027,
    -2.861611844871));
#2232 = CARTESIAN_POINT('',(78.554183231908,-13.02943192733,
    -4.998838710146));
#2233 = CARTESIAN_POINT('',(81.491227785283,-9.496594228402,
    -2.861535585403));
#2234 = CARTESIAN_POINT('',(78.548437353516,-13.02938422069,
    -4.998829461249));
#2235 = CARTESIAN_POINT('',(81.487902108147,-9.496549552208,
    -2.861459186705));
#2236 = CARTESIAN_POINT('',(78.542691478553,-13.02933631114,
    -4.99882016956));
#2237 = CARTESIAN_POINT('',(81.484576437724,-9.496504536448,
    -2.861382648781));
#2238 = CARTESIAN_POINT('',(78.536945607038,-13.02928819869,
    -4.998810835079));
#2239 = CARTESIAN_POINT('',(81.481250774039,-9.496459181122,
    -2.861305971635));
#2240 = CARTESIAN_POINT('',(78.529254721531,-13.02922352827,
    -4.998798283533));
#2241 = CARTESIAN_POINT('',(81.476799358454,-9.496398018184,
    -2.861203152384));
#2242 = CARTESIAN_POINT('',(78.527309704471,-13.02920714994,
    -4.998795104356));
#2243 = CARTESIAN_POINT('',(81.475673600562,-9.496382511227,
    -2.861177133543));
#2244 = CARTESIAN_POINT('',(78.525364687809,-13.02919074836,
    -4.998791920275));
#2245 = CARTESIAN_POINT('',(81.474547843446,-9.49636696536,
    -2.86115109875));
#2246 = CARTESIAN_POINT('',(78.523419671545,-13.02917432353,
    -4.998788731291));
#2247 = CARTESIAN_POINT('',(81.473422087108,-9.496351380584,
    -2.861125048005));
#2248 = CARTESIAN_POINT('',(78.52147465568,-13.02915787545,
    -4.998785537404));
#2249 = CARTESIAN_POINT('',(81.472296331548,-9.496335756898,
    -2.861098981307));
#2250 = CARTESIAN_POINT('',(78.519529640214,-13.02914140414,
    -4.998782338613));
#2251 = CARTESIAN_POINT('',(81.471170576768,-9.496320094302,
    -2.861072898658));
#2252 = CARTESIAN_POINT('',(78.513903986905,-13.02909369618,
    -4.998773072427));
#2253 = CARTESIAN_POINT('',(81.467914508564,-9.496274680144,
    -2.860997412517));
#2254 = CARTESIAN_POINT('',(78.510223350095,-13.02906239955,
    -4.998766992376));
#2255 = CARTESIAN_POINT('',(81.465784197155,-9.496244828156,
    -2.860947967855));
#2256 = CARTESIAN_POINT('',(78.506542714722,-13.02903101969,
    -4.998760894766));
#2257 = CARTESIAN_POINT('',(81.463653888549,-9.496214836835,
    -2.860898466071));
#2258 = CARTESIAN_POINT('',(78.502862080793,-13.02899955659,
    -4.998754779597));
#2259 = CARTESIAN_POINT('',(81.461523582753,-9.496184706182,
    -2.860848907168));
#2260 = CARTESIAN_POINT('',(78.49918144831,-13.02896801028,
    -4.99874864687));
#2261 = CARTESIAN_POINT('',(81.459393279775,-9.496154436196,
    -2.860799291145));
#2262 = CARTESIAN_POINT('',(78.495500817279,-13.02893638074,
    -4.998742496584));
#2263 = CARTESIAN_POINT('',(81.457262979623,-9.496124026877,
    -2.860749618005));
#2264 = CARTESIAN_POINT('',(78.488603909575,-13.02887695615,
    -4.998730939036));
#2265 = CARTESIAN_POINT('',(81.453271145154,-9.49606678362,
    -2.860656431503));
#2266 = CARTESIAN_POINT('',(78.485387632558,-13.02884918077,
    -4.998725535925));
#2267 = CARTESIAN_POINT('',(81.45140961017,-9.496039982621,
    -2.860612931645));
#2268 = CARTESIAN_POINT('',(78.482171356655,-13.02882134185,
    -4.998720119406));
#2269 = CARTESIAN_POINT('',(81.449548077352,-9.496013075228,
    -2.860569388173));
#2270 = CARTESIAN_POINT('',(78.478955081871,-13.02879343939,
    -4.998714689479));
#2271 = CARTESIAN_POINT('',(81.447686546707,-9.495986061443,
    -2.860525801089));
#2272 = CARTESIAN_POINT('',(78.475738808207,-13.02876547339,
    -4.998709246145));
#2273 = CARTESIAN_POINT('',(81.44582501824,-9.495958941265,
    -2.860482170393));
#2274 = CARTESIAN_POINT('',(78.472522535668,-13.02873744387,
    -4.998703789403));
#2275 = CARTESIAN_POINT('',(81.443963491954,-9.495931714695,
    -2.860438496087));
#2276 = CARTESIAN_POINT('',(78.465924542944,-13.02867981262,
    -4.998692567711));
#2277 = CARTESIAN_POINT('',(81.440144684123,-9.49587564272,
    -2.860348811337));
#2278 = CARTESIAN_POINT('',(78.462542822878,-13.02865020419,
    -4.998686801347));
#2279 = CARTESIAN_POINT('',(81.438187402808,-9.495846786089,
    -2.860302796292));
#2280 = CARTESIAN_POINT('',(78.459161104062,-13.02862052553,
    -4.99868102016));
#2281 = CARTESIAN_POINT('',(81.436230123917,-9.495817811838,
    -2.860256733035));
#2282 = CARTESIAN_POINT('',(78.455779386498,-13.02859077665,
    -4.99867522415));
#2283 = CARTESIAN_POINT('',(81.434272847455,-9.495788719968,
    -2.860210621568));
#2284 = CARTESIAN_POINT('',(78.452397670191,-13.02856095755,
    -4.998669413318));
#2285 = CARTESIAN_POINT('',(81.432315573428,-9.495759510478,
    -2.860164461891));
#2286 = CARTESIAN_POINT('',(78.449015955144,-13.02853106823,
    -4.998663587664));
#2287 = CARTESIAN_POINT('',(81.430358301841,-9.49573018337,
    -2.860118254006));
#2288 = CARTESIAN_POINT('',(78.44291587075,-13.0284770259,
    -4.998653052355));
#2289 = CARTESIAN_POINT('',(81.426827693485,-9.495677069675,
    -2.860034815227));
#2290 = CARTESIAN_POINT('',(78.440197500956,-13.02845289773,
    -4.998648347945));
#2291 = CARTESIAN_POINT('',(81.42525435585,-9.495653324704,
    -2.85999760139));
#2292 = CARTESIAN_POINT('',(78.43747913198,-13.0284287242,
    -4.998643633957));
#2293 = CARTESIAN_POINT('',(81.423681019799,-9.495629503733,
    -2.859960356404));
#2294 = CARTESIAN_POINT('',(78.434760763823,-13.02840450531,
    -4.998638910392));
#2295 = CARTESIAN_POINT('',(81.422107685335,-9.495605606761,
    -2.859923080268));
#2296 = CARTESIAN_POINT('',(78.432042396489,-13.02838024104,
    -4.998634177249));
#2297 = CARTESIAN_POINT('',(81.420534352459,-9.495581633789,
    -2.859885772984));
#2298 = CARTESIAN_POINT('',(78.429324029979,-13.02835593142,
    -4.998629434528));
#2299 = CARTESIAN_POINT('',(81.418961021176,-9.495557584816,
    -2.859848434552));
#2300 = CARTESIAN_POINT('',(78.423611472099,-13.02830475021,
    -4.998619447727));
#2301 = CARTESIAN_POINT('',(81.415654719543,-9.495506886961,
    -2.859769903584));
#2302 = CARTESIAN_POINT('',(78.420617280906,-13.02827786894,
    -4.998614201604));
#2303 = CARTESIAN_POINT('',(81.413921749533,-9.495480221874,
    -2.859728704407));
#2304 = CARTESIAN_POINT('',(78.417623090716,-13.02825093265,
    -4.998608943861));
#2305 = CARTESIAN_POINT('',(81.412188781462,-9.495453464581,
    -2.859687467441));
#2306 = CARTESIAN_POINT('',(78.414628901533,-13.02822394133,
    -4.998603674498));
#2307 = CARTESIAN_POINT('',(81.410455815334,-9.495426615082,
    -2.859646192687));
#2308 = CARTESIAN_POINT('',(78.411634713359,-13.02819689498,
    -4.998598393515));
#2309 = CARTESIAN_POINT('',(81.408722851154,-9.495399673378,
    -2.859604880145));
#2310 = CARTESIAN_POINT('',(78.408640526196,-13.02816979361,
    -4.998593100913));
#2311 = CARTESIAN_POINT('',(81.406989888924,-9.495372639468,
    -2.859563529817));
#2312 = CARTESIAN_POINT('',(78.402873390055,-13.02811748738,
    -4.99858288439));
#2313 = CARTESIAN_POINT('',(81.403652014346,-9.495320391548,
    -2.859483811697));
#2314 = CARTESIAN_POINT('',(78.400100440933,-13.02809229035,
    -4.998577962123));
#2315 = CARTESIAN_POINT('',(81.402047101719,-9.49529519066,
    -2.859445449284));
#2316 = CARTESIAN_POINT('',(78.397327492682,-13.02806704613,
    -4.998573029891));
#2317 = CARTESIAN_POINT('',(81.400442190772,-9.49526991069,
    -2.859407054462));
#2318 = CARTESIAN_POINT('',(78.394554545304,-13.02804175472,
    -4.998568087692));
#2319 = CARTESIAN_POINT('',(81.398837281508,-9.495244551636,
    -2.859368627233));
#2320 = CARTESIAN_POINT('',(78.391781598802,-13.02801641613,
    -4.998563135527));
#2321 = CARTESIAN_POINT('',(81.397232373931,-9.495219113501,
    -2.859330167597));
#2322 = CARTESIAN_POINT('',(78.389008653176,-13.02799103035,
    -4.998558173396));
#2323 = CARTESIAN_POINT('',(81.395627468042,-9.495193596283,
    -2.859291675555));
#2324 = CARTESIAN_POINT('',(78.383513231665,-13.02794062733,
    -4.998548319696));
#2325 = CARTESIAN_POINT('',(81.392446869129,-9.495142869538,
    -2.859215327809));
#2326 = CARTESIAN_POINT('',(78.380790755747,-13.02791561178,
    -4.998543428485));
#2327 = CARTESIAN_POINT('',(81.390871176045,-9.495117662864,
    -2.859177473275));
#2328 = CARTESIAN_POINT('',(78.378068280678,-13.02789055075,
    -4.998538527668));
#2329 = CARTESIAN_POINT('',(81.389295484594,-9.495092379961,
    -2.859139587504));
#2330 = CARTESIAN_POINT('',(78.37534580646,-13.02786544425,
    -4.998533617245));
#2331 = CARTESIAN_POINT('',(81.387719794781,-9.495067020828,
    -2.859101670497));
#2332 = CARTESIAN_POINT('',(78.372623333095,-13.02784029228,
    -4.998528697215));
#2333 = CARTESIAN_POINT('',(81.386144106607,-9.495041585465,
    -2.859063722254));
#2334 = CARTESIAN_POINT('',(78.369900860585,-13.02781509483,
    -4.998523767579));
#2335 = CARTESIAN_POINT('',(81.384568420077,-9.495016073873,
    -2.859025742777));
#2336 = CARTESIAN_POINT('',(78.361038701864,-13.02773292438,
    -4.998507689412));
#2337 = CARTESIAN_POINT('',(81.379439268587,-9.494932780689,
    -2.858902010742));
#2338 = CARTESIAN_POINT('',(78.354899019152,-13.0276757656,
    -4.99849650163));
#2339 = CARTESIAN_POINT('',(81.375885810354,-9.494874687634,
    -2.858816130564));
#2340 = CARTESIAN_POINT('',(78.348759340817,-13.02761837558,
    -4.998485264992));
#2341 = CARTESIAN_POINT('',(81.372332360525,-9.494816206888,
    -2.858730091537));
#2342 = CARTESIAN_POINT('',(78.342619666879,-13.02756075435,
    -4.998473979496));
#2343 = CARTESIAN_POINT('',(81.368778919135,-9.494757338452,
    -2.858643893669));
#2344 = CARTESIAN_POINT('',(78.336479997359,-13.02750290193,
    -4.998462645144));
#2345 = CARTESIAN_POINT('',(81.365225486217,-9.494698082328,
    -2.858557536964));
#2346 = CARTESIAN_POINT('',(78.330340332278,-13.02744481835,
    -4.998451261936));
#2347 = CARTESIAN_POINT('',(81.361672061806,-9.494638438518,
    -2.858471021428));
#2348 = CARTESIAN_POINT('',(78.317346224077,-13.02732139982,
    -4.998427066871));
#2349 = CARTESIAN_POINT('',(81.354151536948,-9.494511386583,
    -2.858287581972));
#2350 = CARTESIAN_POINT('',(78.310491782056,-13.02725600791,
    -4.998414242976));
#2351 = CARTESIAN_POINT('',(81.350184438607,-9.494443882936,
    -2.858190618918));
#2352 = CARTESIAN_POINT('',(78.303637345623,-13.02719032794,
    -4.998401358187));
#2353 = CARTESIAN_POINT('',(81.346217350956,-9.49437589608,
    -2.858093457914));
#2354 = CARTESIAN_POINT('',(78.296782914806,-13.02712435992,
    -4.998388412504));
#2355 = CARTESIAN_POINT('',(81.342250274044,-9.494307426018,
    -2.857996098969));
#2356 = CARTESIAN_POINT('',(78.289928489635,-13.02705810389,
    -4.998375405927));
#2357 = CARTESIAN_POINT('',(81.338283207917,-9.494238472752,
    -2.857898542091));
#2358 = CARTESIAN_POINT('',(78.283074070139,-13.02699155988,
    -4.998362338457));
#2359 = CARTESIAN_POINT('',(81.334316152622,-9.494169036283,
    -2.85780078729));
#2360 = CARTESIAN_POINT('',(78.273232931644,-13.02689560673,
    -4.998343489574));
#2361 = CARTESIAN_POINT('',(81.328620518437,-9.494068649997,
    -2.857660152909));
#2362 = CARTESIAN_POINT('',(78.270246208024,-13.02686643087,
    -4.998337757493));
#2363 = CARTESIAN_POINT('',(81.326891930733,-9.494038091636,
    -2.857617433666));
#2364 = CARTESIAN_POINT('',(78.26725948549,-13.02683720033,
    -4.998332013851));
#2365 = CARTESIAN_POINT('',(81.325163345099,-9.494007441531,
    -2.857574676846));
#2366 = CARTESIAN_POINT('',(78.264272764043,-13.02680791513,
    -4.998326258646));
#2367 = CARTESIAN_POINT('',(81.323434761538,-9.493976699682,
    -2.85753188245));
#2368 = CARTESIAN_POINT('',(78.261286043686,-13.02677857527,
    -4.998320491881));
#2369 = CARTESIAN_POINT('',(81.321706180055,-9.49394586609,
    -2.857489050479));
#2370 = CARTESIAN_POINT('',(78.258299324422,-13.02674918074,
    -4.998314713553));
#2371 = CARTESIAN_POINT('',(81.319977600652,-9.493914940755,
    -2.857446180933));
#2372 = CARTESIAN_POINT('',(78.25106053349,-13.0266778059,
    -4.998300680828));
#2373 = CARTESIAN_POINT('',(81.31578811604,-9.493839765887,
    -2.857342188641));
#2374 = CARTESIAN_POINT('',(78.246808462948,-13.02663576946,
    -4.998292414559));
#2375 = CARTESIAN_POINT('',(81.313327212972,-9.493795422151,
    -2.857281027313));
#2376 = CARTESIAN_POINT('',(78.242556394631,-13.02659362225,
    -4.998284124856));
#2377 = CARTESIAN_POINT('',(81.310866314141,-9.493750892469,
    -2.857219789832));
#2378 = CARTESIAN_POINT('',(78.238304328548,-13.02655136426,
    -4.998275811721));
#2379 = CARTESIAN_POINT('',(81.308405419558,-9.493706176843,
    -2.857158476201));
#2380 = CARTESIAN_POINT('',(78.234052264705,-13.02650899551,
    -4.998267475153));
#2381 = CARTESIAN_POINT('',(81.305944529234,-9.493661275273,
    -2.857097086421));
#2382 = CARTESIAN_POINT('',(78.229800203108,-13.02646651599,
    -4.998259115152));
#2383 = CARTESIAN_POINT('',(81.303483643182,-9.493616187758,
    -2.857035620494));
#2384 = CARTESIAN_POINT('',(78.221783248216,-13.02638621508,
    -4.998243308785));
#2385 = CARTESIAN_POINT('',(81.298843825963,-9.493530827879,
    -2.856919587304));
#2386 = CARTESIAN_POINT('',(78.218018354433,-13.02634841761,
    -4.998235867481));
#2387 = CARTESIAN_POINT('',(81.296664893872,-9.493490595681,
    -2.85686503649));
#2388 = CARTESIAN_POINT('',(78.214253462422,-13.02631053332,
    -4.998228407807));
#2389 = CARTESIAN_POINT('',(81.294485965146,-9.493450217707,
    -2.856810425981));
#2390 = CARTESIAN_POINT('',(78.210488572188,-13.0262725622,
    -4.998220929761));
#2391 = CARTESIAN_POINT('',(81.292307039793,-9.493409693956,
    -2.856755755778));
#2392 = CARTESIAN_POINT('',(78.206723683735,-13.02623450428,
    -4.998213433344));
#2393 = CARTESIAN_POINT('',(81.290128117819,-9.493369024429,
    -2.856701025885));
#2394 = CARTESIAN_POINT('',(78.202958797068,-13.02619635954,
    -4.998205918557));
#2395 = CARTESIAN_POINT('',(81.287949199234,-9.493328209127,
    -2.856646236302));
#2396 = CARTESIAN_POINT('',(78.197023820194,-13.02613609122,
    -4.998194043263));
#2397 = CARTESIAN_POINT('',(81.284514350179,-9.493263637951,
    -2.856559771729));
#2398 = CARTESIAN_POINT('',(78.194853728792,-13.0261140256,
    -4.998189695022));
#2399 = CARTESIAN_POINT('',(81.283258417442,-9.493239979419,
    -2.856528136598));
#2400 = CARTESIAN_POINT('',(78.192683637985,-13.02609193113,
    -4.998185340678));
#2401 = CARTESIAN_POINT('',(81.282002485834,-9.493216272455,
    -2.856496481636));
#2402 = CARTESIAN_POINT('',(78.190513547775,-13.02606980783,
    -4.998180980231));
#2403 = CARTESIAN_POINT('',(81.280746555357,-9.493192517058,
    -2.856464806844));
#2404 = CARTESIAN_POINT('',(78.188343458163,-13.0260476557,
    -4.99817661368));
#2405 = CARTESIAN_POINT('',(81.279490626013,-9.493168713229,
    -2.856433112222));
#2406 = CARTESIAN_POINT('',(78.18617336915,-13.02602547472,
    -4.998172241026));
#2407 = CARTESIAN_POINT('',(81.278234697804,-9.493144860968,
    -2.85640139777));
#2408 = CARTESIAN_POINT('',(78.181233485323,-13.0259749174,
    -4.998162273435));
#2409 = CARTESIAN_POINT('',(81.275375766434,-9.49309045459,
    -2.856329159394));
#2410 = CARTESIAN_POINT('',(78.178463690887,-13.02594652291,
    -4.998156674658));
#2411 = CARTESIAN_POINT('',(81.273772763989,-9.493059870007,
    -2.856288622995));
#2412 = CARTESIAN_POINT('',(78.17569389743,-13.02591808144,
    -4.998151065938));
#2413 = CARTESIAN_POINT('',(81.272169763397,-9.493029206524,
    -2.856248054293));
#2414 = CARTESIAN_POINT('',(78.172924104953,-13.025889593,
    -4.998145447276));
#2415 = CARTESIAN_POINT('',(81.270566764662,-9.492998464142,
    -2.85620745329));
#2416 = CARTESIAN_POINT('',(78.170154313459,-13.0258610576,
    -4.99813981867));
#2417 = CARTESIAN_POINT('',(81.268963767786,-9.49296764286,
    -2.856166819984));
#2418 = CARTESIAN_POINT('',(78.167384522949,-13.02583247523,
    -4.998134180122));
#2419 = CARTESIAN_POINT('',(81.267360772772,-9.49293674268,
    -2.856126154377));
#2420 = CARTESIAN_POINT('',(78.161027034054,-13.02576676241,
    -4.998121215159));
#2421 = CARTESIAN_POINT('',(81.263681427806,-9.492865636499,
    -2.856032740602));
#2422 = CARTESIAN_POINT('',(78.157439336337,-13.02572960013,
    -4.998113882004));
#2423 = CARTESIAN_POINT('',(81.261605079118,-9.492825377022,
    -2.855979970541));
#2424 = CARTESIAN_POINT('',(78.153851640279,-13.02569235905,
    -4.998106532168));
#2425 = CARTESIAN_POINT('',(81.259528733568,-9.492784985169,
    -2.855927146288));
#2426 = CARTESIAN_POINT('',(78.150263945884,-13.02565503919,
    -4.998099165649));
#2427 = CARTESIAN_POINT('',(81.257452391161,-9.49274446094,
    -2.855874267844));
#2428 = CARTESIAN_POINT('',(78.146676253156,-13.02561764054,
    -4.998091782449));
#2429 = CARTESIAN_POINT('',(81.255376051904,-9.492703804336,
    -2.85582133521));
#2430 = CARTESIAN_POINT('',(78.1430885621,-13.02558016311,
    -4.998084382566));
#2431 = CARTESIAN_POINT('',(81.253299715804,-9.492663015356,
    -2.855768348388));
#2432 = CARTESIAN_POINT('',(78.136247684954,-13.0255085523,
    -4.998070240927));
#2433 = CARTESIAN_POINT('',(81.249340638797,-9.492584987989,
    -2.8556672117));
#2434 = CARTESIAN_POINT('',(78.132994498566,-13.02547443291,
    -4.998063502137));
#2435 = CARTESIAN_POINT('',(81.247457897329,-9.492547773134,
    -2.855619071466));
#2436 = CARTESIAN_POINT('',(78.129741313559,-13.02544024876,
    -4.998056749631));
#2437 = CARTESIAN_POINT('',(81.245575158467,-9.492510449438,
    -2.85557088668));
#2438 = CARTESIAN_POINT('',(78.126488129936,-13.02540599984,
    -4.998049983408));
#2439 = CARTESIAN_POINT('',(81.243692422216,-9.492473016901,
    -2.855522657342));
#2440 = CARTESIAN_POINT('',(78.1232349477,-13.02537168616,
    -4.998043203469));
#2441 = CARTESIAN_POINT('',(81.241809688581,-9.492435475524,
    -2.855474383454));
#2442 = CARTESIAN_POINT('',(78.119981766854,-13.02533730772,
    -4.998036409814));
#2443 = CARTESIAN_POINT('',(81.239926957568,-9.492397825305,
    -2.855426065017));
#2444 = CARTESIAN_POINT('',(78.111498705561,-13.0252474929,
    -4.998018658765));
#2445 = CARTESIAN_POINT('',(81.235017514195,-9.492299363965,
    -2.855299952646));
#2446 = CARTESIAN_POINT('',(78.106268827321,-13.02519195392,
    -4.998007679639));
#2447 = CARTESIAN_POINT('',(81.231990805997,-9.49223838039,
    -2.855222088128));
#2448 = CARTESIAN_POINT('',(78.101038952694,-13.02513624759,
    -4.997996665065));
#2449 = CARTESIAN_POINT('',(81.228964104607,-9.492177115524,
    -2.855144108482));
#2450 = CARTESIAN_POINT('',(78.095809081694,-13.02508037394,
    -4.997985615042));
#2451 = CARTESIAN_POINT('',(81.225937410047,-9.492115569367,
    -2.855066013711));
#2452 = CARTESIAN_POINT('',(78.090579214333,-13.02502433296,
    -4.997974529571));
#2453 = CARTESIAN_POINT('',(81.222910722337,-9.49205374192,
    -2.85498780382));
#2454 = CARTESIAN_POINT('',(78.085349350623,-13.02496812468,
    -4.997963408652));
#2455 = CARTESIAN_POINT('',(81.219884041497,-9.491991633184,
    -2.854909478814));
#2456 = CARTESIAN_POINT('',(78.071978875607,-13.0248239969,
    -4.997934886679));
#2457 = CARTESIAN_POINT('',(81.212146154049,-9.491832129056,
    -2.854708941587));
#2458 = CARTESIAN_POINT('',(78.063838269516,-13.02473583935,
    -4.997917435186));
#2459 = CARTESIAN_POINT('',(81.207434957246,-9.491734333421,
    -2.854586565575));
#2460 = CARTESIAN_POINT('',(78.055697672351,-13.02464727652,
    -4.997899897807));
#2461 = CARTESIAN_POINT('',(81.20272377722,-9.491635856257,
    -2.854463910678));
#2462 = CARTESIAN_POINT('',(78.047557084161,-13.02455830847,
    -4.997882274543));
#2463 = CARTESIAN_POINT('',(81.198012614049,-9.491536697566,
    -2.854340976912));
#2464 = CARTESIAN_POINT('',(78.039416504996,-13.02446893523,
    -4.997864565393));
#2465 = CARTESIAN_POINT('',(81.193301467811,-9.491436857353,
    -2.854217764295));
#2466 = CARTESIAN_POINT('',(78.031275934902,-13.02437915686,
    -4.997846770357));
#2467 = CARTESIAN_POINT('',(81.188590338586,-9.49133633562,
    -2.854094272843));
#2468 = CARTESIAN_POINT('',(78.019185995143,-13.02424522106,
    -4.997820214541));
#2469 = CARTESIAN_POINT('',(81.181593638716,-9.491186033791,
    -2.853910455647));
#2470 = CARTESIAN_POINT('',(78.015236618506,-13.02420137337,
    -4.99781151943));
#2471 = CARTESIAN_POINT('',(81.179308055003,-9.491136774805,
    -2.853850343094));
#2472 = CARTESIAN_POINT('',(78.01128724402,-13.02415743034,
    -4.997802804105));
#2473 = CARTESIAN_POINT('',(81.177022475323,-9.491087355411,
    -2.853790164919));
#2474 = CARTESIAN_POINT('',(78.007337871692,-13.02411339198,
    -4.997794068565));
#2475 = CARTESIAN_POINT('',(81.174736899682,-9.491037775611,
    -2.853729921122));
#2476 = CARTESIAN_POINT('',(78.003388501527,-13.0240692583,
    -4.99778531281));
#2477 = CARTESIAN_POINT('',(81.172451328092,-9.490988035403,
    -2.853669611707));
#2478 = CARTESIAN_POINT('',(77.999439133531,-13.02402502929,
    -4.997776536842));
#2479 = CARTESIAN_POINT('',(81.170165760559,-9.490938134789,
    -2.853609236674));
#2480 = CARTESIAN_POINT('',(77.991879814863,-13.02394018992,
    -4.99775970043));
#2481 = CARTESIAN_POINT('',(81.165791057545,-9.490842315049,
    -2.853493549717));
#2482 = CARTESIAN_POINT('',(77.988269863834,-13.02389959525,
    -4.997751643311));
#2483 = CARTESIAN_POINT('',(81.163701921394,-9.49079642231,
    -2.853438248586));
#2484 = CARTESIAN_POINT('',(77.984659914626,-13.02385892094,
    -4.997743569304));
#2485 = CARTESIAN_POINT('',(81.161612788648,-9.490750395551,
    -2.853382892635));
#2486 = CARTESIAN_POINT('',(77.981049967242,-13.023818167,
    -4.997735478408));
#2487 = CARTESIAN_POINT('',(81.159523659315,-9.490704234772,
    -2.853327481865));
#2488 = CARTESIAN_POINT('',(77.977440021688,-13.02377733344,
    -4.997727370623));
#2489 = CARTESIAN_POINT('',(81.1574345334,-9.490657939974,
    -2.853272016278));
#2490 = CARTESIAN_POINT('',(77.973830077967,-13.02373642025,
    -4.997719245949));
#2491 = CARTESIAN_POINT('',(81.155345410911,-9.490611511158,
    -2.853216495876));
#2492 = CARTESIAN_POINT('',(77.965631324851,-13.02364331908,
    -4.997700755162));
#2493 = CARTESIAN_POINT('',(81.150600688716,-9.490505759541,
    -2.853090275707));
#2494 = CARTESIAN_POINT('',(77.961042516587,-13.02359108206,
    -4.997690378649));
#2495 = CARTESIAN_POINT('',(81.147945091125,-9.490446354206,
    -2.853019542183));
#2496 = CARTESIAN_POINT('',(77.956453711301,-13.0235387164,
    -4.997679974845));
#2497 = CARTESIAN_POINT('',(81.145289499094,-9.490386732318,
    -2.852948720091));
#2498 = CARTESIAN_POINT('',(77.951864909001,-13.02348622211,
    -4.997669543752));
#2499 = CARTESIAN_POINT('',(81.142633912637,-9.490326893878,
    -2.852877809435));
#2500 = CARTESIAN_POINT('',(77.947276109697,-13.02343359921,
    -4.99765908537));
#2501 = CARTESIAN_POINT('',(81.139978331769,-9.490266838885,
    -2.852806810218));
#2502 = CARTESIAN_POINT('',(77.942687313395,-13.02338084769,
    -4.997648599697));
#2503 = CARTESIAN_POINT('',(81.137322756504,-9.490206567341,
    -2.852735722442));
#2504 = CARTESIAN_POINT('',(77.934497243492,-13.02328646735,
    -4.997629836183));
#2505 = CARTESIAN_POINT('',(81.132583100633,-9.4900986083,
    -2.852608687058));
#2506 = CARTESIAN_POINT('',(77.930895968733,-13.02324488792,
    -4.997621568822));
#2507 = CARTESIAN_POINT('',(81.13049901787,-9.490051003978,
    -2.852552773462));
#2508 = CARTESIAN_POINT('',(77.927294695833,-13.02320322929,
    -4.997613284653));
#2509 = CARTESIAN_POINT('',(81.128414938573,-9.490003266281,
    -2.852496805326));
#2510 = CARTESIAN_POINT('',(77.923693424797,-13.02316149146,
    -4.997604983677));
#2511 = CARTESIAN_POINT('',(81.126330862748,-9.489955395209,
    -2.852440782652));
#2512 = CARTESIAN_POINT('',(77.920092155628,-13.02311967444,
    -4.997596665893));
#2513 = CARTESIAN_POINT('',(81.124246790404,-9.489907390762,
    -2.852384705441));
#2514 = CARTESIAN_POINT('',(77.916490888331,-13.02307777823,
    -4.997588331301));
#2515 = CARTESIAN_POINT('',(81.122162721546,-9.48985925294,
    -2.852328573694));
#2516 = CARTESIAN_POINT('',(77.909347072988,-13.0229945118,
    -4.997571764665));
#2517 = CARTESIAN_POINT('',(81.118028569688,-9.489763497569,
    -2.852217117202));
#2518 = CARTESIAN_POINT('',(77.90580452488,-13.02295314415,
    -4.997563533164));
#2519 = CARTESIAN_POINT('',(81.115978486576,-9.489715884333,
    -2.85216179422));
#2520 = CARTESIAN_POINT('',(77.902261978592,-13.02291169988,
    -4.997555285399));
#2521 = CARTESIAN_POINT('',(81.11392840685,-9.489668142036,
    -2.85210641847));
#2522 = CARTESIAN_POINT('',(77.898719434127,-13.02287017899,
    -4.99754702137));
#2523 = CARTESIAN_POINT('',(81.111878330517,-9.489620270679,
    -2.852050989953));
#2524 = CARTESIAN_POINT('',(77.895176891489,-13.02282858149,
    -4.997538741077));
#2525 = CARTESIAN_POINT('',(81.109828257584,-9.489572270263,
    -2.85199550867));
#2526 = CARTESIAN_POINT('',(77.891634350682,-13.02278690738,
    -4.99753044452));
#2527 = CARTESIAN_POINT('',(81.107778188058,-9.489524140786,
    -2.851939974624));
#2528 = CARTESIAN_POINT('',(75.536317125635,-12.99502823662,
    -4.992003524629));
#2529 = CARTESIAN_POINT('',(79.744756900343,-9.457438633459,
    -2.814982140294));
#2530 = CARTESIAN_POINT('',(73.185351203671,-12.93355034254,
    -4.979317144135));
#2531 = CARTESIAN_POINT('',(78.386147793823,-9.368542631731,
    -2.754849675534));
#2532 = CARTESIAN_POINT('',(70.836351638521,-12.83949997981,
    -4.959474399233));
#2533 = CARTESIAN_POINT('',(77.031182397874,-9.222971975018,
    -2.671971873804));
#2534 = CARTESIAN_POINT('',(68.49033371444,-12.71409105464,-4.932507172)
  );
#2535 = CARTESIAN_POINT('',(75.681189196609,-9.020697631173,
    -2.56776927398));
#2536 = CARTESIAN_POINT('',(66.148171893697,-12.55853880397,
    -4.898463448619));
#2537 = CARTESIAN_POINT('',(74.337629774674,-8.761502836018,
    -2.444582712986));
#2538 = CARTESIAN_POINT('',(63.810600976551,-12.37404156143,
    -4.857402969795));
#2539 = CARTESIAN_POINT('',(73.002151262114,-8.445037722197,
    -2.305601771894));
#2540 = CARTESIAN_POINT('',(61.141527203681,-12.13112580374,
    -4.802462439283));
#2541 = CARTESIAN_POINT('',(71.4852528777,-8.016840292908,
    -2.133044619129));
#2542 = CARTESIAN_POINT('',(60.80494733695,-12.09990460674,
    -4.795387197812));
#2543 = CARTESIAN_POINT('',(71.294110961715,-7.961622695223,
    -2.111031356055));
#2544 = CARTESIAN_POINT('',(60.468479003426,-12.06810828449,
    -4.788167378531));
#2545 = CARTESIAN_POINT('',(71.103181505839,-7.905201026526,
    -2.088784002703));
#2546 = CARTESIAN_POINT('',(60.132123837943,-12.03574034098,
    -4.780803187252));
#2547 = CARTESIAN_POINT('',(70.912470156349,-7.847573899599,
    -2.066314892884));
#2548 = CARTESIAN_POINT('',(59.795883441374,-12.00280426769,
    -4.773294833078));
#2549 = CARTESIAN_POINT('',(70.721982647729,-7.788739887235,
    -2.043636702633));
#2550 = CARTESIAN_POINT('',(59.459759380727,-11.96930354321,
    -4.765642528251));
#2551 = CARTESIAN_POINT('',(70.531724803289,-7.728697524319,
    -2.020762447063));
#2552 = CARTESIAN_POINT('',(57.679255334694,-11.78880874708,
    -4.72433114304));
#2553 = CARTESIAN_POINT('',(69.524792713106,-7.404120719586,
    -1.898583068572));
#2554 = CARTESIAN_POINT('',(56.236935889106,-11.63200425799,
    -4.688159339457));
#2555 = CARTESIAN_POINT('',(68.712017615942,-7.118365509077,
    -1.796057272742));
#2556 = CARTESIAN_POINT('',(54.796916672107,-11.46510350311,
    -4.64934817786));
#2557 = CARTESIAN_POINT('',(67.903611765732,-6.80996166153,
    -1.691156526466));
#2558 = CARTESIAN_POINT('',(53.359307967393,-11.28837732312,
    -4.607915779876));
#2559 = CARTESIAN_POINT('',(67.099849340107,-6.478639120954,
    -1.58502141817));
#2560 = CARTESIAN_POINT('',(51.924208657762,-11.10209162926,
    -4.56388106932));
#2561 = CARTESIAN_POINT('',(66.301052974035,-6.12407942654,
    -1.478908854982));
#2562 = CARTESIAN_POINT('',(50.491706332766,-10.90650706014,
    -4.51726355724));
#2563 = CARTESIAN_POINT('',(65.507601517533,-5.745918702045,
    -1.374204759419));
#2564 = CARTESIAN_POINT('',(49.061877368981,-10.70187872785,
    -4.468083130844));
#2565 = CARTESIAN_POINT('',(64.719936749609,-5.34375,-1.272445296002));
#2566 = DEFINITIONAL_REPRESENTATION('',(#2567),#2571);
#2567 = LINE('',#2568,#2569);
#2568 = CARTESIAN_POINT('',(0.,0.));
#2569 = VECTOR('',#2570,1.);
#2570 = DIRECTION('',(0.,1.));
#2571 = ( GEOMETRIC_REPRESENTATION_CONTEXT(2) 
PARAMETRIC_REPRESENTATION_CONTEXT() REPRESENTATION_CONTEXT('2D SPACE',''
  ) );
#2572 = ORIENTED_EDGE('',*,*,#2573,.F.);
#2573 = EDGE_CURVE('',#1682,#1911,#2574,.T.);
#2574 = SURFACE_CURVE('',#2575,(#2596,#2603),.PCURVE_S1.);
#2575 = B_SPLINE_CURVE_WITH_KNOTS('',7,(#2576,#2577,#2578,#2579,#2580,
    #2581,#2582,#2583,#2584,#2585,#2586,#2587,#2588,#2589,#2590,#2591,
    #2592,#2593,#2594,#2595),.UNSPECIFIED.,.F.,.F.,(8,6,6,8),(0.,
    0.364526756223,0.682481679278,1.),.UNSPECIFIED.);
#2576 = CARTESIAN_POINT('',(88.300171188117,-5.109181390948,
    -1.633884899658));
#2577 = CARTESIAN_POINT('',(88.188164517041,-5.510369193467,
    -1.715699984612));
#2578 = CARTESIAN_POINT('',(88.042689533113,-5.90598015622,
    -1.803774933471));
#2579 = CARTESIAN_POINT('',(87.864284734419,-6.290141421614,
    -1.896608331573));
#2580 = CARTESIAN_POINT('',(87.654941620616,-6.657811960097,
    -1.99220236096));
#2581 = CARTESIAN_POINT('',(87.417529544425,-7.005096460411,
    -2.088308892558));
#2582 = CARTESIAN_POINT('',(87.155311818522,-7.329070992883,
    -2.182725559759));
#2583 = CARTESIAN_POINT('',(86.624370141551,-7.888108445406,
    -2.352591307385));
#2584 = CARTESIAN_POINT('',(86.360678356553,-8.129325146098,
    -2.428947836059));
#2585 = CARTESIAN_POINT('',(86.082783025244,-8.350053511042,
    -2.501236354307));
#2586 = CARTESIAN_POINT('',(85.792843590827,-8.549475516466,
    -2.568283671008));
#2587 = CARTESIAN_POINT('',(85.492968856068,-8.727105847604,
    -2.629091957156));
#2588 = CARTESIAN_POINT('',(85.185179275759,-8.882716699276,
    -2.682873098003));
#2589 = CARTESIAN_POINT('',(84.558069128344,-9.149693911484,
    -2.775175964285));
#2590 = CARTESIAN_POINT('',(84.238773931449,-9.261116567218,
    -2.813717196038));
#2591 = CARTESIAN_POINT('',(83.915470313089,-9.350547220153,
    -2.844109404573));
#2592 = CARTESIAN_POINT('',(83.590043502291,-9.418176813418,
    -2.865997611327));
#2593 = CARTESIAN_POINT('',(83.264316272039,-9.464384021589,
    -2.879260171416));
#2594 = CARTESIAN_POINT('',(82.940041677895,-9.489728717028,
    -2.884005510378));
#2595 = CARTESIAN_POINT('',(82.618889090345,-9.494959880145,
    -2.880547815626));
#2596 = PCURVE('',#1696,#2597);
#2597 = DEFINITIONAL_REPRESENTATION('',(#2598),#2602);
#2598 = LINE('',#2599,#2600);
#2599 = CARTESIAN_POINT('',(0.,1.));
#2600 = VECTOR('',#2601,1.);
#2601 = DIRECTION('',(1.,0.));
#2602 = ( GEOMETRIC_REPRESENTATION_CONTEXT(2) 
PARAMETRIC_REPRESENTATION_CONTEXT() REPRESENTATION_CONTEXT('2D SPACE',''
  ) );
#2603 = PCURVE('',#569,#2604);
#2604 = DEFINITIONAL_REPRESENTATION('',(#2605),#2626);
#2605 = B_SPLINE_CURVE_WITH_KNOTS('',7,(#2606,#2607,#2608,#2609,#2610,
    #2611,#2612,#2613,#2614,#2615,#2616,#2617,#2618,#2619,#2620,#2621,
    #2622,#2623,#2624,#2625),.UNSPECIFIED.,.F.,.F.,(8,6,6,8),(0.,
    0.364526756223,0.682481679278,1.),.UNSPECIFIED.);
#2606 = CARTESIAN_POINT('',(2.935775376811,-77.8739642975));
#2607 = CARTESIAN_POINT('',(2.919381868016,-77.76340255569));
#2608 = CARTESIAN_POINT('',(2.903150783163,-77.61948684811));
#2609 = CARTESIAN_POINT('',(2.887317246527,-77.44272938753));
#2610 = CARTESIAN_POINT('',(2.872088642269,-77.23508650355));
#2611 = CARTESIAN_POINT('',(2.857633096076,-76.99938787662));
#2612 = CARTESIAN_POINT('',(2.844084063355,-76.7388578858));
#2613 = CARTESIAN_POINT('',(2.820602943674,-76.21096163988));
#2614 = CARTESIAN_POINT('',(2.810426446847,-75.94864262159));
#2615 = CARTESIAN_POINT('',(2.801074866969,-75.67205122369));
#2616 = CARTESIAN_POINT('',(2.792593391162,-75.38332608548));
#2617 = CARTESIAN_POINT('',(2.785013446314,-75.08455827402));
#2618 = CARTESIAN_POINT('',(2.778354692102,-74.77775418188));
#2619 = CARTESIAN_POINT('',(2.7669050483,-74.15235045352));
#2620 = CARTESIAN_POINT('',(2.762111787164,-73.83377652407));
#2621 = CARTESIAN_POINT('',(2.758255227452,-73.51105256359));
#2622 = CARTESIAN_POINT('',(2.755333988128,-73.18605731875));
#2623 = CARTESIAN_POINT('',(2.753336377696,-72.86061116192));
#2624 = CARTESIAN_POINT('',(2.75224049719,-72.53646877396));
#2625 = CARTESIAN_POINT('',(2.752014301673,-72.21530475441));
#2626 = ( GEOMETRIC_REPRESENTATION_CONTEXT(2) 
PARAMETRIC_REPRESENTATION_CONTEXT() REPRESENTATION_CONTEXT('2D SPACE',''
  ) );
#2627 = ORIENTED_EDGE('',*,*,#1681,.F.);
#2628 = ADVANCED_FACE('',(#2629),#1925,.F.);
#2629 = FACE_BOUND('',#2630,.F.);
#2630 = EDGE_LOOP('',(#2631,#2701,#2723,#3366));
#2631 = ORIENTED_EDGE('',*,*,#2632,.T.);
#2632 = EDGE_CURVE('',#1841,#2633,#2635,.T.);
#2633 = VERTEX_POINT('',#2634);
#2634 = CARTESIAN_POINT('',(49.06187736898,-10.70187872785,
    -4.468083130844));
#2635 = SURFACE_CURVE('',#2636,(#2664,#2670),.PCURVE_S1.);
#2636 = B_SPLINE_CURVE_WITH_KNOTS('',6,(#2637,#2638,#2639,#2640,#2641,
    #2642,#2643,#2644,#2645,#2646,#2647,#2648,#2649,#2650,#2651,#2652,
    #2653,#2654,#2655,#2656,#2657,#2658,#2659,#2660,#2661,#2662,#2663),
  .UNSPECIFIED.,.F.,.F.,(7,5,5,5,5,7),(0.,0.150222599415,0.410666209091,
    0.572046031151,0.797020756372,1.),.UNSPECIFIED.);
#2637 = CARTESIAN_POINT('',(141.95693139814,9.353098767503E-02,
    -2.864877724775));
#2638 = CARTESIAN_POINT('',(138.92148502585,-1.384054126214,
    -3.074337908948));
#2639 = CARTESIAN_POINT('',(135.8015548074,-2.775690756935,
    -3.277254788285));
#2640 = CARTESIAN_POINT('',(132.60011249777,-4.074500705913,
    -3.472144834175));
#2641 = CARTESIAN_POINT('',(129.32193226304,-5.27494870453,
    -3.657423558652));
#2642 = CARTESIAN_POINT('',(125.97363756341,-6.37291125358,
    -3.831506401115));
#2643 = CARTESIAN_POINT('',(116.65242591882,-9.087581151421,
    -4.272830540589));
#2644 = CARTESIAN_POINT('',(110.55375321821,-10.49456335215,
    -4.514829087358));
#2645 = CARTESIAN_POINT('',(104.31548898202,-11.57286105899,
    -4.711196994344));
#2646 = CARTESIAN_POINT('',(97.984467283117,-12.33025328939,
    -4.856461199891));
#2647 = CARTESIAN_POINT('',(91.603631002147,-12.78601720458,
    -4.947905660354));
#2648 = CARTESIAN_POINT('',(81.248632333656,-13.07615827863,
    -5.007853060251));
#2649 = CARTESIAN_POINT('',(77.281063893545,-13.08098263253,
    -5.009895657561));
#2650 = CARTESIAN_POINT('',(73.314964329443,-12.98550278717,
    -4.990886926624));
#2651 = CARTESIAN_POINT('',(69.356320555148,-12.79621145656,
    -4.950934971869));
#2652 = CARTESIAN_POINT('',(65.409689592083,-12.51957662554,
    -4.890318799162));
#2653 = CARTESIAN_POINT('',(55.997469902553,-11.66295868538,
    -4.696576554829));
#2654 = CARTESIAN_POINT('',(50.54666694281,-11.00643734259,
    -4.544299637961));
#2655 = CARTESIAN_POINT('',(45.133741408055,-10.20891940485,
    -4.353524177597));
#2656 = CARTESIAN_POINT('',(39.763614319851,-9.286037611228,
    -4.125516254626));
#2657 = CARTESIAN_POINT('',(34.438380636511,-8.25174458018,
    -3.86156789943));
#2658 = CARTESIAN_POINT('',(24.392489385944,-6.09594975027,
    -3.293148474967));
#2659 = CARTESIAN_POINT('',(19.663994747084,-4.992939783127,
    -2.995183104866));
#2660 = CARTESIAN_POINT('',(14.971500751399,-3.818611455195,
    -2.669666060926));
#2661 = CARTESIAN_POINT('',(10.313915653549,-2.581395247562,
    -2.317334913348));
#2662 = CARTESIAN_POINT('',(5.689210935322,-1.289221062033,
    -1.938785011909));
#2663 = CARTESIAN_POINT('',(1.094226755134,5.0093329737E-02,
    -1.534371314692));
#2664 = PCURVE('',#1925,#2665);
#2665 = DEFINITIONAL_REPRESENTATION('',(#2666),#2669);
#2666 = B_SPLINE_CURVE_WITH_KNOTS('',1,(#2667,#2668),.UNSPECIFIED.,.F.,
  .F.,(2,2),(0.44261438668,0.657487030199),.PIECEWISE_BEZIER_KNOTS.);
#2667 = CARTESIAN_POINT('',(0.,0.));
#2668 = CARTESIAN_POINT('',(1.,0.));
#2669 = ( GEOMETRIC_REPRESENTATION_CONTEXT(2) 
PARAMETRIC_REPRESENTATION_CONTEXT() REPRESENTATION_CONTEXT('2D SPACE',''
  ) );
#2670 = PCURVE('',#1641,#2671);
#2671 = DEFINITIONAL_REPRESENTATION('',(#2672),#2700);
#2672 = B_SPLINE_CURVE_WITH_KNOTS('',6,(#2673,#2674,#2675,#2676,#2677,
    #2678,#2679,#2680,#2681,#2682,#2683,#2684,#2685,#2686,#2687,#2688,
    #2689,#2690,#2691,#2692,#2693,#2694,#2695,#2696,#2697,#2698,#2699),
  .UNSPECIFIED.,.F.,.F.,(7,5,5,5,5,7),(0.,0.150222599415,0.410666209091,
    0.572046031151,0.797020756372,1.),.UNSPECIFIED.);
#2673 = CARTESIAN_POINT('',(1.,0.405370754337));
#2674 = CARTESIAN_POINT('',(0.977014671915,0.420804402135));
#2675 = CARTESIAN_POINT('',(0.953560498566,0.434795975291));
#2676 = CARTESIAN_POINT('',(0.929679614246,0.447574506475));
#2677 = CARTESIAN_POINT('',(0.905415456572,0.459259667057));
#2678 = CARTESIAN_POINT('',(0.880817179996,0.469924006991));
#2679 = CARTESIAN_POINT('',(0.812816166848,0.496388812347));
#2680 = CARTESIAN_POINT('',(0.768839965738,0.510224355709));
#2681 = CARTESIAN_POINT('',(0.724330953174,0.521295170045));
#2682 = CARTESIAN_POINT('',(0.679540169602,0.529559981829));
#2683 = CARTESIAN_POINT('',(0.634675603897,0.534897928791));
#2684 = CARTESIAN_POINT('',(0.56216796592,0.538468739935));
#2685 = CARTESIAN_POINT('',(0.534457251985,0.538632312464));
#2686 = CARTESIAN_POINT('',(0.506806380322,0.537543720315));
#2687 = CARTESIAN_POINT('',(0.479236442075,0.535138616431));
#2688 = CARTESIAN_POINT('',(0.451760634165,0.531336339521));
#2689 = CARTESIAN_POINT('',(0.38622126478,0.51863542785));
#2690 = CARTESIAN_POINT('',(0.348255525067,0.508319505816));
#2691 = CARTESIAN_POINT('',(0.31049970293,0.494797622571));
#2692 = CARTESIAN_POINT('',(0.272955131403,0.4776880392));
#2693 = CARTESIAN_POINT('',(0.235615851002,0.456486555445));
#2694 = CARTESIAN_POINT('',(0.164966820689,0.40696772064));
#2695 = CARTESIAN_POINT('',(0.131622637099,0.379550525617));
#2696 = CARTESIAN_POINT('',(9.844074377119E-02,0.34766247936));
#2697 = CARTESIAN_POINT('',(6.54267727244E-02,0.310614265736));
#2698 = CARTESIAN_POINT('',(3.259843285769E-02,0.267504861806));
#2699 = CARTESIAN_POINT('',(0.,0.217108483161));
#2700 = ( GEOMETRIC_REPRESENTATION_CONTEXT(2) 
PARAMETRIC_REPRESENTATION_CONTEXT() REPRESENTATION_CONTEXT('2D SPACE',''
  ) );
#2701 = ORIENTED_EDGE('',*,*,#2702,.T.);
#2702 = EDGE_CURVE('',#2633,#2703,#2705,.T.);
#2703 = VERTEX_POINT('',#2704);
#2704 = CARTESIAN_POINT('',(64.719936749609,-5.34375,-1.272445296002));
#2705 = SURFACE_CURVE('',#2706,(#2709,#2716),.PCURVE_S1.);
#2706 = B_SPLINE_CURVE_WITH_KNOTS('',1,(#2707,#2708),.UNSPECIFIED.,.F.,
  .F.,(2,2),(0.,1.),.PIECEWISE_BEZIER_KNOTS.);
#2707 = CARTESIAN_POINT('',(49.061877368981,-10.70187872785,
    -4.468083130844));
#2708 = CARTESIAN_POINT('',(64.719936749609,-5.34375,-1.272445296002));
#2709 = PCURVE('',#1925,#2710);
#2710 = DEFINITIONAL_REPRESENTATION('',(#2711),#2715);
#2711 = LINE('',#2712,#2713);
#2712 = CARTESIAN_POINT('',(1.,0.));
#2713 = VECTOR('',#2714,1.);
#2714 = DIRECTION('',(0.,1.));
#2715 = ( GEOMETRIC_REPRESENTATION_CONTEXT(2) 
PARAMETRIC_REPRESENTATION_CONTEXT() REPRESENTATION_CONTEXT('2D SPACE',''
  ) );
#2716 = PCURVE('',#638,#2717);
#2717 = DEFINITIONAL_REPRESENTATION('',(#2718),#2722);
#2718 = LINE('',#2719,#2720);
#2719 = CARTESIAN_POINT('',(0.,0.));
#2720 = VECTOR('',#2721,1.);
#2721 = DIRECTION('',(0.,1.));
#2722 = ( GEOMETRIC_REPRESENTATION_CONTEXT(2) 
PARAMETRIC_REPRESENTATION_CONTEXT() REPRESENTATION_CONTEXT('2D SPACE',''
  ) );
#2723 = ORIENTED_EDGE('',*,*,#2724,.F.);
#2724 = EDGE_CURVE('',#1911,#2703,#2725,.T.);
#2725 = SURFACE_CURVE('',#2726,(#3041,#3048),.PCURVE_S1.);
#2726 = B_SPLINE_CURVE_WITH_KNOTS('',7,(#2727,#2728,#2729,#2730,#2731,
    #2732,#2733,#2734,#2735,#2736,#2737,#2738,#2739,#2740,#2741,#2742,
    #2743,#2744,#2745,#2746,#2747,#2748,#2749,#2750,#2751,#2752,#2753,
    #2754,#2755,#2756,#2757,#2758,#2759,#2760,#2761,#2762,#2763,#2764,
    #2765,#2766,#2767,#2768,#2769,#2770,#2771,#2772,#2773,#2774,#2775,
    #2776,#2777,#2778,#2779,#2780,#2781,#2782,#2783,#2784,#2785,#2786,
    #2787,#2788,#2789,#2790,#2791,#2792,#2793,#2794,#2795,#2796,#2797,
    #2798,#2799,#2800,#2801,#2802,#2803,#2804,#2805,#2806,#2807,#2808,
    #2809,#2810,#2811,#2812,#2813,#2814,#2815,#2816,#2817,#2818,#2819,
    #2820,#2821,#2822,#2823,#2824,#2825,#2826,#2827,#2828,#2829,#2830,
    #2831,#2832,#2833,#2834,#2835,#2836,#2837,#2838,#2839,#2840,#2841,
    #2842,#2843,#2844,#2845,#2846,#2847,#2848,#2849,#2850,#2851,#2852,
    #2853,#2854,#2855,#2856,#2857,#2858,#2859,#2860,#2861,#2862,#2863,
    #2864,#2865,#2866,#2867,#2868,#2869,#2870,#2871,#2872,#2873,#2874,
    #2875,#2876,#2877,#2878,#2879,#2880,#2881,#2882,#2883,#2884,#2885,
    #2886,#2887,#2888,#2889,#2890,#2891,#2892,#2893,#2894,#2895,#2896,
    #2897,#2898,#2899,#2900,#2901,#2902,#2903,#2904,#2905,#2906,#2907,
    #2908,#2909,#2910,#2911,#2912,#2913,#2914,#2915,#2916,#2917,#2918,
    #2919,#2920,#2921,#2922,#2923,#2924,#2925,#2926,#2927,#2928,#2929,
    #2930,#2931,#2932,#2933,#2934,#2935,#2936,#2937,#2938,#2939,#2940,
    #2941,#2942,#2943,#2944,#2945,#2946,#2947,#2948,#2949,#2950,#2951,
    #2952,#2953,#2954,#2955,#2956,#2957,#2958,#2959,#2960,#2961,#2962,
    #2963,#2964,#2965,#2966,#2967,#2968,#2969,#2970,#2971,#2972,#2973,
    #2974,#2975,#2976,#2977,#2978,#2979,#2980,#2981,#2982,#2983,#2984,
    #2985,#2986,#2987,#2988,#2989,#2990,#2991,#2992,#2993,#2994,#2995,
    #2996,#2997,#2998,#2999,#3000,#3001,#3002,#3003,#3004,#3005,#3006,
    #3007,#3008,#3009,#3010,#3011,#3012,#3013,#3014,#3015,#3016,#3017,
    #3018,#3019,#3020,#3021,#3022,#3023,#3024,#3025,#3026,#3027,#3028,
    #3029,#3030,#3031,#3032,#3033,#3034,#3035,#3036,#3037,#3038,#3039,
    #3040),.UNSPECIFIED.,.F.,.F.,(8,6,6,6,6,6,6,6,6,6,6,6,6,6,6,6,6,6,6,
    6,6,6,6,6,6,6,6,6,6,6,6,6,6,6,6,6,6,6,6,6,6,6,6,6,6,6,6,6,6,6,6,6,8)
  ,(0.,7.752424979979E-04,1.662025217447E-03,2.574022415584E-03,
    3.513515556242E-03,4.381360515287E-03,5.380644524117E-03,
    6.380067835805E-03,7.417396218011E-03,8.418637439208E-03,
    9.203897870899E-03,9.888689894925E-03,1.059372399863E-02,
    1.126818703183E-02,1.20179282043E-02,1.282274236116E-02,
    1.363032779288E-02,1.450244243315E-02,1.54159930982E-02,
    1.657687248642E-02,1.762100899755E-02,1.899149241666E-02,
    2.038935769241E-02,5.898425710699E-02,6.019365869833E-02,
    6.096002334614E-02,6.222998191828E-02,6.265987198376E-02,
    6.347337201481E-02,6.418424017065E-02,6.493167646693E-02,
    6.553249871008E-02,6.619428504761E-02,6.68071729335E-02,
    6.740890617433E-02,6.876592812571E-02,7.028093626785E-02,
    7.094108203388E-02,7.188090550284E-02,7.271305221357E-02,
    7.319270430849E-02,7.380490893748E-02,7.459789560472E-02,
    7.531694740948E-02,7.647291068489E-02,7.827224218979E-02,
    7.914518469266E-02,7.994310552699E-02,8.095739002389E-02,
    8.175339864941E-02,8.253642904717E-02,0.677403889229,1.),
  .UNSPECIFIED.);
#2727 = CARTESIAN_POINT('',(82.618889090345,-9.494959880145,
    -2.880547815626));
#2728 = CARTESIAN_POINT('',(82.616858349838,-9.4949929583,
    -2.880525951624));
#2729 = CARTESIAN_POINT('',(82.61482760931,-9.495025909793,
    -2.880504035676));
#2730 = CARTESIAN_POINT('',(82.612796868766,-9.495058734625,
    -2.880482067781));
#2731 = CARTESIAN_POINT('',(82.610766128213,-9.495091432797,
    -2.880460047939));
#2732 = CARTESIAN_POINT('',(82.608735387658,-9.495124004308,
    -2.880437976149));
#2733 = CARTESIAN_POINT('',(82.606704647106,-9.49515644916,
    -2.880415852411));
#2734 = CARTESIAN_POINT('',(82.602350987447,-9.495225735416,
    -2.880368310445));
#2735 = CARTESIAN_POINT('',(82.600028068342,-9.495262537752,
    -2.880342876193));
#2736 = CARTESIAN_POINT('',(82.59770514926,-9.49529917436,
    -2.880317373968));
#2737 = CARTESIAN_POINT('',(82.595382230211,-9.495335645241,
    -2.880291803767));
#2738 = CARTESIAN_POINT('',(82.593059311203,-9.495371950395,
    -2.880266165591));
#2739 = CARTESIAN_POINT('',(82.590736392247,-9.495408089822,
    -2.880240459437));
#2740 = CARTESIAN_POINT('',(82.586024505369,-9.49548106009,
    -2.880188178322));
#2741 = CARTESIAN_POINT('',(82.583635537451,-9.495517881372,
    -2.880161599439));
#2742 = CARTESIAN_POINT('',(82.581246569608,-9.49555452737,
    -2.880134948657));
#2743 = CARTESIAN_POINT('',(82.57885760185,-9.495590998085,
    -2.880108225975));
#2744 = CARTESIAN_POINT('',(82.576468634187,-9.495627293518,
    -2.880081431391));
#2745 = CARTESIAN_POINT('',(82.574079666631,-9.495663413669,
    -2.880054564906));
#2746 = CARTESIAN_POINT('',(82.569229706406,-9.495736387116,
    -2.879999875958));
#2747 = CARTESIAN_POINT('',(82.566768713745,-9.495773229683,
    -2.879972049095));
#2748 = CARTESIAN_POINT('',(82.564307721219,-9.495809886242,
    -2.879944145928));
#2749 = CARTESIAN_POINT('',(82.561846728839,-9.495846356791,
    -2.879916166454));
#2750 = CARTESIAN_POINT('',(82.559385736616,-9.495882641333,
    -2.879888110672));
#2751 = CARTESIAN_POINT('',(82.556924744562,-9.495918739868,
    -2.879859978583));
#2752 = CARTESIAN_POINT('',(82.552190442431,-9.495987826142,
    -2.879805713032));
#2753 = CARTESIAN_POINT('',(82.549917132328,-9.49602084117,
    -2.879779590766));
#2754 = CARTESIAN_POINT('',(82.547643822388,-9.496053697481,
    -2.879753403385));
#2755 = CARTESIAN_POINT('',(82.545370512618,-9.496086395075,
    -2.879727150888));
#2756 = CARTESIAN_POINT('',(82.54309720303,-9.496118933952,
    -2.879700833276));
#2757 = CARTESIAN_POINT('',(82.54082389363,-9.496151314114,
    -2.879674450546));
#2758 = CARTESIAN_POINT('',(82.535932972251,-9.496220637091,
    -2.879617549206));
#2759 = CARTESIAN_POINT('',(82.533315360337,-9.49625752819,
    -2.879587009377));
#2760 = CARTESIAN_POINT('',(82.5306977487,-9.496294208857,
    -2.879556383211));
#2761 = CARTESIAN_POINT('',(82.528080137352,-9.496330679093,
    -2.879525670707));
#2762 = CARTESIAN_POINT('',(82.525462526307,-9.496366938899,
    -2.879494871863));
#2763 = CARTESIAN_POINT('',(82.52284491558,-9.496402988275,
    -2.879463986679));
#2764 = CARTESIAN_POINT('',(82.517609329885,-9.496474671168,
    -2.879402039311));
#2765 = CARTESIAN_POINT('',(82.514991354917,-9.496510304625,
    -2.879370977103));
#2766 = CARTESIAN_POINT('',(82.512373380294,-9.496545727595,
    -2.879339828529));
#2767 = CARTESIAN_POINT('',(82.509755406029,-9.49658094008,
    -2.879308593586));
#2768 = CARTESIAN_POINT('',(82.507137432136,-9.49661594208,
    -2.879277272276));
#2769 = CARTESIAN_POINT('',(82.504519458628,-9.496650733596,
    -2.879245864595));
#2770 = CARTESIAN_POINT('',(82.499184220694,-9.496721207212,
    -2.87918168202));
#2771 = CARTESIAN_POINT('',(82.496466956299,-9.496756873045,
    -2.87914890045));
#2772 = CARTESIAN_POINT('',(82.493749692348,-9.496792312126,
    -2.879116025832));
#2773 = CARTESIAN_POINT('',(82.491032428859,-9.496827524457,
    -2.879083058165));
#2774 = CARTESIAN_POINT('',(82.488315165844,-9.496862510037,
    -2.879049997449));
#2775 = CARTESIAN_POINT('',(82.485597903321,-9.496897268869,
    -2.879016843682));
#2776 = CARTESIAN_POINT('',(82.480257908919,-9.496965131715,
    -2.878951506653));
#2777 = CARTESIAN_POINT('',(82.477635177006,-9.496998251231,
    -2.878919329753));
#2778 = CARTESIAN_POINT('',(82.475012445578,-9.497031159502,
    -2.878887066162));
#2779 = CARTESIAN_POINT('',(82.472389714649,-9.497063856528,
    -2.878854715879));
#2780 = CARTESIAN_POINT('',(82.469766984232,-9.49709634231,
    -2.878822278903));
#2781 = CARTESIAN_POINT('',(82.467144254342,-9.497128616849,
    -2.878789755233));
#2782 = CARTESIAN_POINT('',(82.462464552566,-9.497185826971,
    -2.878731568984));
#2783 = CARTESIAN_POINT('',(82.460407580474,-9.49721084386,
    -2.878705939774));
#2784 = CARTESIAN_POINT('',(82.45835060872,-9.497235730813,
    -2.878680257236));
#2785 = CARTESIAN_POINT('',(82.456293637312,-9.49726048783,
    -2.878654521372));
#2786 = CARTESIAN_POINT('',(82.454236666255,-9.497285114912,
    -2.878628732179));
#2787 = CARTESIAN_POINT('',(82.452179695557,-9.497309612059,
    -2.878602889659));
#2788 = CARTESIAN_POINT('',(82.448328929407,-9.497355228874,
    -2.878554411148));
#2789 = CARTESIAN_POINT('',(82.446535133867,-9.497376379663,
    -2.87853178793));
#2790 = CARTESIAN_POINT('',(82.44474133861,-9.49739743164,
    -2.878509124157));
#2791 = CARTESIAN_POINT('',(82.442947543639,-9.497418384804,
    -2.878486419827));
#2792 = CARTESIAN_POINT('',(82.441153748958,-9.497439239156,
    -2.878463674941));
#2793 = CARTESIAN_POINT('',(82.439359954573,-9.497459994695,
    -2.878440889499));
#2794 = CARTESIAN_POINT('',(82.435719342824,-9.497501918751,
    -2.878394562776));
#2795 = CARTESIAN_POINT('',(82.433872525479,-9.49752308134,
    -2.878371019063));
#2796 = CARTESIAN_POINT('',(82.432025708455,-9.497544139189,
    -2.878347432359));
#2797 = CARTESIAN_POINT('',(82.430178891759,-9.497565092298,
    -2.878323802665));
#2798 = CARTESIAN_POINT('',(82.428332075395,-9.497585940668,
    -2.87830012998));
#2799 = CARTESIAN_POINT('',(82.426485259367,-9.497606684299,
    -2.878276414304));
#2800 = CARTESIAN_POINT('',(82.422871707996,-9.497647067158,
    -2.878229927172));
#2801 = CARTESIAN_POINT('',(82.421104972625,-9.497666715273,
    -2.878207159363));
#2802 = CARTESIAN_POINT('',(82.41933823757,-9.497686267534,
    -2.87818435221));
#2803 = CARTESIAN_POINT('',(82.417571502835,-9.497705723944,
    -2.878161505713));
#2804 = CARTESIAN_POINT('',(82.415804768426,-9.497725084502,
    -2.878138619871));
#2805 = CARTESIAN_POINT('',(82.414038034345,-9.497744349209,
    -2.878115694684));
#2806 = CARTESIAN_POINT('',(82.41030737824,-9.497784826392,
    -2.878067202504));
#2807 = CARTESIAN_POINT('',(82.408343456294,-9.497806016279,
    -2.878041626238));
#2808 = CARTESIAN_POINT('',(82.406379534765,-9.497827087724,
    -2.878016001354));
#2809 = CARTESIAN_POINT('',(82.40441561366,-9.497848040728,
    -2.877990327851));
#2810 = CARTESIAN_POINT('',(82.402451692983,-9.497868875291,
    -2.877964605729));
#2811 = CARTESIAN_POINT('',(82.400487772742,-9.497889591414,
    -2.877938834989));
#2812 = CARTESIAN_POINT('',(82.396415671456,-9.497932299802,
    -2.877885299681));
#2813 = CARTESIAN_POINT('',(82.394307490479,-9.497954274028,
    -2.87785752771));
#2814 = CARTESIAN_POINT('',(82.392199310016,-9.497976111775,
    -2.877829699713));
#2815 = CARTESIAN_POINT('',(82.390091130076,-9.497997813043,
    -2.877801815691));
#2816 = CARTESIAN_POINT('',(82.387982950664,-9.498019377832,
    -2.877773875644));
#2817 = CARTESIAN_POINT('',(82.385874771789,-9.498040806144,
    -2.877745879571));
#2818 = CARTESIAN_POINT('',(82.381651155882,-9.498083463127,
    -2.877689678777));
#2819 = CARTESIAN_POINT('',(82.379535718854,-9.498104690857,
    -2.877661473671));
#2820 = CARTESIAN_POINT('',(82.37742028238,-9.498125781168,
    -2.877633212152));
#2821 = CARTESIAN_POINT('',(82.375304846468,-9.498146734061,
    -2.877604894219));
#2822 = CARTESIAN_POINT('',(82.373189411124,-9.498167549536,
    -2.877576519872));
#2823 = CARTESIAN_POINT('',(82.371073976357,-9.498188227593,
    -2.877548089111));
#2824 = CARTESIAN_POINT('',(82.36667407659,-9.498230950149,
    -2.877488838525));
#2825 = CARTESIAN_POINT('',(82.364389611688,-9.49825297181,
    -2.877458009323));
#2826 = CARTESIAN_POINT('',(82.362105147475,-9.498274833217,
    -2.877427114332));
#2827 = CARTESIAN_POINT('',(82.359820683959,-9.498296534369,
    -2.877396153549));
#2828 = CARTESIAN_POINT('',(82.357536221151,-9.498318075268,
    -2.877365126975));
#2829 = CARTESIAN_POINT('',(82.355251759059,-9.498339455914,
    -2.877334034609));
#2830 = CARTESIAN_POINT('',(82.350574296698,-9.498382904927,
    -2.877270237904));
#2831 = CARTESIAN_POINT('',(82.348181296499,-9.498404957704,
    -2.877237527163));
#2832 = CARTESIAN_POINT('',(82.345788297107,-9.498426834639,
    -2.87720474423));
#2833 = CARTESIAN_POINT('',(82.343395298531,-9.498448535733,
    -2.877171889103));
#2834 = CARTESIAN_POINT('',(82.341002300782,-9.498470060986,
    -2.877138961783));
#2835 = CARTESIAN_POINT('',(82.33860930387,-9.4984914104,-2.877105962269
    ));
#2836 = CARTESIAN_POINT('',(82.333175447661,-9.498539489941,
    -2.877030865234));
#2837 = CARTESIAN_POINT('',(82.330134588885,-9.49856611197,
    -2.876988723331));
#2838 = CARTESIAN_POINT('',(82.3270937315,-9.498592450061,-2.87694646485
    ));
#2839 = CARTESIAN_POINT('',(82.324052875525,-9.498618504214,
    -2.87690408979));
#2840 = CARTESIAN_POINT('',(82.321012020983,-9.498644274432,
    -2.876861598152));
#2841 = CARTESIAN_POINT('',(82.317971167896,-9.498669760714,
    -2.876818989933));
#2842 = CARTESIAN_POINT('',(82.312195265402,-9.498717630958,
    -2.876737836919));
#2843 = CARTESIAN_POINT('',(82.309460215715,-9.498740069155,
    -2.876699314392));
#2844 = CARTESIAN_POINT('',(82.306725167236,-9.498762277655,
    -2.876660697553));
#2845 = CARTESIAN_POINT('',(82.303990119982,-9.498784256458,
    -2.8766219864));
#2846 = CARTESIAN_POINT('',(82.301255073968,-9.498806005566,
    -2.876583180935));
#2847 = CARTESIAN_POINT('',(82.298520029209,-9.498827524979,
    -2.876544281155));
#2848 = CARTESIAN_POINT('',(82.292195099045,-9.498876758559,
    -2.876454105287));
#2849 = CARTESIAN_POINT('',(82.288605214558,-9.498904306706,
    -2.876402761029));
#2850 = CARTESIAN_POINT('',(82.285015332296,-9.498931459139,
    -2.876351254286));
#2851 = CARTESIAN_POINT('',(82.281425452294,-9.49895821586,
    -2.876299585057));
#2852 = CARTESIAN_POINT('',(82.277835574587,-9.498984576871,
    -2.876247753341));
#2853 = CARTESIAN_POINT('',(82.27424569921,-9.499010542175,
    -2.876195759138));
#2854 = CARTESIAN_POINT('',(82.266994228577,-9.499062192242,
    -2.876090403679));
#2855 = CARTESIAN_POINT('',(82.263332633417,-9.499087861036,
    -2.876037035865));
#2856 = CARTESIAN_POINT('',(82.259671040754,-9.499113118155,
    -2.875983499005));
#2857 = CARTESIAN_POINT('',(82.256009450626,-9.499137963602,
    -2.875929793096));
#2858 = CARTESIAN_POINT('',(82.252347863071,-9.499162397378,
    -2.875875918139));
#2859 = CARTESIAN_POINT('',(82.248686278125,-9.499186419486,
    -2.875821874133));
#2860 = CARTESIAN_POINT('',(82.143928829878,-9.499861911473,
    -2.874270844835));
#2861 = CARTESIAN_POINT('',(82.042834980278,-9.500199977006,
    -2.872645160834));
#2862 = CARTESIAN_POINT('',(81.941743931665,-9.500224266666,
    -2.870890595861));
#2863 = CARTESIAN_POINT('',(81.840656466956,-9.499934818814,
    -2.869007167275));
#2864 = CARTESIAN_POINT('',(81.739573367347,-9.499331670035,
    -2.866994923015));
#2865 = CARTESIAN_POINT('',(81.638495412309,-9.498414855134,
    -2.86485394159));
#2866 = CARTESIAN_POINT('',(81.534256207786,-9.497145850083,
    -2.862513212085));
#2867 = CARTESIAN_POINT('',(81.531089041797,-9.497106985059,
    -2.862441965778));
#2868 = CARTESIAN_POINT('',(81.527921881649,-9.49706781207,
    -2.862370593171));
#2869 = CARTESIAN_POINT('',(81.524754727364,-9.497028331117,
    -2.862299094267));
#2870 = CARTESIAN_POINT('',(81.521587578966,-9.4969885422,
    -2.862227469068));
#2871 = CARTESIAN_POINT('',(81.51842043648,-9.496948445321,
    -2.86215571758));
#2872 = CARTESIAN_POINT('',(81.513246372285,-9.496882437041,
    -2.862038292827));
#2873 = CARTESIAN_POINT('',(81.511239447024,-9.496856709942,
    -2.861992695141));
#2874 = CARTESIAN_POINT('',(81.509232524152,-9.496830859184,
    -2.861947046747));
#2875 = CARTESIAN_POINT('',(81.507225603675,-9.496804884768,
    -2.861901347645));
#2876 = CARTESIAN_POINT('',(81.505218685601,-9.496778786693,
    -2.861855597836));
#2877 = CARTESIAN_POINT('',(81.503211769934,-9.496752564961,
    -2.861809797321));
#2878 = CARTESIAN_POINT('',(81.497879159577,-9.496682562084,
    -2.861687965105));
#2879 = CARTESIAN_POINT('',(81.494553469102,-9.496638565027,
    -2.861611844871));
#2880 = CARTESIAN_POINT('',(81.491227785283,-9.496594228402,
    -2.861535585403));
#2881 = CARTESIAN_POINT('',(81.487902108147,-9.496549552208,
    -2.861459186705));
#2882 = CARTESIAN_POINT('',(81.484576437724,-9.496504536448,
    -2.861382648781));
#2883 = CARTESIAN_POINT('',(81.481250774039,-9.496459181122,
    -2.861305971635));
#2884 = CARTESIAN_POINT('',(81.476799358454,-9.496398018184,
    -2.861203152384));
#2885 = CARTESIAN_POINT('',(81.475673600562,-9.496382511227,
    -2.861177133543));
#2886 = CARTESIAN_POINT('',(81.474547843446,-9.49636696536,
    -2.86115109875));
#2887 = CARTESIAN_POINT('',(81.473422087108,-9.496351380584,
    -2.861125048005));
#2888 = CARTESIAN_POINT('',(81.472296331548,-9.496335756898,
    -2.861098981307));
#2889 = CARTESIAN_POINT('',(81.471170576768,-9.496320094302,
    -2.861072898658));
#2890 = CARTESIAN_POINT('',(81.467914508564,-9.496274680144,
    -2.860997412517));
#2891 = CARTESIAN_POINT('',(81.465784197155,-9.496244828156,
    -2.860947967855));
#2892 = CARTESIAN_POINT('',(81.463653888549,-9.496214836835,
    -2.860898466071));
#2893 = CARTESIAN_POINT('',(81.461523582753,-9.496184706182,
    -2.860848907168));
#2894 = CARTESIAN_POINT('',(81.459393279775,-9.496154436196,
    -2.860799291145));
#2895 = CARTESIAN_POINT('',(81.457262979623,-9.496124026877,
    -2.860749618005));
#2896 = CARTESIAN_POINT('',(81.453271145154,-9.49606678362,
    -2.860656431503));
#2897 = CARTESIAN_POINT('',(81.45140961017,-9.496039982621,
    -2.860612931645));
#2898 = CARTESIAN_POINT('',(81.449548077352,-9.496013075228,
    -2.860569388173));
#2899 = CARTESIAN_POINT('',(81.447686546707,-9.495986061443,
    -2.860525801089));
#2900 = CARTESIAN_POINT('',(81.44582501824,-9.495958941265,
    -2.860482170393));
#2901 = CARTESIAN_POINT('',(81.443963491954,-9.495931714695,
    -2.860438496087));
#2902 = CARTESIAN_POINT('',(81.440144684123,-9.49587564272,
    -2.860348811337));
#2903 = CARTESIAN_POINT('',(81.438187402808,-9.495846786089,
    -2.860302796292));
#2904 = CARTESIAN_POINT('',(81.436230123917,-9.495817811838,
    -2.860256733035));
#2905 = CARTESIAN_POINT('',(81.434272847455,-9.495788719968,
    -2.860210621568));
#2906 = CARTESIAN_POINT('',(81.432315573428,-9.495759510478,
    -2.860164461891));
#2907 = CARTESIAN_POINT('',(81.430358301841,-9.49573018337,
    -2.860118254006));
#2908 = CARTESIAN_POINT('',(81.426827693485,-9.495677069675,
    -2.860034815227));
#2909 = CARTESIAN_POINT('',(81.42525435585,-9.495653324704,
    -2.85999760139));
#2910 = CARTESIAN_POINT('',(81.423681019799,-9.495629503733,
    -2.859960356404));
#2911 = CARTESIAN_POINT('',(81.422107685335,-9.495605606761,
    -2.859923080268));
#2912 = CARTESIAN_POINT('',(81.420534352459,-9.495581633789,
    -2.859885772984));
#2913 = CARTESIAN_POINT('',(81.418961021176,-9.495557584816,
    -2.859848434552));
#2914 = CARTESIAN_POINT('',(81.415654719543,-9.495506886961,
    -2.859769903584));
#2915 = CARTESIAN_POINT('',(81.413921749533,-9.495480221874,
    -2.859728704407));
#2916 = CARTESIAN_POINT('',(81.412188781462,-9.495453464581,
    -2.859687467441));
#2917 = CARTESIAN_POINT('',(81.410455815334,-9.495426615082,
    -2.859646192687));
#2918 = CARTESIAN_POINT('',(81.408722851154,-9.495399673378,
    -2.859604880145));
#2919 = CARTESIAN_POINT('',(81.406989888924,-9.495372639468,
    -2.859563529817));
#2920 = CARTESIAN_POINT('',(81.403652014346,-9.495320391548,
    -2.859483811697));
#2921 = CARTESIAN_POINT('',(81.402047101719,-9.49529519066,
    -2.859445449284));
#2922 = CARTESIAN_POINT('',(81.400442190772,-9.49526991069,
    -2.859407054462));
#2923 = CARTESIAN_POINT('',(81.398837281508,-9.495244551636,
    -2.859368627233));
#2924 = CARTESIAN_POINT('',(81.397232373931,-9.495219113501,
    -2.859330167597));
#2925 = CARTESIAN_POINT('',(81.395627468042,-9.495193596283,
    -2.859291675555));
#2926 = CARTESIAN_POINT('',(81.392446869129,-9.495142869538,
    -2.859215327809));
#2927 = CARTESIAN_POINT('',(81.390871176045,-9.495117662864,
    -2.859177473275));
#2928 = CARTESIAN_POINT('',(81.389295484594,-9.495092379961,
    -2.859139587504));
#2929 = CARTESIAN_POINT('',(81.387719794781,-9.495067020828,
    -2.859101670497));
#2930 = CARTESIAN_POINT('',(81.386144106607,-9.495041585465,
    -2.859063722254));
#2931 = CARTESIAN_POINT('',(81.384568420077,-9.495016073873,
    -2.859025742777));
#2932 = CARTESIAN_POINT('',(81.379439268587,-9.494932780689,
    -2.858902010742));
#2933 = CARTESIAN_POINT('',(81.375885810354,-9.494874687634,
    -2.858816130564));
#2934 = CARTESIAN_POINT('',(81.372332360525,-9.494816206888,
    -2.858730091537));
#2935 = CARTESIAN_POINT('',(81.368778919135,-9.494757338452,
    -2.858643893669));
#2936 = CARTESIAN_POINT('',(81.365225486217,-9.494698082328,
    -2.858557536964));
#2937 = CARTESIAN_POINT('',(81.361672061806,-9.494638438518,
    -2.858471021428));
#2938 = CARTESIAN_POINT('',(81.354151536948,-9.494511386583,
    -2.858287581972));
#2939 = CARTESIAN_POINT('',(81.350184438607,-9.494443882936,
    -2.858190618918));
#2940 = CARTESIAN_POINT('',(81.346217350956,-9.49437589608,
    -2.858093457914));
#2941 = CARTESIAN_POINT('',(81.342250274044,-9.494307426018,
    -2.857996098969));
#2942 = CARTESIAN_POINT('',(81.338283207917,-9.494238472752,
    -2.857898542091));
#2943 = CARTESIAN_POINT('',(81.334316152622,-9.494169036283,
    -2.85780078729));
#2944 = CARTESIAN_POINT('',(81.328620518437,-9.494068649997,
    -2.857660152909));
#2945 = CARTESIAN_POINT('',(81.326891930733,-9.494038091636,
    -2.857617433666));
#2946 = CARTESIAN_POINT('',(81.325163345099,-9.494007441531,
    -2.857574676846));
#2947 = CARTESIAN_POINT('',(81.323434761538,-9.493976699682,
    -2.85753188245));
#2948 = CARTESIAN_POINT('',(81.321706180055,-9.49394586609,
    -2.857489050479));
#2949 = CARTESIAN_POINT('',(81.319977600652,-9.493914940755,
    -2.857446180933));
#2950 = CARTESIAN_POINT('',(81.31578811604,-9.493839765887,
    -2.857342188641));
#2951 = CARTESIAN_POINT('',(81.313327212972,-9.493795422151,
    -2.857281027313));
#2952 = CARTESIAN_POINT('',(81.310866314141,-9.493750892469,
    -2.857219789832));
#2953 = CARTESIAN_POINT('',(81.308405419558,-9.493706176843,
    -2.857158476201));
#2954 = CARTESIAN_POINT('',(81.305944529234,-9.493661275273,
    -2.857097086421));
#2955 = CARTESIAN_POINT('',(81.303483643182,-9.493616187758,
    -2.857035620494));
#2956 = CARTESIAN_POINT('',(81.298843825963,-9.493530827879,
    -2.856919587304));
#2957 = CARTESIAN_POINT('',(81.296664893872,-9.493490595681,
    -2.85686503649));
#2958 = CARTESIAN_POINT('',(81.294485965146,-9.493450217707,
    -2.856810425981));
#2959 = CARTESIAN_POINT('',(81.292307039793,-9.493409693956,
    -2.856755755778));
#2960 = CARTESIAN_POINT('',(81.290128117819,-9.493369024429,
    -2.856701025885));
#2961 = CARTESIAN_POINT('',(81.287949199234,-9.493328209127,
    -2.856646236302));
#2962 = CARTESIAN_POINT('',(81.284514350179,-9.493263637951,
    -2.856559771729));
#2963 = CARTESIAN_POINT('',(81.283258417442,-9.493239979419,
    -2.856528136598));
#2964 = CARTESIAN_POINT('',(81.282002485834,-9.493216272455,
    -2.856496481636));
#2965 = CARTESIAN_POINT('',(81.280746555357,-9.493192517058,
    -2.856464806844));
#2966 = CARTESIAN_POINT('',(81.279490626013,-9.493168713229,
    -2.856433112222));
#2967 = CARTESIAN_POINT('',(81.278234697804,-9.493144860968,
    -2.85640139777));
#2968 = CARTESIAN_POINT('',(81.275375766434,-9.49309045459,
    -2.856329159394));
#2969 = CARTESIAN_POINT('',(81.273772763989,-9.493059870007,
    -2.856288622995));
#2970 = CARTESIAN_POINT('',(81.272169763397,-9.493029206524,
    -2.856248054293));
#2971 = CARTESIAN_POINT('',(81.270566764662,-9.492998464142,
    -2.85620745329));
#2972 = CARTESIAN_POINT('',(81.268963767786,-9.49296764286,
    -2.856166819984));
#2973 = CARTESIAN_POINT('',(81.267360772772,-9.49293674268,
    -2.856126154377));
#2974 = CARTESIAN_POINT('',(81.263681427806,-9.492865636499,
    -2.856032740602));
#2975 = CARTESIAN_POINT('',(81.261605079118,-9.492825377022,
    -2.855979970541));
#2976 = CARTESIAN_POINT('',(81.259528733568,-9.492784985169,
    -2.855927146288));
#2977 = CARTESIAN_POINT('',(81.257452391161,-9.49274446094,
    -2.855874267844));
#2978 = CARTESIAN_POINT('',(81.255376051904,-9.492703804336,
    -2.85582133521));
#2979 = CARTESIAN_POINT('',(81.253299715804,-9.492663015356,
    -2.855768348388));
#2980 = CARTESIAN_POINT('',(81.249340638797,-9.492584987989,
    -2.8556672117));
#2981 = CARTESIAN_POINT('',(81.247457897329,-9.492547773134,
    -2.855619071466));
#2982 = CARTESIAN_POINT('',(81.245575158467,-9.492510449438,
    -2.85557088668));
#2983 = CARTESIAN_POINT('',(81.243692422216,-9.492473016901,
    -2.855522657342));
#2984 = CARTESIAN_POINT('',(81.241809688581,-9.492435475524,
    -2.855474383454));
#2985 = CARTESIAN_POINT('',(81.239926957568,-9.492397825305,
    -2.855426065017));
#2986 = CARTESIAN_POINT('',(81.235017514195,-9.492299363965,
    -2.855299952646));
#2987 = CARTESIAN_POINT('',(81.231990805997,-9.49223838039,
    -2.855222088128));
#2988 = CARTESIAN_POINT('',(81.228964104607,-9.492177115524,
    -2.855144108482));
#2989 = CARTESIAN_POINT('',(81.225937410047,-9.492115569367,
    -2.855066013711));
#2990 = CARTESIAN_POINT('',(81.222910722337,-9.49205374192,
    -2.85498780382));
#2991 = CARTESIAN_POINT('',(81.219884041497,-9.491991633184,
    -2.854909478814));
#2992 = CARTESIAN_POINT('',(81.212146154049,-9.491832129056,
    -2.854708941587));
#2993 = CARTESIAN_POINT('',(81.207434957246,-9.491734333421,
    -2.854586565575));
#2994 = CARTESIAN_POINT('',(81.20272377722,-9.491635856257,
    -2.854463910678));
#2995 = CARTESIAN_POINT('',(81.198012614049,-9.491536697566,
    -2.854340976912));
#2996 = CARTESIAN_POINT('',(81.193301467811,-9.491436857353,
    -2.854217764295));
#2997 = CARTESIAN_POINT('',(81.188590338586,-9.49133633562,
    -2.854094272843));
#2998 = CARTESIAN_POINT('',(81.181593638716,-9.491186033791,
    -2.853910455647));
#2999 = CARTESIAN_POINT('',(81.179308055003,-9.491136774805,
    -2.853850343094));
#3000 = CARTESIAN_POINT('',(81.177022475323,-9.491087355411,
    -2.853790164919));
#3001 = CARTESIAN_POINT('',(81.174736899682,-9.491037775611,
    -2.853729921122));
#3002 = CARTESIAN_POINT('',(81.172451328092,-9.490988035403,
    -2.853669611707));
#3003 = CARTESIAN_POINT('',(81.170165760559,-9.490938134789,
    -2.853609236674));
#3004 = CARTESIAN_POINT('',(81.165791057545,-9.490842315049,
    -2.853493549717));
#3005 = CARTESIAN_POINT('',(81.163701921394,-9.49079642231,
    -2.853438248586));
#3006 = CARTESIAN_POINT('',(81.161612788648,-9.490750395551,
    -2.853382892635));
#3007 = CARTESIAN_POINT('',(81.159523659315,-9.490704234772,
    -2.853327481865));
#3008 = CARTESIAN_POINT('',(81.1574345334,-9.490657939974,
    -2.853272016278));
#3009 = CARTESIAN_POINT('',(81.155345410911,-9.490611511158,
    -2.853216495876));
#3010 = CARTESIAN_POINT('',(81.150600688716,-9.490505759541,
    -2.853090275707));
#3011 = CARTESIAN_POINT('',(81.147945091125,-9.490446354206,
    -2.853019542183));
#3012 = CARTESIAN_POINT('',(81.145289499094,-9.490386732318,
    -2.852948720091));
#3013 = CARTESIAN_POINT('',(81.142633912637,-9.490326893878,
    -2.852877809435));
#3014 = CARTESIAN_POINT('',(81.139978331769,-9.490266838885,
    -2.852806810218));
#3015 = CARTESIAN_POINT('',(81.137322756504,-9.490206567341,
    -2.852735722442));
#3016 = CARTESIAN_POINT('',(81.132583100633,-9.4900986083,
    -2.852608687058));
#3017 = CARTESIAN_POINT('',(81.13049901787,-9.490051003978,
    -2.852552773462));
#3018 = CARTESIAN_POINT('',(81.128414938573,-9.490003266281,
    -2.852496805326));
#3019 = CARTESIAN_POINT('',(81.126330862748,-9.489955395209,
    -2.852440782652));
#3020 = CARTESIAN_POINT('',(81.124246790404,-9.489907390762,
    -2.852384705441));
#3021 = CARTESIAN_POINT('',(81.122162721546,-9.48985925294,
    -2.852328573694));
#3022 = CARTESIAN_POINT('',(81.118028569688,-9.489763497569,
    -2.852217117202));
#3023 = CARTESIAN_POINT('',(81.115978486576,-9.489715884333,
    -2.85216179422));
#3024 = CARTESIAN_POINT('',(81.11392840685,-9.489668142036,
    -2.85210641847));
#3025 = CARTESIAN_POINT('',(81.111878330517,-9.489620270679,
    -2.852050989953));
#3026 = CARTESIAN_POINT('',(81.109828257584,-9.489572270263,
    -2.85199550867));
#3027 = CARTESIAN_POINT('',(81.107778188058,-9.489524140786,
    -2.851939974624));
#3028 = CARTESIAN_POINT('',(79.548294814194,-9.452813917938,
    -2.809655141151));
#3029 = CARTESIAN_POINT('',(77.993954806758,-9.34169275407,
    -2.737004837186));
#3030 = CARTESIAN_POINT('',(76.444628680153,-9.156388277183,
    -2.6346601105));
#3031 = CARTESIAN_POINT('',(74.902317424807,-8.896810874257,
    -2.504952168683));
#3032 = CARTESIAN_POINT('',(73.369271629164,-8.562555275615,
    -2.35178664773));
#3033 = CARTESIAN_POINT('',(71.848084835164,-8.153016043104,
    -2.180487270746));
#3034 = CARTESIAN_POINT('',(69.524792713106,-7.404120719586,
    -1.898583068572));
#3035 = CARTESIAN_POINT('',(68.712017615942,-7.118365509077,
    -1.796057272742));
#3036 = CARTESIAN_POINT('',(67.903611765732,-6.80996166153,
    -1.691156526466));
#3037 = CARTESIAN_POINT('',(67.099849340107,-6.478639120954,
    -1.58502141817));
#3038 = CARTESIAN_POINT('',(66.301052974035,-6.12407942654,
    -1.478908854982));
#3039 = CARTESIAN_POINT('',(65.507601517533,-5.745918702045,
    -1.374204759419));
#3040 = CARTESIAN_POINT('',(64.719936749609,-5.34375,-1.272445296002));
#3041 = PCURVE('',#1925,#3042);
#3042 = DEFINITIONAL_REPRESENTATION('',(#3043),#3047);
#3043 = LINE('',#3044,#3045);
#3044 = CARTESIAN_POINT('',(0.,1.));
#3045 = VECTOR('',#3046,1.);
#3046 = DIRECTION('',(1.,0.));
#3047 = ( GEOMETRIC_REPRESENTATION_CONTEXT(2) 
PARAMETRIC_REPRESENTATION_CONTEXT() REPRESENTATION_CONTEXT('2D SPACE',''
  ) );
#3048 = PCURVE('',#569,#3049);
#3049 = DEFINITIONAL_REPRESENTATION('',(#3050),#3365);
#3050 = B_SPLINE_CURVE_WITH_KNOTS('',7,(#3051,#3052,#3053,#3054,#3055,
    #3056,#3057,#3058,#3059,#3060,#3061,#3062,#3063,#3064,#3065,#3066,
    #3067,#3068,#3069,#3070,#3071,#3072,#3073,#3074,#3075,#3076,#3077,
    #3078,#3079,#3080,#3081,#3082,#3083,#3084,#3085,#3086,#3087,#3088,
    #3089,#3090,#3091,#3092,#3093,#3094,#3095,#3096,#3097,#3098,#3099,
    #3100,#3101,#3102,#3103,#3104,#3105,#3106,#3107,#3108,#3109,#3110,
    #3111,#3112,#3113,#3114,#3115,#3116,#3117,#3118,#3119,#3120,#3121,
    #3122,#3123,#3124,#3125,#3126,#3127,#3128,#3129,#3130,#3131,#3132,
    #3133,#3134,#3135,#3136,#3137,#3138,#3139,#3140,#3141,#3142,#3143,
    #3144,#3145,#3146,#3147,#3148,#3149,#3150,#3151,#3152,#3153,#3154,
    #3155,#3156,#3157,#3158,#3159,#3160,#3161,#3162,#3163,#3164,#3165,
    #3166,#3167,#3168,#3169,#3170,#3171,#3172,#3173,#3174,#3175,#3176,
    #3177,#3178,#3179,#3180,#3181,#3182,#3183,#3184,#3185,#3186,#3187,
    #3188,#3189,#3190,#3191,#3192,#3193,#3194,#3195,#3196,#3197,#3198,
    #3199,#3200,#3201,#3202,#3203,#3204,#3205,#3206,#3207,#3208,#3209,
    #3210,#3211,#3212,#3213,#3214,#3215,#3216,#3217,#3218,#3219,#3220,
    #3221,#3222,#3223,#3224,#3225,#3226,#3227,#3228,#3229,#3230,#3231,
    #3232,#3233,#3234,#3235,#3236,#3237,#3238,#3239,#3240,#3241,#3242,
    #3243,#3244,#3245,#3246,#3247,#3248,#3249,#3250,#3251,#3252,#3253,
    #3254,#3255,#3256,#3257,#3258,#3259,#3260,#3261,#3262,#3263,#3264,
    #3265,#3266,#3267,#3268,#3269,#3270,#3271,#3272,#3273,#3274,#3275,
    #3276,#3277,#3278,#3279,#3280,#3281,#3282,#3283,#3284,#3285,#3286,
    #3287,#3288,#3289,#3290,#3291,#3292,#3293,#3294,#3295,#3296,#3297,
    #3298,#3299,#3300,#3301,#3302,#3303,#3304,#3305,#3306,#3307,#3308,
    #3309,#3310,#3311,#3312,#3313,#3314,#3315,#3316,#3317,#3318,#3319,
    #3320,#3321,#3322,#3323,#3324,#3325,#3326,#3327,#3328,#3329,#3330,
    #3331,#3332,#3333,#3334,#3335,#3336,#3337,#3338,#3339,#3340,#3341,
    #3342,#3343,#3344,#3345,#3346,#3347,#3348,#3349,#3350,#3351,#3352,
    #3353,#3354,#3355,#3356,#3357,#3358,#3359,#3360,#3361,#3362,#3363,
    #3364),.UNSPECIFIED.,.F.,.F.,(8,6,6,6,6,6,6,6,6,6,6,6,6,6,6,6,6,6,6,
    6,6,6,6,6,6,6,6,6,6,6,6,6,6,6,6,6,6,6,6,6,6,6,6,6,6,6,6,6,6,6,6,6,8)
  ,(0.,7.752424979979E-04,1.662025217447E-03,2.574022415584E-03,
    3.513515556242E-03,4.381360515287E-03,5.380644524117E-03,
    6.380067835805E-03,7.417396218011E-03,8.418637439208E-03,
    9.203897870899E-03,9.888689894925E-03,1.059372399863E-02,
    1.126818703183E-02,1.20179282043E-02,1.282274236116E-02,
    1.363032779288E-02,1.450244243315E-02,1.54159930982E-02,
    1.657687248642E-02,1.762100899755E-02,1.899149241666E-02,
    2.038935769241E-02,5.898425710699E-02,6.019365869833E-02,
    6.096002334614E-02,6.222998191828E-02,6.265987198376E-02,
    6.347337201481E-02,6.418424017065E-02,6.493167646693E-02,
    6.553249871008E-02,6.619428504761E-02,6.68071729335E-02,
    6.740890617433E-02,6.876592812571E-02,7.028093626785E-02,
    7.094108203388E-02,7.188090550284E-02,7.271305221357E-02,
    7.319270430849E-02,7.380490893748E-02,7.459789560472E-02,
    7.531694740948E-02,7.647291068489E-02,7.827224218979E-02,
    7.914518469266E-02,7.994310552699E-02,8.095739002389E-02,
    8.175339864941E-02,8.253642904717E-02,0.677403889229,1.),
  .UNSPECIFIED.);
#3051 = CARTESIAN_POINT('',(2.752014301673,-72.21530475441));
#3052 = CARTESIAN_POINT('',(2.752012871374,-72.21327394161));
#3053 = CARTESIAN_POINT('',(2.75201144655,-72.21124312789));
#3054 = CARTESIAN_POINT('',(2.752010027202,-72.20921231324));
#3055 = CARTESIAN_POINT('',(2.75200861333,-72.20718149768));
#3056 = CARTESIAN_POINT('',(2.752007204934,-72.20515068121));
#3057 = CARTESIAN_POINT('',(2.752005802014,-72.20311986384));
#3058 = CARTESIAN_POINT('',(2.752002806064,-72.19876603754));
#3059 = CARTESIAN_POINT('',(2.752001214723,-72.19644302834));
#3060 = CARTESIAN_POINT('',(2.751999630547,-72.19412001798));
#3061 = CARTESIAN_POINT('',(2.751998053536,-72.19179700646));
#3062 = CARTESIAN_POINT('',(2.75199648369,-72.18947399379));
#3063 = CARTESIAN_POINT('',(2.751994921008,-72.18715097999));
#3064 = CARTESIAN_POINT('',(2.751991765747,-72.18243889833));
#3065 = CARTESIAN_POINT('',(2.751990173579,-72.1800498304));
#3066 = CARTESIAN_POINT('',(2.75198858899,-72.17766076128));
#3067 = CARTESIAN_POINT('',(2.751987011979,-72.175271691));
#3068 = CARTESIAN_POINT('',(2.751985442546,-72.17288261956));
#3069 = CARTESIAN_POINT('',(2.751983880691,-72.17049354697));
#3070 = CARTESIAN_POINT('',(2.751980725278,-72.16564337097));
#3071 = CARTESIAN_POINT('',(2.751979132183,-72.16318226748));
#3072 = CARTESIAN_POINT('',(2.75197754713,-72.1607211628));
#3073 = CARTESIAN_POINT('',(2.751975970119,-72.15826005693));
#3074 = CARTESIAN_POINT('',(2.751974401149,-72.15579894989));
#3075 = CARTESIAN_POINT('',(2.751972840222,-72.15333784168));
#3076 = CARTESIAN_POINT('',(2.751969852879,-72.14860331354));
#3077 = CARTESIAN_POINT('',(2.751968425283,-72.14632989378));
#3078 = CARTESIAN_POINT('',(2.751967004548,-72.14405647304));
#3079 = CARTESIAN_POINT('',(2.751965590676,-72.14178305134));
#3080 = CARTESIAN_POINT('',(2.751964183667,-72.13950962868));
#3081 = CARTESIAN_POINT('',(2.751962783519,-72.13723620508));
#3082 = CARTESIAN_POINT('',(2.751959785928,-72.13234503554));
#3083 = CARTESIAN_POINT('',(2.751958190721,-72.12972728931));
#3084 = CARTESIAN_POINT('',(2.751956604612,-72.12710954185));
#3085 = CARTESIAN_POINT('',(2.7519550276,-72.12449179317));
#3086 = CARTESIAN_POINT('',(2.751953459687,-72.12187404328));
#3087 = CARTESIAN_POINT('',(2.751951900872,-72.11925629221));
#3088 = CARTESIAN_POINT('',(2.751948801222,-72.11402042279));
#3089 = CARTESIAN_POINT('',(2.75194726039,-72.11140230444));
#3090 = CARTESIAN_POINT('',(2.751945728658,-72.10878418493));
#3091 = CARTESIAN_POINT('',(2.751944206027,-72.10616606427));
#3092 = CARTESIAN_POINT('',(2.751942692496,-72.10354794248));
#3093 = CARTESIAN_POINT('',(2.751941188066,-72.10092981956));
#3094 = CARTESIAN_POINT('',(2.751938140693,-72.09559427407));
#3095 = CARTESIAN_POINT('',(2.751936598454,-72.09287685141));
#3096 = CARTESIAN_POINT('',(2.751935066018,-72.09015942757));
#3097 = CARTESIAN_POINT('',(2.751933543387,-72.08744200257));
#3098 = CARTESIAN_POINT('',(2.751932030559,-72.08472457641));
#3099 = CARTESIAN_POINT('',(2.751930527536,-72.08200714913));
#3100 = CARTESIAN_POINT('',(2.751927593043,-72.07666682775));
#3101 = CARTESIAN_POINT('',(2.751926160904,-72.07404393372));
#3102 = CARTESIAN_POINT('',(2.751924737899,-72.07142103867));
#3103 = CARTESIAN_POINT('',(2.751923324027,-72.06879814261));
#3104 = CARTESIAN_POINT('',(2.751921919288,-72.06617524554));
#3105 = CARTESIAN_POINT('',(2.751920523683,-72.06355234749));
#3106 = CARTESIAN_POINT('',(2.751918049821,-72.05887234297));
#3107 = CARTESIAN_POINT('',(2.751916968048,-72.05681523687));
#3108 = CARTESIAN_POINT('',(2.751915891893,-72.05475813018));
#3109 = CARTESIAN_POINT('',(2.751914821355,-72.05270102291));
#3110 = CARTESIAN_POINT('',(2.751913756437,-72.05064391505));
#3111 = CARTESIAN_POINT('',(2.751912697136,-72.04858680663));
#3112 = CARTESIAN_POINT('',(2.751910724581,-72.0447357809));
#3113 = CARTESIAN_POINT('',(2.751909809982,-72.04294186374));
#3114 = CARTESIAN_POINT('',(2.751908899655,-72.04114794614));
#3115 = CARTESIAN_POINT('',(2.751907993601,-72.03935402813));
#3116 = CARTESIAN_POINT('',(2.751907091819,-72.0375601097));
#3117 = CARTESIAN_POINT('',(2.75190619431,-72.03576619086));
#3118 = CARTESIAN_POINT('',(2.751904381432,-72.03212532508));
#3119 = CARTESIAN_POINT('',(2.75190346632,-72.03027837812));
#3120 = CARTESIAN_POINT('',(2.751902555737,-72.02843143073));
#3121 = CARTESIAN_POINT('',(2.751901649683,-72.02658448292));
#3122 = CARTESIAN_POINT('',(2.751900748158,-72.02473753469));
#3123 = CARTESIAN_POINT('',(2.751899851161,-72.02289058604));
#3124 = CARTESIAN_POINT('',(2.751898104923,-72.01927677372));
#3125 = CARTESIAN_POINT('',(2.751897255298,-72.01750991008));
#3126 = CARTESIAN_POINT('',(2.751896409817,-72.01574304607));
#3127 = CARTESIAN_POINT('',(2.751895568481,-72.01397618169));
#3128 = CARTESIAN_POINT('',(2.75189473129,-72.01220931695));
#3129 = CARTESIAN_POINT('',(2.751893898242,-72.01044245185));
#3130 = CARTESIAN_POINT('',(2.751892147922,-72.00671151764));
#3131 = CARTESIAN_POINT('',(2.751891231625,-72.00474744844));
#3132 = CARTESIAN_POINT('',(2.751890320449,-72.00278337881));
#3133 = CARTESIAN_POINT('',(2.751889414395,-72.00081930875));
#3134 = CARTESIAN_POINT('',(2.751888513462,-71.99885523828));
#3135 = CARTESIAN_POINT('',(2.75188761765,-71.99689116739));
#3136 = CARTESIAN_POINT('',(2.751885770843,-71.99281875199));
#3137 = CARTESIAN_POINT('',(2.751884820627,-71.99071040741));
#3138 = CARTESIAN_POINT('',(2.751883876312,-71.98860206236));
#3139 = CARTESIAN_POINT('',(2.751882937899,-71.98649371687));
#3140 = CARTESIAN_POINT('',(2.751882005387,-71.98438537092));
#3141 = CARTESIAN_POINT('',(2.751881078776,-71.98227702453));
#3142 = CARTESIAN_POINT('',(2.751879234186,-71.97805307106));
#3143 = CARTESIAN_POINT('',(2.751878316248,-71.97593746398));
#3144 = CARTESIAN_POINT('',(2.751877404252,-71.97382185647));
#3145 = CARTESIAN_POINT('',(2.751876498197,-71.97170624853));
#3146 = CARTESIAN_POINT('',(2.751875598085,-71.96959064017));
#3147 = CARTESIAN_POINT('',(2.751874703914,-71.96747503141));
#3148 = CARTESIAN_POINT('',(2.751872856484,-71.96307476771));
#3149 = CARTESIAN_POINT('',(2.751871904212,-71.9607901127));
#3150 = CARTESIAN_POINT('',(2.75187095887,-71.95850545723));
#3151 = CARTESIAN_POINT('',(2.751870020456,-71.95622080131));
#3152 = CARTESIAN_POINT('',(2.751869088972,-71.95393614494));
#3153 = CARTESIAN_POINT('',(2.751868164418,-71.95165148815));
#3154 = CARTESIAN_POINT('',(2.751866285569,-71.94697362478));
#3155 = CARTESIAN_POINT('',(2.751865331948,-71.94458041817));
#3156 = CARTESIAN_POINT('',(2.751864385932,-71.9421872111));
#3157 = CARTESIAN_POINT('',(2.751863447518,-71.93979400359));
#3158 = CARTESIAN_POINT('',(2.751862516708,-71.93740079564));
#3159 = CARTESIAN_POINT('',(2.751861593502,-71.93500758728));
#3160 = CARTESIAN_POINT('',(2.751859514411,-71.92957324805));
#3161 = CARTESIAN_POINT('',(2.751858363201,-71.92653211693));
#3162 = CARTESIAN_POINT('',(2.751857224269,-71.92349098517));
#3163 = CARTESIAN_POINT('',(2.751856097614,-71.92044985278));
#3164 = CARTESIAN_POINT('',(2.751854983237,-71.9174087198));
#3165 = CARTESIAN_POINT('',(2.751853881138,-71.91436758623));
#3166 = CARTESIAN_POINT('',(2.751851811091,-71.90859114712));
#3167 = CARTESIAN_POINT('',(2.751850840798,-71.90585584168));
#3168 = CARTESIAN_POINT('',(2.751849880438,-71.90312053581));
#3169 = CARTESIAN_POINT('',(2.75184893001,-71.90038522951));
#3170 = CARTESIAN_POINT('',(2.751847989514,-71.89764992281));
#3171 = CARTESIAN_POINT('',(2.751847058951,-71.89491461572));
#3172 = CARTESIAN_POINT('',(2.751844929944,-71.88858907509));
#3173 = CARTESIAN_POINT('',(2.751843738679,-71.88499884128));
#3174 = CARTESIAN_POINT('',(2.751842564525,-71.88140860685));
#3175 = CARTESIAN_POINT('',(2.751841407482,-71.87781837185));
#3176 = CARTESIAN_POINT('',(2.751840267551,-71.87422813632));
#3177 = CARTESIAN_POINT('',(2.75183914473,-71.87063790027));
#3178 = CARTESIAN_POINT('',(2.751836911219,-71.86338569536));
#3179 = CARTESIAN_POINT('',(2.75183580122,-71.85972372649));
#3180 = CARTESIAN_POINT('',(2.751834709022,-71.85606175715));
#3181 = CARTESIAN_POINT('',(2.751833634625,-71.85239978741));
#3182 = CARTESIAN_POINT('',(2.75183257803,-71.84873781728));
#3183 = CARTESIAN_POINT('',(2.751831539236,-71.84507584682));
#3184 = CARTESIAN_POINT('',(2.751802328754,-71.74030728444));
#3185 = CARTESIAN_POINT('',(2.751787709315,-71.63920045983));
#3186 = CARTESIAN_POINT('',(2.751786658849,-71.53809418649));
#3187 = CARTESIAN_POINT('',(2.751799175881,-71.43698924753));
#3188 = CARTESIAN_POINT('',(2.751825258535,-71.33588642486));
#3189 = CARTESIAN_POINT('',(2.751864904538,-71.23478649921));
#3190 = CARTESIAN_POINT('',(2.75191977849,-71.13052231946));
#3191 = CARTESIAN_POINT('',(2.751921459079,-71.12735439242));
#3192 = CARTESIAN_POINT('',(2.751923152983,-71.12418646902));
#3193 = CARTESIAN_POINT('',(2.751924860203,-71.12101854928));
#3194 = CARTESIAN_POINT('',(2.751926580738,-71.11785063323));
#3195 = CARTESIAN_POINT('',(2.751928314589,-71.11468272088));
#3196 = CARTESIAN_POINT('',(2.751931168886,-71.10950739537));
#3197 = CARTESIAN_POINT('',(2.751932281364,-71.10749997999));
#3198 = CARTESIAN_POINT('',(2.751933399188,-71.1054925661));
#3199 = CARTESIAN_POINT('',(2.751934522359,-71.10348515373));
#3200 = CARTESIAN_POINT('',(2.751935650877,-71.10147774288));
#3201 = CARTESIAN_POINT('',(2.751936784741,-71.09947033354));
#3202 = CARTESIAN_POINT('',(2.75193981176,-71.0941364091));
#3203 = CARTESIAN_POINT('',(2.751941714251,-71.09080989667));
#3204 = CARTESIAN_POINT('',(2.751943631424,-71.08748338845));
#3205 = CARTESIAN_POINT('',(2.751945563278,-71.08415688449));
#3206 = CARTESIAN_POINT('',(2.751947509813,-71.08083038481));
#3207 = CARTESIAN_POINT('',(2.75194947103,-71.07750388944));
#3208 = CARTESIAN_POINT('',(2.751952115784,-71.07305135739));
#3209 = CARTESIAN_POINT('',(2.751952786322,-71.07192531686));
#3210 = CARTESIAN_POINT('',(2.751953458543,-71.07079927683));
#3211 = CARTESIAN_POINT('',(2.751954132445,-71.06967323731));
#3212 = CARTESIAN_POINT('',(2.75195480803,-71.06854719828));
#3213 = CARTESIAN_POINT('',(2.751955485297,-71.06742115975));
#3214 = CARTESIAN_POINT('',(2.751957449052,-71.06416427005));
#3215 = CARTESIAN_POINT('',(2.751958739882,-71.06203342017));
#3216 = CARTESIAN_POINT('',(2.751960036737,-71.05990257209));
#3217 = CARTESIAN_POINT('',(2.751961339615,-71.05777172583));
#3218 = CARTESIAN_POINT('',(2.751962648517,-71.05564088139));
#3219 = CARTESIAN_POINT('',(2.751963963444,-71.05351003877));
#3220 = CARTESIAN_POINT('',(2.751966438692,-71.04951718595));
#3221 = CARTESIAN_POINT('',(2.75196759759,-71.04765517531));
#3222 = CARTESIAN_POINT('',(2.751968761088,-71.04579316608));
#3223 = CARTESIAN_POINT('',(2.751969929186,-71.04393115825));
#3224 = CARTESIAN_POINT('',(2.751971101883,-71.04206915184));
#3225 = CARTESIAN_POINT('',(2.751972279181,-71.04020714686));
#3226 = CARTESIAN_POINT('',(2.751974703774,-71.03638735543));
#3227 = CARTESIAN_POINT('',(2.751975951555,-71.03442956915));
#3228 = CARTESIAN_POINT('',(2.751977204421,-71.03247178445));
#3229 = CARTESIAN_POINT('',(2.751978462373,-71.03051400133));
#3230 = CARTESIAN_POINT('',(2.751979725409,-71.02855621981));
#3231 = CARTESIAN_POINT('',(2.751980993531,-71.02659843988));
#3232 = CARTESIAN_POINT('',(2.751983290198,-71.02306691305));
#3233 = CARTESIAN_POINT('',(2.751984316943,-71.02149316557));
#3234 = CARTESIAN_POINT('',(2.751985346975,-71.01991941913));
#3235 = CARTESIAN_POINT('',(2.751986380292,-71.01834567374));
#3236 = CARTESIAN_POINT('',(2.751987416895,-71.01677192938));
#3237 = CARTESIAN_POINT('',(2.751988456784,-71.01519818608));
#3238 = CARTESIAN_POINT('',(2.751990648982,-71.01189101746));
#3239 = CARTESIAN_POINT('',(2.751991801991,-71.01015759237));
#3240 = CARTESIAN_POINT('',(2.751992958987,-71.00842416855));
#3241 = CARTESIAN_POINT('',(2.75199411997,-71.00669074602));
#3242 = CARTESIAN_POINT('',(2.751995284938,-71.00495732477));
#3243 = CARTESIAN_POINT('',(2.751996453893,-71.00322390482));
#3244 = CARTESIAN_POINT('',(2.751998713109,-70.99988514734));
#3245 = CARTESIAN_POINT('',(2.751999802802,-70.99827980963));
#3246 = CARTESIAN_POINT('',(2.752000895915,-70.99667447304));
#3247 = CARTESIAN_POINT('',(2.752001992446,-70.99506913756));
#3248 = CARTESIAN_POINT('',(2.752003092397,-70.99346380321));
#3249 = CARTESIAN_POINT('',(2.752004195766,-70.99185846998));
#3250 = CARTESIAN_POINT('',(2.752006389199,-70.98867702303));
#3251 = CARTESIAN_POINT('',(2.752007479139,-70.98710090928));
#3252 = CARTESIAN_POINT('',(2.752008572375,-70.98552479662));
#3253 = CARTESIAN_POINT('',(2.752009668906,-70.98394868505));
#3254 = CARTESIAN_POINT('',(2.752010768733,-70.98237257457));
#3255 = CARTESIAN_POINT('',(2.752011871855,-70.98079646519));
#3256 = CARTESIAN_POINT('',(2.752015473455,-70.97566593547));
#3257 = CARTESIAN_POINT('',(2.752017985397,-70.97211151963));
#3258 = CARTESIAN_POINT('',(2.7520205141,-70.96855710942));
#3259 = CARTESIAN_POINT('',(2.752023059564,-70.96500270488));
#3260 = CARTESIAN_POINT('',(2.752025621788,-70.96144830604));
#3261 = CARTESIAN_POINT('',(2.752028200773,-70.95789391292));
#3262 = CARTESIAN_POINT('',(2.752033694462,-70.95037133202));
#3263 = CARTESIAN_POINT('',(2.752036613296,-70.94640314565));
#3264 = CARTESIAN_POINT('',(2.75203955302,-70.94243496651));
#3265 = CARTESIAN_POINT('',(2.752042513633,-70.93846679465));
#3266 = CARTESIAN_POINT('',(2.752045495136,-70.93449863013));
#3267 = CARTESIAN_POINT('',(2.752048497527,-70.93053047298));
#3268 = CARTESIAN_POINT('',(2.752052838165,-70.92483325186));
#3269 = CARTESIAN_POINT('',(2.752054159487,-70.92310418187));
#3270 = CARTESIAN_POINT('',(2.752055484776,-70.9213751133));
#3271 = CARTESIAN_POINT('',(2.752056814031,-70.91964604615));
#3272 = CARTESIAN_POINT('',(2.752058147252,-70.91791698041));
#3273 = CARTESIAN_POINT('',(2.752059484439,-70.91618791611));
#3274 = CARTESIAN_POINT('',(2.752062734938,-70.91199725466));
#3275 = CARTESIAN_POINT('',(2.752064652323,-70.90953565898));
#3276 = CARTESIAN_POINT('',(2.752066577747,-70.90707406622));
#3277 = CARTESIAN_POINT('',(2.752068511208,-70.90461247637));
#3278 = CARTESIAN_POINT('',(2.752070452708,-70.90215088945));
#3279 = CARTESIAN_POINT('',(2.752072402246,-70.89968930548));
#3280 = CARTESIAN_POINT('',(2.752076093117,-70.89504816987));
#3281 = CARTESIAN_POINT('',(2.752077832713,-70.89286861759));
#3282 = CARTESIAN_POINT('',(2.752079578611,-70.89068906765));
#3283 = CARTESIAN_POINT('',(2.75208133081,-70.88850952003));
#3284 = CARTESIAN_POINT('',(2.752083089312,-70.88632997475));
#3285 = CARTESIAN_POINT('',(2.752084854114,-70.88415043181));
#3286 = CARTESIAN_POINT('',(2.75208764609,-70.88071459688));
#3287 = CARTESIAN_POINT('',(2.752088669054,-70.87945830332));
#3288 = CARTESIAN_POINT('',(2.752089694112,-70.87820201054));
#3289 = CARTESIAN_POINT('',(2.752090721263,-70.87694571855));
#3290 = CARTESIAN_POINT('',(2.752091750508,-70.87568942734));
#3291 = CARTESIAN_POINT('',(2.752092781847,-70.87443313692));
#3292 = CARTESIAN_POINT('',(2.752095134302,-70.87157338025));
#3293 = CARTESIAN_POINT('',(2.752096456736,-70.86996991449));
#3294 = CARTESIAN_POINT('',(2.75209778258,-70.86836645002));
#3295 = CARTESIAN_POINT('',(2.752099111835,-70.86676298685));
#3296 = CARTESIAN_POINT('',(2.7521004445,-70.86515952497));
#3297 = CARTESIAN_POINT('',(2.752101780576,-70.86355606438));
#3298 = CARTESIAN_POINT('',(2.752104855096,-70.8598756495));
#3299 = CARTESIAN_POINT('',(2.752106595851,-70.85779869609));
#3300 = CARTESIAN_POINT('',(2.752108342328,-70.85572174487));
#3301 = CARTESIAN_POINT('',(2.752110094528,-70.85364479584));
#3302 = CARTESIAN_POINT('',(2.752111852449,-70.85156784902));
#3303 = CARTESIAN_POINT('',(2.752113616093,-70.84949090441));
#3304 = CARTESIAN_POINT('',(2.752116989857,-70.84553066531));
#3305 = CARTESIAN_POINT('',(2.75211859896,-70.84364737043));
#3306 = CARTESIAN_POINT('',(2.752120212767,-70.84176407738));
#3307 = CARTESIAN_POINT('',(2.752121831279,-70.83988078616));
#3308 = CARTESIAN_POINT('',(2.752123454496,-70.83799749678));
#3309 = CARTESIAN_POINT('',(2.752125082418,-70.83611420924));
#3310 = CARTESIAN_POINT('',(2.75212933969,-70.83120331263));
#3311 = CARTESIAN_POINT('',(2.752131976495,-70.82817570649));
#3312 = CARTESIAN_POINT('',(2.752134625459,-70.82514810515));
#3313 = CARTESIAN_POINT('',(2.752137286583,-70.82212050863));
#3314 = CARTESIAN_POINT('',(2.752139959865,-70.81909291695));
#3315 = CARTESIAN_POINT('',(2.752142645306,-70.81606533013));
#3316 = CARTESIAN_POINT('',(2.752149541894,-70.80832512134));
#3317 = CARTESIAN_POINT('',(2.752153770342,-70.80361250632));
#3318 = CARTESIAN_POINT('',(2.752158028249,-70.79889990321));
#3319 = CARTESIAN_POINT('',(2.752162315614,-70.79418731208));
#3320 = CARTESIAN_POINT('',(2.752166632438,-70.78947473301));
#3321 = CARTESIAN_POINT('',(2.75217097872,-70.78476216609));
#3322 = CARTESIAN_POINT('',(2.752177477343,-70.7777633238));
#3323 = CARTESIAN_POINT('',(2.752179607158,-70.77547703909));
#3324 = CARTESIAN_POINT('',(2.752181743908,-70.77319075726));
#3325 = CARTESIAN_POINT('',(2.75218388759,-70.77090447832));
#3326 = CARTESIAN_POINT('',(2.752186038206,-70.76861820229));
#3327 = CARTESIAN_POINT('',(2.752188195755,-70.76633192917));
#3328 = CARTESIAN_POINT('',(2.752192338702,-70.76195587343));
#3329 = CARTESIAN_POINT('',(2.752194322959,-70.75986609033));
#3330 = CARTESIAN_POINT('',(2.752196313008,-70.75777630967));
#3331 = CARTESIAN_POINT('',(2.752198308851,-70.75568653147));
#3332 = CARTESIAN_POINT('',(2.752200310486,-70.75359675573));
#3333 = CARTESIAN_POINT('',(2.752202317913,-70.75150698246));
#3334 = CARTESIAN_POINT('',(2.752206890257,-70.74676078007));
#3335 = CARTESIAN_POINT('',(2.752209458741,-70.74410435246));
#3336 = CARTESIAN_POINT('',(2.752212036584,-70.74144792888));
#3337 = CARTESIAN_POINT('',(2.752214623787,-70.73879150932));
#3338 = CARTESIAN_POINT('',(2.75221722035,-70.7361350938));
#3339 = CARTESIAN_POINT('',(2.752219826272,-70.73347868234));
#3340 = CARTESIAN_POINT('',(2.752224494023,-70.72873753127));
#3341 = CARTESIAN_POINT('',(2.752226552256,-70.72665279009));
#3342 = CARTESIAN_POINT('',(2.752228616254,-70.72456805143));
#3343 = CARTESIAN_POINT('',(2.752230686016,-70.72248331529));
#3344 = CARTESIAN_POINT('',(2.752232761543,-70.72039858168));
#3345 = CARTESIAN_POINT('',(2.752234842835,-70.7183138506));
#3346 = CARTESIAN_POINT('',(2.752238982919,-70.71417838321));
#3347 = CARTESIAN_POINT('',(2.752241041526,-70.71212764682));
#3348 = CARTESIAN_POINT('',(2.75224310571,-70.71007691289));
#3349 = CARTESIAN_POINT('',(2.752245175473,-70.70802618143));
#3350 = CARTESIAN_POINT('',(2.752247250813,-70.70597545245));
#3351 = CARTESIAN_POINT('',(2.752249331731,-70.70392472596));
#3352 = CARTESIAN_POINT('',(2.753836527463,-69.14394089687));
#3353 = CARTESIAN_POINT('',(2.758639738117,-67.58856970032));
#3354 = CARTESIAN_POINT('',(2.766640328609,-66.0376933818));
#3355 = CARTESIAN_POINT('',(2.7778068735,-64.49335331223));
#3356 = CARTESIAN_POINT('',(2.792097123063,-62.95786789995));
#3357 = CARTESIAN_POINT('',(2.809464687683,-61.43392320372));
#3358 = CARTESIAN_POINT('',(2.840937260185,-59.10606502359));
#3359 = CARTESIAN_POINT('',(2.852900180028,-58.29162439416));
#3360 = CARTESIAN_POINT('',(2.865757660509,-57.48151089761));
#3361 = CARTESIAN_POINT('',(2.879509892312,-56.67601857585));
#3362 = CARTESIAN_POINT('',(2.894159721206,-55.87549195075));
#3363 = CARTESIAN_POINT('',(2.909713241655,-55.08033400232));
#3364 = CARTESIAN_POINT('',(2.926180576259,-54.29101325204));
#3365 = ( GEOMETRIC_REPRESENTATION_CONTEXT(2) 
PARAMETRIC_REPRESENTATION_CONTEXT() REPRESENTATION_CONTEXT('2D SPACE',''
  ) );
#3366 = ORIENTED_EDGE('',*,*,#1910,.F.);
#3367 = ADVANCED_FACE('',(#3368),#638,.F.);
#3368 = FACE_BOUND('',#3369,.F.);
#3369 = EDGE_LOOP('',(#3370,#3438,#3439,#3527));
#3370 = ORIENTED_EDGE('',*,*,#3371,.T.);
#3371 = EDGE_CURVE('',#2633,#24,#3372,.T.);
#3372 = SURFACE_CURVE('',#3373,(#3401,#3407),.PCURVE_S1.);
#3373 = B_SPLINE_CURVE_WITH_KNOTS('',6,(#3374,#3375,#3376,#3377,#3378,
    #3379,#3380,#3381,#3382,#3383,#3384,#3385,#3386,#3387,#3388,#3389,
    #3390,#3391,#3392,#3393,#3394,#3395,#3396,#3397,#3398,#3399,#3400),
  .UNSPECIFIED.,.F.,.F.,(7,5,5,5,5,7),(0.,0.150222599415,0.410666209091,
    0.572046031151,0.797020756372,1.),.UNSPECIFIED.);
#3374 = CARTESIAN_POINT('',(141.95693139814,9.353098767503E-02,
    -2.864877724775));
#3375 = CARTESIAN_POINT('',(138.92148502585,-1.384054126214,
    -3.074337908948));
#3376 = CARTESIAN_POINT('',(135.8015548074,-2.775690756935,
    -3.277254788285));
#3377 = CARTESIAN_POINT('',(132.60011249777,-4.074500705913,
    -3.472144834175));
#3378 = CARTESIAN_POINT('',(129.32193226304,-5.27494870453,
    -3.657423558652));
#3379 = CARTESIAN_POINT('',(125.97363756341,-6.37291125358,
    -3.831506401115));
#3380 = CARTESIAN_POINT('',(116.65242591882,-9.087581151421,
    -4.272830540589));
#3381 = CARTESIAN_POINT('',(110.55375321821,-10.49456335215,
    -4.514829087358));
#3382 = CARTESIAN_POINT('',(104.31548898202,-11.57286105899,
    -4.711196994344));
#3383 = CARTESIAN_POINT('',(97.984467283117,-12.33025328939,
    -4.856461199891));
#3384 = CARTESIAN_POINT('',(91.603631002147,-12.78601720458,
    -4.947905660354));
#3385 = CARTESIAN_POINT('',(81.248632333656,-13.07615827863,
    -5.007853060251));
#3386 = CARTESIAN_POINT('',(77.281063893545,-13.08098263253,
    -5.009895657561));
#3387 = CARTESIAN_POINT('',(73.314964329443,-12.98550278717,
    -4.990886926624));
#3388 = CARTESIAN_POINT('',(69.356320555148,-12.79621145656,
    -4.950934971869));
#3389 = CARTESIAN_POINT('',(65.409689592083,-12.51957662554,
    -4.890318799162));
#3390 = CARTESIAN_POINT('',(55.997469902553,-11.66295868538,
    -4.696576554829));
#3391 = CARTESIAN_POINT('',(50.54666694281,-11.00643734259,
    -4.544299637961));
#3392 = CARTESIAN_POINT('',(45.133741408055,-10.20891940485,
    -4.353524177597));
#3393 = CARTESIAN_POINT('',(39.763614319851,-9.286037611228,
    -4.125516254626));
#3394 = CARTESIAN_POINT('',(34.438380636511,-8.25174458018,
    -3.86156789943));
#3395 = CARTESIAN_POINT('',(24.392489385944,-6.09594975027,
    -3.293148474967));
#3396 = CARTESIAN_POINT('',(19.663994747084,-4.992939783127,
    -2.995183104866));
#3397 = CARTESIAN_POINT('',(14.971500751399,-3.818611455195,
    -2.669666060926));
#3398 = CARTESIAN_POINT('',(10.313915653549,-2.581395247562,
    -2.317334913348));
#3399 = CARTESIAN_POINT('',(5.689210935322,-1.289221062033,
    -1.938785011909));
#3400 = CARTESIAN_POINT('',(1.094226755134,5.0093329737E-02,
    -1.534371314692));
#3401 = PCURVE('',#638,#3402);
#3402 = DEFINITIONAL_REPRESENTATION('',(#3403),#3406);
#3403 = B_SPLINE_CURVE_WITH_KNOTS('',1,(#3404,#3405),.UNSPECIFIED.,.F.,
  .F.,(2,2),(0.657487030199,0.998733992253),.PIECEWISE_BEZIER_KNOTS.);
#3404 = CARTESIAN_POINT('',(0.,0.));
#3405 = CARTESIAN_POINT('',(1.,0.));
#3406 = ( GEOMETRIC_REPRESENTATION_CONTEXT(2) 
PARAMETRIC_REPRESENTATION_CONTEXT() REPRESENTATION_CONTEXT('2D SPACE',''
  ) );
#3407 = PCURVE('',#1641,#3408);
#3408 = DEFINITIONAL_REPRESENTATION('',(#3409),#3437);
#3409 = B_SPLINE_CURVE_WITH_KNOTS('',6,(#3410,#3411,#3412,#3413,#3414,
    #3415,#3416,#3417,#3418,#3419,#3420,#3421,#3422,#3423,#3424,#3425,
    #3426,#3427,#3428,#3429,#3430,#3431,#3432,#3433,#3434,#3435,#3436),
  .UNSPECIFIED.,.F.,.F.,(7,5,5,5,5,7),(0.,0.150222599415,0.410666209091,
    0.572046031151,0.797020756372,1.),.UNSPECIFIED.);
#3410 = CARTESIAN_POINT('',(1.,0.405370754337));
#3411 = CARTESIAN_POINT('',(0.977014671915,0.420804402135));
#3412 = CARTESIAN_POINT('',(0.953560498566,0.434795975291));
#3413 = CARTESIAN_POINT('',(0.929679614246,0.447574506475));
#3414 = CARTESIAN_POINT('',(0.905415456572,0.459259667057));
#3415 = CARTESIAN_POINT('',(0.880817179996,0.469924006991));
#3416 = CARTESIAN_POINT('',(0.812816166848,0.496388812347));
#3417 = CARTESIAN_POINT('',(0.768839965738,0.510224355709));
#3418 = CARTESIAN_POINT('',(0.724330953174,0.521295170045));
#3419 = CARTESIAN_POINT('',(0.679540169602,0.529559981829));
#3420 = CARTESIAN_POINT('',(0.634675603897,0.534897928791));
#3421 = CARTESIAN_POINT('',(0.56216796592,0.538468739935));
#3422 = CARTESIAN_POINT('',(0.534457251985,0.538632312464));
#3423 = CARTESIAN_POINT('',(0.506806380322,0.537543720315));
#3424 = CARTESIAN_POINT('',(0.479236442075,0.535138616431));
#3425 = CARTESIAN_POINT('',(0.451760634165,0.531336339521));
#3426 = CARTESIAN_POINT('',(0.38622126478,0.51863542785));
#3427 = CARTESIAN_POINT('',(0.348255525067,0.508319505816));
#3428 = CARTESIAN_POINT('',(0.31049970293,0.494797622571));
#3429 = CARTESIAN_POINT('',(0.272955131403,0.4776880392));
#3430 = CARTESIAN_POINT('',(0.235615851002,0.456486555445));
#3431 = CARTESIAN_POINT('',(0.164966820689,0.40696772064));
#3432 = CARTESIAN_POINT('',(0.131622637099,0.379550525617));
#3433 = CARTESIAN_POINT('',(9.844074377119E-02,0.34766247936));
#3434 = CARTESIAN_POINT('',(6.54267727244E-02,0.310614265736));
#3435 = CARTESIAN_POINT('',(3.259843285769E-02,0.267504861806));
#3436 = CARTESIAN_POINT('',(0.,0.217108483161));
#3437 = ( GEOMETRIC_REPRESENTATION_CONTEXT(2) 
PARAMETRIC_REPRESENTATION_CONTEXT() REPRESENTATION_CONTEXT('2D SPACE',''
  ) );
#3438 = ORIENTED_EDGE('',*,*,#625,.T.);
#3439 = ORIENTED_EDGE('',*,*,#3440,.F.);
#3440 = EDGE_CURVE('',#2703,#531,#3441,.T.);
#3441 = SURFACE_CURVE('',#3442,(#3469,#3476),.PCURVE_S1.);
#3442 = B_SPLINE_CURVE_WITH_KNOTS('',7,(#3443,#3444,#3445,#3446,#3447,
    #3448,#3449,#3450,#3451,#3452,#3453,#3454,#3455,#3456,#3457,#3458,
    #3459,#3460,#3461,#3462,#3463,#3464,#3465,#3466,#3467,#3468),
  .UNSPECIFIED.,.F.,.F.,(8,6,6,6,8),(0.,0.572885994138,1.,1.455402095376
    ,2.000052070907),.UNSPECIFIED.);
#3443 = CARTESIAN_POINT('',(64.719936749609,-5.34375,-1.272445296002));
#3444 = CARTESIAN_POINT('',(64.291651043446,-5.125074348166,
    -1.21711449358));
#3445 = CARTESIAN_POINT('',(63.877951549346,-4.863359244551,
    -1.15501368029));
#3446 = CARTESIAN_POINT('',(63.482015689047,-4.557740359587,
    -1.087685292551));
#3447 = CARTESIAN_POINT('',(63.108584154504,-4.207250353045,
    -1.017203043545));
#3448 = CARTESIAN_POINT('',(62.763731067612,-3.811564896997,
    -0.946361943156));
#3449 = CARTESIAN_POINT('',(62.454756612959,-3.3714094438,
    -0.878679714671));
#3450 = CARTESIAN_POINT('',(61.992396366163,-2.529930456974,
    -0.772685492852));
#3451 = CARTESIAN_POINT('',(61.819368537689,-2.147120585212,
    -0.731269086403));
#3452 = CARTESIAN_POINT('',(61.674831758176,-1.743052972901,
    -0.69542740741));
#3453 = CARTESIAN_POINT('',(61.562731350431,-1.32099605098,
    -0.666910202136));
#3454 = CARTESIAN_POINT('',(61.486465446122,-0.885511669767,
    -0.64727137243));
#3455 = CARTESIAN_POINT('',(61.448367789141,-0.442639599127,
    -0.63746172428));
#3456 = CARTESIAN_POINT('',(61.448367789149,0.471955960638,
    -0.637461724282));
#3457 = CARTESIAN_POINT('',(61.491679180226,0.944157593186,
    -0.648613744485));
#3458 = CARTESIAN_POINT('',(61.578380398953,1.407333166992,
    -0.670940260364));
#3459 = CARTESIAN_POINT('',(61.705427335825,1.854323756113,
    -0.703203194818));
#3460 = CARTESIAN_POINT('',(61.868549371635,2.279891385948,
    -0.743431406412));
#3461 = CARTESIAN_POINT('',(62.06289320107,2.680440229022,
    -0.789474480589));
#3462 = CARTESIAN_POINT('',(62.547625768208,3.500253260598,
    -0.898847107638));
#3463 = CARTESIAN_POINT('',(62.849603061127,3.908191246011,
    -0.963848352415));
#3464 = CARTESIAN_POINT('',(63.182676627328,4.275818174187,
    -1.031077336556));
#3465 = CARTESIAN_POINT('',(63.540780319341,4.60267717129,
    -1.097617243516));
#3466 = CARTESIAN_POINT('',(63.91883095906,4.889097878442,-1.16112908712
    ));
#3467 = CARTESIAN_POINT('',(64.312814109098,5.135879862125,
    -1.219848578299));
#3468 = CARTESIAN_POINT('',(64.719936749609,5.34375,-1.272445296002));
#3469 = PCURVE('',#638,#3470);
#3470 = DEFINITIONAL_REPRESENTATION('',(#3471),#3475);
#3471 = LINE('',#3472,#3473);
#3472 = CARTESIAN_POINT('',(0.,1.));
#3473 = VECTOR('',#3474,1.);
#3474 = DIRECTION('',(1.,0.));
#3475 = ( GEOMETRIC_REPRESENTATION_CONTEXT(2) 
PARAMETRIC_REPRESENTATION_CONTEXT() REPRESENTATION_CONTEXT('2D SPACE',''
  ) );
#3476 = PCURVE('',#569,#3477);
#3477 = DEFINITIONAL_REPRESENTATION('',(#3478),#3526);
#3478 = B_SPLINE_CURVE_WITH_KNOTS('',3,(#3479,#3480,#3481,#3482,#3483,
    #3484,#3485,#3486,#3487,#3488,#3489,#3490,#3491,#3492,#3493,#3494,
    #3495,#3496,#3497,#3498,#3499,#3500,#3501,#3502,#3503,#3504,#3505,
    #3506,#3507,#3508,#3509,#3510,#3511,#3512,#3513,#3514,#3515,#3516,
    #3517,#3518,#3519,#3520,#3521,#3522,#3523,#3524,#3525),
  .UNSPECIFIED.,.F.,.F.,(4,1,1,1,1,1,1,1,1,1,1,1,1,1,1,1,1,1,1,1,1,1,1,1
    ,1,1,1,1,1,1,1,1,1,1,1,1,1,1,1,1,1,1,1,1,4),(0.,4.545572888425E-02,
    9.091145776849E-02,0.136367186653,0.181822915537,0.227278644421,
    0.272734373305,0.31819010219,0.363645831074,0.409101559958,
    0.454557288842,0.500013017727,0.545468746611,0.590924475495,
    0.636380204379,0.681835933264,0.727291662148,0.772747391032,
    0.818203119916,0.863658848801,0.909114577685,0.954570306569,
    1.000026035453,1.045481764338,1.090937493222,1.136393222106,
    1.18184895099,1.227304679875,1.272760408759,1.318216137643,
    1.363671866527,1.409127595412,1.454583324296,1.50003905318,
    1.545494782064,1.590950510949,1.636406239833,1.681861968717,
    1.727317697601,1.772773426486,1.81822915537,1.863684884254,
    1.909140613138,1.954596342023,2.000052070907),
  .QUASI_UNIFORM_KNOTS.);
#3479 = CARTESIAN_POINT('',(2.926180576259,-54.29101325204));
#3480 = CARTESIAN_POINT('',(2.927838285447,-54.21155848219));
#3481 = CARTESIAN_POINT('',(2.931307285338,-54.05390798501));
#3482 = CARTESIAN_POINT('',(2.936973649222,-53.82162667428));
#3483 = CARTESIAN_POINT('',(2.943105120953,-53.59393774431));
#3484 = CARTESIAN_POINT('',(2.9497035093,-53.37130690673));
#3485 = CARTESIAN_POINT('',(2.956770099329,-53.15424233753));
#3486 = CARTESIAN_POINT('',(2.964305453866,-52.94329957611));
#3487 = CARTESIAN_POINT('',(2.972309257486,-52.73907835818));
#3488 = CARTESIAN_POINT('',(2.980780156438,-52.54222162277));
#3489 = CARTESIAN_POINT('',(2.989715610176,-52.35341380126));
#3490 = CARTESIAN_POINT('',(2.999111719368,-52.1733795194));
#3491 = CARTESIAN_POINT('',(3.008963135209,-52.00288088306));
#3492 = CARTESIAN_POINT('',(3.019262645047,-51.84271933686));
#3493 = CARTESIAN_POINT('',(3.030001927714,-51.6937197704));
#3494 = CARTESIAN_POINT('',(3.041168118875,-51.55677693011));
#3495 = CARTESIAN_POINT('',(3.052733669604,-51.43292465658));
#3496 = CARTESIAN_POINT('',(3.064667716167,-51.32314021507));
#3497 = CARTESIAN_POINT('',(3.076933978392,-51.22835678131));
#3498 = CARTESIAN_POINT('',(3.089491028177,-51.14943567945));
#3499 = CARTESIAN_POINT('',(3.102291952889,-51.08714640082));
#3500 = CARTESIAN_POINT('',(3.115283995158,-51.04214083499));
#3501 = CARTESIAN_POINT('',(3.128408822811,-51.01492442459));
#3502 = CARTESIAN_POINT('',(3.141600241758,-51.00582343217));
#3503 = CARTESIAN_POINT('',(3.154791461195,-51.01494532067));
#3504 = CARTESIAN_POINT('',(3.167915495719,-51.04218055824));
#3505 = CARTESIAN_POINT('',(3.18090617148,-51.08720043837));
#3506 = CARTESIAN_POINT('',(3.193705313981,-51.14949799944));
#3507 = CARTESIAN_POINT('',(3.206260434172,-51.22842137467));
#3508 = CARTESIAN_POINT('',(3.218524968366,-51.32320329355));
#3509 = CARTESIAN_POINT('',(3.230457877855,-51.43298695653));
#3510 = CARTESIAN_POINT('',(3.242023338105,-51.55684728681));
#3511 = CARTESIAN_POINT('',(3.253190796566,-51.69381493406));
#3512 = CARTESIAN_POINT('',(3.263933553065,-51.8428781386));
#3513 = CARTESIAN_POINT('',(3.274232963904,-52.00305825887));
#3514 = CARTESIAN_POINT('',(3.284083810579,-52.17356603858));
#3515 = CARTESIAN_POINT('',(3.293478644745,-52.35359462978));
#3516 = CARTESIAN_POINT('',(3.302412623454,-52.54238806002));
#3517 = CARTESIAN_POINT('',(3.310882025273,-52.73922475127));
#3518 = CARTESIAN_POINT('',(3.318884466023,-52.94342368738));
#3519 = CARTESIAN_POINT('',(3.32641866244,-53.15434439632));
#3520 = CARTESIAN_POINT('',(3.333484317193,-53.37138867561));
#3521 = CARTESIAN_POINT('',(3.340081965093,-53.59400130748));
#3522 = CARTESIAN_POINT('',(3.346212830261,-53.82167297522));
#3523 = CARTESIAN_POINT('',(3.351878638828,-54.05393541388));
#3524 = CARTESIAN_POINT('',(3.355347241734,-54.21156885648));
#3525 = CARTESIAN_POINT('',(3.35700473092,-54.29101325204));
#3526 = ( GEOMETRIC_REPRESENTATION_CONTEXT(2) 
PARAMETRIC_REPRESENTATION_CONTEXT() REPRESENTATION_CONTEXT('2D SPACE',''
  ) );
#3527 = ORIENTED_EDGE('',*,*,#2702,.F.);
#3528 = ADVANCED_FACE('',(#3529),#569,.T.);
#3529 = FACE_BOUND('',#3530,.T.);
#3530 = EDGE_LOOP('',(#3531,#3532,#3533,#3534,#3535,#3536,#3537,#3538));
#3531 = ORIENTED_EDGE('',*,*,#1756,.T.);
#3532 = ORIENTED_EDGE('',*,*,#1518,.T.);
#3533 = ORIENTED_EDGE('',*,*,#1332,.T.);
#3534 = ORIENTED_EDGE('',*,*,#834,.F.);
#3535 = ORIENTED_EDGE('',*,*,#530,.F.);
#3536 = ORIENTED_EDGE('',*,*,#3440,.F.);
#3537 = ORIENTED_EDGE('',*,*,#2724,.F.);
#3538 = ORIENTED_EDGE('',*,*,#2573,.F.);
#3539 = ADVANCED_FACE('',(#3540),#103,.T.);
#3540 = FACE_BOUND('',#3541,.T.);
#3541 = EDGE_LOOP('',(#3542,#3571,#3572,#3573,#3574,#3575,#3604));
#3542 = ORIENTED_EDGE('',*,*,#3543,.F.);
#3543 = EDGE_CURVE('',#24,#3544,#3546,.T.);
#3544 = VERTEX_POINT('',#3545);
#3545 = CARTESIAN_POINT('',(5.793366071674,0.,-7.1079862832));
#3546 = SURFACE_CURVE('',#3547,(#3553,#3562),.PCURVE_S1.);
#3547 = B_SPLINE_CURVE_WITH_KNOTS('',4,(#3548,#3549,#3550,#3551,#3552),
  .UNSPECIFIED.,.F.,.F.,(5,5),(0.,1.),.PIECEWISE_BEZIER_KNOTS.);
#3548 = CARTESIAN_POINT('',(1.199040866595E-14,0.,0.));
#3549 = CARTESIAN_POINT('',(1.451114292009,-1.970179263515E-16,
    -1.774579719404));
#3550 = CARTESIAN_POINT('',(2.900515611831,-3.942019547577E-16,
    -3.550655553111));
#3551 = CARTESIAN_POINT('',(4.348015953043,-5.91569876627E-16,
    -5.328387751882));
#3552 = CARTESIAN_POINT('',(5.793366071674,-7.891450030329E-16,
    -7.1079862832));
#3553 = PCURVE('',#103,#3554);
#3554 = DEFINITIONAL_REPRESENTATION('',(#3555),#3561);
#3555 = B_SPLINE_CURVE_WITH_KNOTS('',4,(#3556,#3557,#3558,#3559,#3560),
  .UNSPECIFIED.,.F.,.F.,(5,5),(0.,1.),.PIECEWISE_BEZIER_KNOTS.);
#3556 = CARTESIAN_POINT('',(0.,0.));
#3557 = CARTESIAN_POINT('',(1.372458117051E-03,0.251097180611));
#3558 = CARTESIAN_POINT('',(2.820667977648E-03,0.501519413064));
#3559 = CARTESIAN_POINT('',(4.3534981993E-03,0.751188867923));
#3560 = CARTESIAN_POINT('',(5.983062391342E-03,1.));
#3561 = ( GEOMETRIC_REPRESENTATION_CONTEXT(2) 
PARAMETRIC_REPRESENTATION_CONTEXT() REPRESENTATION_CONTEXT('2D SPACE',''
  ) );
#3562 = PCURVE('',#1641,#3563);
#3563 = DEFINITIONAL_REPRESENTATION('',(#3564),#3570);
#3564 = B_SPLINE_CURVE_WITH_KNOTS('',4,(#3565,#3566,#3567,#3568,#3569),
  .UNSPECIFIED.,.F.,.F.,(5,5),(0.,1.),.PIECEWISE_BEZIER_KNOTS.);
#3565 = CARTESIAN_POINT('',(0.,0.));
#3566 = CARTESIAN_POINT('',(1.372458117051E-03,0.251097180611));
#3567 = CARTESIAN_POINT('',(2.820667977648E-03,0.501519413064));
#3568 = CARTESIAN_POINT('',(4.3534981993E-03,0.751188867923));
#3569 = CARTESIAN_POINT('',(5.983062391342E-03,1.));
#3570 = ( GEOMETRIC_REPRESENTATION_CONTEXT(2) 
PARAMETRIC_REPRESENTATION_CONTEXT() REPRESENTATION_CONTEXT('2D SPACE',''
  ) );
#3571 = ORIENTED_EDGE('',*,*,#21,.F.);
#3572 = ORIENTED_EDGE('',*,*,#689,.F.);
#3573 = ORIENTED_EDGE('',*,*,#1205,.F.);
#3574 = ORIENTED_EDGE('',*,*,#1391,.F.);
#3575 = ORIENTED_EDGE('',*,*,#3576,.T.);
#3576 = EDGE_CURVE('',#1392,#3577,#3579,.T.);
#3577 = VERTEX_POINT('',#3578);
#3578 = CARTESIAN_POINT('',(138.49206222515,0.,-7.1079862832));
#3579 = SURFACE_CURVE('',#3580,(#3586,#3595),.PCURVE_S1.);
#3580 = B_SPLINE_CURVE_WITH_KNOTS('',4,(#3581,#3582,#3583,#3584,#3585),
  .UNSPECIFIED.,.F.,.F.,(5,5),(0.,1.),.PIECEWISE_BEZIER_KNOTS.);
#3581 = CARTESIAN_POINT('',(144.,0.,0.));
#3582 = CARTESIAN_POINT('',(142.619699285,-1.969841022485E-16,
    -1.774275058969));
#3583 = CARTESIAN_POINT('',(141.24144539419,-3.941551570659E-16,
    -3.550234036976));
#3584 = CARTESIAN_POINT('',(139.86546544581,-5.915333023731E-16,
    -5.32805832029));
#3585 = CARTESIAN_POINT('',(138.49206222515,-7.891450030329E-16,
    -7.1079862832));
#3586 = PCURVE('',#103,#3587);
#3587 = DEFINITIONAL_REPRESENTATION('',(#3588),#3594);
#3588 = B_SPLINE_CURVE_WITH_KNOTS('',4,(#3589,#3590,#3591,#3592,#3593),
  .UNSPECIFIED.,.F.,.F.,(5,5),(0.,1.),.PIECEWISE_BEZIER_KNOTS.);
#3589 = CARTESIAN_POINT('',(1.,0.));
#3590 = CARTESIAN_POINT('',(0.999131731908,0.251054072163));
#3591 = CARTESIAN_POINT('',(0.998214038817,0.50146007052));
#3592 = CARTESIAN_POINT('',(0.997240938433,0.751142809081));
#3593 = CARTESIAN_POINT('',(0.996204144537,1.));
#3594 = ( GEOMETRIC_REPRESENTATION_CONTEXT(2) 
PARAMETRIC_REPRESENTATION_CONTEXT() REPRESENTATION_CONTEXT('2D SPACE',''
  ) );
#3595 = PCURVE('',#1641,#3596);
#3596 = DEFINITIONAL_REPRESENTATION('',(#3597),#3603);
#3597 = B_SPLINE_CURVE_WITH_KNOTS('',4,(#3598,#3599,#3600,#3601,#3602),
  .UNSPECIFIED.,.F.,.F.,(5,5),(0.,1.),.PIECEWISE_BEZIER_KNOTS.);
#3598 = CARTESIAN_POINT('',(1.,0.));
#3599 = CARTESIAN_POINT('',(0.999131731908,0.251054072163));
#3600 = CARTESIAN_POINT('',(0.998214038817,0.50146007052));
#3601 = CARTESIAN_POINT('',(0.997240938433,0.751142809081));
#3602 = CARTESIAN_POINT('',(0.996204144537,1.));
#3603 = ( GEOMETRIC_REPRESENTATION_CONTEXT(2) 
PARAMETRIC_REPRESENTATION_CONTEXT() REPRESENTATION_CONTEXT('2D SPACE',''
  ) );
#3604 = ORIENTED_EDGE('',*,*,#3605,.F.);
#3605 = EDGE_CURVE('',#3544,#3577,#3606,.T.);
#3606 = SURFACE_CURVE('',#3607,(#3612,#3619),.PCURVE_S1.);
#3607 = B_SPLINE_CURVE_WITH_KNOTS('',3,(#3608,#3609,#3610,#3611),
  .UNSPECIFIED.,.F.,.F.,(4,4),(0.,1.),.PIECEWISE_BEZIER_KNOTS.);
#3608 = CARTESIAN_POINT('',(5.04,-0.230729490656,-7.067302448752));
#3609 = CARTESIAN_POINT('',(46.958361531022,12.656483208029,
    -9.339665753659));
#3610 = CARTESIAN_POINT('',(97.905468980065,20.136393645407,
    -10.65857577705));
#3611 = CARTESIAN_POINT('',(138.96,-0.230729490656,-7.067302448752));
#3612 = PCURVE('',#103,#3613);
#3613 = DEFINITIONAL_REPRESENTATION('',(#3614),#3618);
#3614 = LINE('',#3615,#3616);
#3615 = CARTESIAN_POINT('',(0.,1.));
#3616 = VECTOR('',#3617,1.);
#3617 = DIRECTION('',(1.,0.));
#3618 = ( GEOMETRIC_REPRESENTATION_CONTEXT(2) 
PARAMETRIC_REPRESENTATION_CONTEXT() REPRESENTATION_CONTEXT('2D SPACE',''
  ) );
#3619 = PCURVE('',#3620,#3629);
#3620 = B_SPLINE_SURFACE_WITH_KNOTS('',3,1,(
    (#3621,#3622)
    ,(#3623,#3624)
    ,(#3625,#3626)
    ,(#3627,#3628
    )),.UNSPECIFIED.,.F.,.F.,.F.,(4,4),(2,2),(0.,1.),(0.,1.),
  .PIECEWISE_BEZIER_KNOTS.);
#3621 = CARTESIAN_POINT('',(5.04,-0.230729490656,-7.067302448752));
#3622 = CARTESIAN_POINT('',(5.04,-10.36602540378,-10.4378221735));
#3623 = CARTESIAN_POINT('',(46.958361531022,12.656483208029,
    -9.339665753659));
#3624 = CARTESIAN_POINT('',(46.958361531022,-21.698850056,
    -16.98083153714));
#3625 = CARTESIAN_POINT('',(97.905468980065,20.136393645407,
    -10.65857577705));
#3626 = CARTESIAN_POINT('',(97.905468980065,-28.27657290291,
    -20.77848159346));
#3627 = CARTESIAN_POINT('',(138.96,-0.230729490656,-7.067302448752));
#3628 = CARTESIAN_POINT('',(138.96,-10.36602540378,-10.4378221735));
#3629 = DEFINITIONAL_REPRESENTATION('',(#3630),#3634);
#3630 = LINE('',#3631,#3632);
#3631 = CARTESIAN_POINT('',(0.,0.));
#3632 = VECTOR('',#3633,1.);
#3633 = DIRECTION('',(1.,0.));
#3634 = ( GEOMETRIC_REPRESENTATION_CONTEXT(2) 
PARAMETRIC_REPRESENTATION_CONTEXT() REPRESENTATION_CONTEXT('2D SPACE',''
  ) );
#3635 = ADVANCED_FACE('',(#3636),#3620,.T.);
#3636 = FACE_BOUND('',#3637,.T.);
#3637 = EDGE_LOOP('',(#3638,#3854));
#3638 = ORIENTED_EDGE('',*,*,#3639,.F.);
#3639 = EDGE_CURVE('',#3544,#3577,#3640,.T.);
#3640 = SURFACE_CURVE('',#3641,(#3707,#3776),.PCURVE_S1.);
#3641 = B_SPLINE_CURVE_WITH_KNOTS('',8,(#3642,#3643,#3644,#3645,#3646,
    #3647,#3648,#3649,#3650,#3651,#3652,#3653,#3654,#3655,#3656,#3657,
    #3658,#3659,#3660,#3661,#3662,#3663,#3664,#3665,#3666,#3667,#3668,
    #3669,#3670,#3671,#3672,#3673,#3674,#3675,#3676,#3677,#3678,#3679,
    #3680,#3681,#3682,#3683,#3684,#3685,#3686,#3687,#3688,#3689,#3690,
    #3691,#3692,#3693,#3694,#3695,#3696,#3697,#3698,#3699,#3700,#3701,
    #3702,#3703,#3704,#3705,#3706),.UNSPECIFIED.,.F.,.F.,(9,7,7,7,7,7,7,
    7,7,9),(0.,9.025211549664E-02,0.263920727762,0.587219736931,
    0.747294558861,0.825644793552,0.90200243711,0.95963104254,
    0.988652613278,1.),.UNSPECIFIED.);
#3642 = CARTESIAN_POINT('',(5.793366071674,-7.891450030329E-16,
    -7.1079862832));
#3643 = CARTESIAN_POINT('',(7.278536221728,-8.144220935445E-16,
    -7.335662074019));
#3644 = CARTESIAN_POINT('',(8.766347844403,-8.37917708768E-16,
    -7.547291761949));
#3645 = CARTESIAN_POINT('',(10.255927659707,-8.601311990709E-16,
    -7.747373095251));
#3646 = CARTESIAN_POINT('',(11.746817343599,-8.8129135594E-16,
    -7.937966844433));
#3647 = CARTESIAN_POINT('',(13.238697139747,-9.015677044507E-16,
    -8.120599955627));
#3648 = CARTESIAN_POINT('',(14.731395627669,-9.210640732875E-16,
    -8.296207634484));
#3649 = CARTESIAN_POINT('',(16.224829747075,-9.398621049892E-16,
    -8.465525251618));
#3650 = CARTESIAN_POINT('',(20.594196610014,-9.929608617133E-16,
    -8.943796333611));
#3651 = CARTESIAN_POINT('',(23.471760695268,-1.025527665117E-15,
    -9.237132020962));
#3652 = CARTESIAN_POINT('',(26.351149766934,-1.056133166028E-15,
    -9.512801865955));
#3653 = CARTESIAN_POINT('',(29.232088550148,-1.084913462051E-15,
    -9.772031726844));
#3654 = CARTESIAN_POINT('',(32.114363679322,-1.111968503499E-15,
    -10.01572187601));
#3655 = CARTESIAN_POINT('',(34.997851172609,-1.137332872861E-15,
    -10.24418380482));
#3656 = CARTESIAN_POINT('',(37.88246833956,-1.161026154099E-15,
    -10.45759390993));
#3657 = CARTESIAN_POINT('',(46.140187892904,-1.224034718627E-15,
    -11.02512460539));
#3658 = CARTESIAN_POINT('',(51.515688947499,-1.259219677787E-15,
    -11.34204254331));
#3659 = CARTESIAN_POINT('',(56.894267220059,-1.28858218222E-15,
    -11.60651647136));
#3660 = CARTESIAN_POINT('',(62.275450303155,-1.311883331782E-15,
    -11.81639456833));
#3661 = CARTESIAN_POINT('',(67.658643448872,-1.32881944267E-15,
    -11.9689414937));
#3662 = CARTESIAN_POINT('',(73.043144094677,-1.338983149502E-15,
    -12.0604880263));
#3663 = CARTESIAN_POINT('',(78.428125756839,-1.341885800184E-15,
    -12.08663277936));
#3664 = CARTESIAN_POINT('',(86.478693109329,-1.33443091521E-15,
    -12.01948514498));
#3665 = CARTESIAN_POINT('',(89.144572406375,-1.330028263181E-15,
    -11.9798295809));
#3666 = CARTESIAN_POINT('',(91.810170775837,-1.323615664889E-15,
    -11.92207003035));
#3667 = CARTESIAN_POINT('',(94.475334128601,-1.315109160135E-15,
    -11.84545024706));
#3668 = CARTESIAN_POINT('',(97.139875421239,-1.304414941245E-15,
    -11.74912528665));
#3669 = CARTESIAN_POINT('',(99.803574228272,-1.291428044243E-15,
    -11.63214971765));
#3670 = CARTESIAN_POINT('',(102.46617547756,-1.276028603137E-15,
    -11.4934438832));
#3671 = CARTESIAN_POINT('',(106.42994249536,-1.24928383341E-15,
    -11.25254841325));
#3672 = CARTESIAN_POINT('',(107.73216150096,-1.239882615793E-15,
    -11.16786977293));
#3673 = CARTESIAN_POINT('',(109.03400830839,-1.229852075672E-15,
    -11.07752269943));
#3674 = CARTESIAN_POINT('',(110.33544305401,-1.219173881682E-15,
    -10.98134207848));
#3675 = CARTESIAN_POINT('',(111.63642075989,-1.20782809492E-15,
    -10.87914831641));
#3676 = CARTESIAN_POINT('',(112.93689101003,-1.195792718186E-15,
    -10.77074328006));
#3677 = CARTESIAN_POINT('',(114.23679738788,-1.183042928761E-15,
    -10.65590338625));
#3678 = CARTESIAN_POINT('',(116.80231289109,-1.156400210879E-15,
    -10.41592711761));
#3679 = CARTESIAN_POINT('',(118.06794562297,-1.142544684381E-15,
    -10.29112762966));
#3680 = CARTESIAN_POINT('',(119.33292218191,-1.127956672648E-15,
    -10.15973050125));
#3681 = CARTESIAN_POINT('',(120.59717629258,-1.112606073973E-15,
    -10.0214646003));
#3682 = CARTESIAN_POINT('',(121.86062609893,-1.09645768336E-15,
    -9.876012828419));
#3683 = CARTESIAN_POINT('',(123.12317292479,-1.079470041245E-15,
    -9.723001751017));
#3684 = CARTESIAN_POINT('',(124.38469748406,-1.061591924958E-15,
    -9.561969995322));
#3685 = CARTESIAN_POINT('',(126.59626308022,-1.028535830282E-15,
    -9.264227163987));
#3686 = CARTESIAN_POINT('',(127.54678797306,-1.013771484779E-15,
    -9.131241762176));
#3687 = CARTESIAN_POINT('',(128.49657547853,-9.984300783026E-16,
    -8.993058657198));
#3688 = CARTESIAN_POINT('',(129.44555063355,-9.824759160914E-16,
    -8.849356339219));
#3689 = CARTESIAN_POINT('',(130.3936063309,-9.65863946368E-16,
    -8.699729017907));
#3690 = CARTESIAN_POINT('',(131.34060042634,-9.485378609735E-16,
    -8.543669514454));
#3691 = CARTESIAN_POINT('',(132.28634398402,-9.304223842318E-16,
    -8.380499805847));
#3692 = CARTESIAN_POINT('',(133.70607613383,-9.018230339924E-16,
    -8.122899759685));
#3693 = CARTESIAN_POINT('',(134.18119039683,-8.920148934534E-16,
    -8.034555883532));
#3694 = CARTESIAN_POINT('',(134.65587975064,-8.819625707339E-16,
    -7.944012609824));
#3695 = CARTESIAN_POINT('',(135.13010047047,-8.716485193842E-16,
    -7.851111894194));
#3696 = CARTESIAN_POINT('',(135.60379561997,-8.610520847988E-16,
    -7.755667696493));
#3697 = CARTESIAN_POINT('',(136.07689258668,-8.501482580381E-16,
    -7.65745475622));
#3698 = CARTESIAN_POINT('',(136.54929875375,-8.389055101736E-16,
    -7.556189086034));
#3699 = CARTESIAN_POINT('',(137.20528878974,-8.227382101731E-16,
    -7.410566993518));
#3700 = CARTESIAN_POINT('',(137.38955763899,-8.181356304986E-16,
    -7.369110641304));
#3701 = CARTESIAN_POINT('',(137.57369449788,-8.134725004588E-16,
    -7.327108899885));
#3702 = CARTESIAN_POINT('',(137.7576909696,-8.087461451876E-16,
    -7.284537676208));
#3703 = CARTESIAN_POINT('',(137.94153750303,-8.039536340602E-16,
    -7.241370573554));
#3704 = CARTESIAN_POINT('',(138.12522327736,-7.990917321276E-16,
    -7.197578454089));
#3705 = CARTESIAN_POINT('',(138.30873608677,-7.941568515503E-16,
    -7.153129001431));
#3706 = CARTESIAN_POINT('',(138.49206222515,-7.891450030329E-16,
    -7.1079862832));
#3707 = PCURVE('',#3620,#3708);
#3708 = DEFINITIONAL_REPRESENTATION('',(#3709),#3775);
#3709 = B_SPLINE_CURVE_WITH_KNOTS('',8,(#3710,#3711,#3712,#3713,#3714,
    #3715,#3716,#3717,#3718,#3719,#3720,#3721,#3722,#3723,#3724,#3725,
    #3726,#3727,#3728,#3729,#3730,#3731,#3732,#3733,#3734,#3735,#3736,
    #3737,#3738,#3739,#3740,#3741,#3742,#3743,#3744,#3745,#3746,#3747,
    #3748,#3749,#3750,#3751,#3752,#3753,#3754,#3755,#3756,#3757,#3758,
    #3759,#3760,#3761,#3762,#3763,#3764,#3765,#3766,#3767,#3768,#3769,
    #3770,#3771,#3772,#3773,#3774),.UNSPECIFIED.,.F.,.F.,(9,7,7,7,7,7,7,
    7,7,9),(0.,9.025211549664E-02,0.263920727762,0.587219736931,
    0.747294558861,0.825644793552,0.90200243711,0.95963104254,
    0.988652613278,1.),.UNSPECIFIED.);
#3710 = CARTESIAN_POINT('',(5.983062391342E-03,0.));
#3711 = CARTESIAN_POINT('',(1.776291239185E-02,4.287221849771E-02));
#3712 = CARTESIAN_POINT('',(2.949642613226E-02,7.71818002246E-02));
#3713 = CARTESIAN_POINT('',(4.117984705137E-02,0.105860019526));
#3714 = CARTESIAN_POINT('',(5.28127472341E-02,0.130266110512));
#3715 = CARTESIAN_POINT('',(6.439566794871E-02,0.151411760491));
#3716 = CARTESIAN_POINT('',(7.593020090627E-02,0.169924443983));
#3717 = CARTESIAN_POINT('',(8.741848119658E-02,0.186300335764));
#3718 = CARTESIAN_POINT('',(0.120885872892,0.228988735241));
#3719 = CARTESIAN_POINT('',(0.142744382515,0.250495360743));
#3720 = CARTESIAN_POINT('',(0.164453440081,0.267992355314));
#3721 = CARTESIAN_POINT('',(0.186028225141,0.282469139608));
#3722 = CARTESIAN_POINT('',(0.207483006712,0.294716627914));
#3723 = CARTESIAN_POINT('',(0.228831656243,0.305160954712));
#3724 = CARTESIAN_POINT('',(0.250087468017,0.314156069623));
#3725 = CARTESIAN_POINT('',(0.310684272652,0.336431605987));
#3726 = CARTESIAN_POINT('',(0.349826120979,0.346729203717));
#3727 = CARTESIAN_POINT('',(0.388771205425,0.354400208035));
#3728 = CARTESIAN_POINT('',(0.427593124288,0.359960100991));
#3729 = CARTESIAN_POINT('',(0.466360537442,0.363806670981));
#3730 = CARTESIAN_POINT('',(0.505139885019,0.366052965222));
#3731 = CARTESIAN_POINT('',(0.543997674566,0.366729645077));
#3732 = CARTESIAN_POINT('',(0.602316462422,0.365036202272));
#3733 = CARTESIAN_POINT('',(0.621665351177,0.364032018412));
#3734 = CARTESIAN_POINT('',(0.641058574832,0.362555385157));
#3735 = CARTESIAN_POINT('',(0.660504518118,0.360563251838));
#3736 = CARTESIAN_POINT('',(0.680011643457,0.357990799994));
#3737 = CARTESIAN_POINT('',(0.699588576118,0.354748052046));
#3738 = CARTESIAN_POINT('',(0.719244196325,0.350703810638));
#3739 = CARTESIAN_POINT('',(0.74865141462,0.343161265534));
#3740 = CARTESIAN_POINT('',(0.758336122804,0.340438319117));
#3741 = CARTESIAN_POINT('',(0.768042942464,0.337445562776));
#3742 = CARTESIAN_POINT('',(0.777772951815,0.33415193207));
#3743 = CARTESIAN_POINT('',(0.787527230629,0.330520137666));
#3744 = CARTESIAN_POINT('',(0.797306861036,0.326504237267));
#3745 = CARTESIAN_POINT('',(0.807112926654,0.322045402742));
#3746 = CARTESIAN_POINT('',(0.826530007271,0.312213000538));
#3747 = CARTESIAN_POINT('',(0.83613958075,0.306865620323));
#3748 = CARTESIAN_POINT('',(0.845776275913,0.300951170681));
#3749 = CARTESIAN_POINT('',(0.855441081756,0.29438065458));
#3750 = CARTESIAN_POINT('',(0.865134916703,0.287038521638));
#3751 = CARTESIAN_POINT('',(0.874858620802,0.278776020772));
#3752 = CARTESIAN_POINT('',(0.884612926391,0.269390794621));
#3753 = CARTESIAN_POINT('',(0.90178365193,0.250412946203));
#3754 = CARTESIAN_POINT('',(0.909186507046,0.241436156266));
#3755 = CARTESIAN_POINT('',(0.916607292739,0.231511571784));
#3756 = CARTESIAN_POINT('',(0.924046177113,0.220474920474));
#3757 = CARTESIAN_POINT('',(0.931503090623,0.208106807422));
#3758 = CARTESIAN_POINT('',(0.938977699145,0.194121210699));
#3759 = CARTESIAN_POINT('',(0.946469301233,0.178119616933));
#3760 = CARTESIAN_POINT('',(0.957757164525,0.150068425364));
#3761 = CARTESIAN_POINT('',(0.961541685269,0.140000075974));
#3762 = CARTESIAN_POINT('',(0.965329957644,0.129177345969));
#3763 = CARTESIAN_POINT('',(0.969121732673,0.117501916615));
#3764 = CARTESIAN_POINT('',(0.972916654034,0.104856285345));
#3765 = CARTESIAN_POINT('',(0.976714236228,9.109623932643E-02));
#3766 = CARTESIAN_POINT('',(0.980513826866,7.603782857093E-02));
#3767 = CARTESIAN_POINT('',(0.985800630787,5.294866065455E-02));
#3768 = CARTESIAN_POINT('',(0.987286875195,4.622298310295E-02));
#3769 = CARTESIAN_POINT('',(0.988773232008,3.924724707508E-02));
#3770 = CARTESIAN_POINT('',(0.990259638363,3.200558552557E-02));
#3771 = CARTESIAN_POINT('',(0.991746021792,2.448052757226E-02));
#3772 = CARTESIAN_POINT('',(0.99323229921,1.665270283351E-02));
#3773 = CARTESIAN_POINT('',(0.994718375907,8.500545765592E-03));
#3774 = CARTESIAN_POINT('',(0.996204144537,0.));
#3775 = ( GEOMETRIC_REPRESENTATION_CONTEXT(2) 
PARAMETRIC_REPRESENTATION_CONTEXT() REPRESENTATION_CONTEXT('2D SPACE',''
  ) );
#3776 = PCURVE('',#3777,#3786);
#3777 = B_SPLINE_SURFACE_WITH_KNOTS('',3,1,(
    (#3778,#3779)
    ,(#3780,#3781)
    ,(#3782,#3783)
    ,(#3784,#3785
    )),.UNSPECIFIED.,.F.,.F.,.F.,(4,4),(2,2),(0.,1.),(0.,1.),
  .PIECEWISE_BEZIER_KNOTS.);
#3778 = CARTESIAN_POINT('',(5.04,0.230729490656,-7.067302448752));
#3779 = CARTESIAN_POINT('',(5.04,10.366025403784,-10.4378221735));
#3780 = CARTESIAN_POINT('',(46.958361531022,-12.65648320802,
    -9.339665753659));
#3781 = CARTESIAN_POINT('',(46.958361531022,21.698850056005,
    -16.98083153714));
#3782 = CARTESIAN_POINT('',(97.905468980065,-20.1363936454,
    -10.65857577705));
#3783 = CARTESIAN_POINT('',(97.905468980065,28.276572902915,
    -20.77848159346));
#3784 = CARTESIAN_POINT('',(138.96,0.230729490656,-7.067302448752));
#3785 = CARTESIAN_POINT('',(138.96,10.366025403784,-10.4378221735));
#3786 = DEFINITIONAL_REPRESENTATION('',(#3787),#3853);
#3787 = B_SPLINE_CURVE_WITH_KNOTS('',8,(#3788,#3789,#3790,#3791,#3792,
    #3793,#3794,#3795,#3796,#3797,#3798,#3799,#3800,#3801,#3802,#3803,
    #3804,#3805,#3806,#3807,#3808,#3809,#3810,#3811,#3812,#3813,#3814,
    #3815,#3816,#3817,#3818,#3819,#3820,#3821,#3822,#3823,#3824,#3825,
    #3826,#3827,#3828,#3829,#3830,#3831,#3832,#3833,#3834,#3835,#3836,
    #3837,#3838,#3839,#3840,#3841,#3842,#3843,#3844,#3845,#3846,#3847,
    #3848,#3849,#3850,#3851,#3852),.UNSPECIFIED.,.F.,.F.,(9,7,7,7,7,7,7,
    7,7,9),(0.,9.025211549664E-02,0.263920727762,0.587219736931,
    0.747294558861,0.825644793552,0.90200243711,0.95963104254,
    0.988652613278,1.),.UNSPECIFIED.);
#3788 = CARTESIAN_POINT('',(5.983062391342E-03,0.));
#3789 = CARTESIAN_POINT('',(1.776291239185E-02,4.287221849771E-02));
#3790 = CARTESIAN_POINT('',(2.949642613226E-02,7.71818002246E-02));
#3791 = CARTESIAN_POINT('',(4.117984705137E-02,0.105860019526));
#3792 = CARTESIAN_POINT('',(5.28127472341E-02,0.130266110512));
#3793 = CARTESIAN_POINT('',(6.439566794871E-02,0.151411760491));
#3794 = CARTESIAN_POINT('',(7.593020090627E-02,0.169924443983));
#3795 = CARTESIAN_POINT('',(8.741848119658E-02,0.186300335764));
#3796 = CARTESIAN_POINT('',(0.120885872892,0.228988735241));
#3797 = CARTESIAN_POINT('',(0.142744382515,0.250495360743));
#3798 = CARTESIAN_POINT('',(0.164453440081,0.267992355314));
#3799 = CARTESIAN_POINT('',(0.186028225141,0.282469139608));
#3800 = CARTESIAN_POINT('',(0.207483006712,0.294716627914));
#3801 = CARTESIAN_POINT('',(0.228831656243,0.305160954712));
#3802 = CARTESIAN_POINT('',(0.250087468017,0.314156069623));
#3803 = CARTESIAN_POINT('',(0.310684272652,0.336431605987));
#3804 = CARTESIAN_POINT('',(0.349826120979,0.346729203717));
#3805 = CARTESIAN_POINT('',(0.388771205425,0.354400208035));
#3806 = CARTESIAN_POINT('',(0.427593124288,0.359960100991));
#3807 = CARTESIAN_POINT('',(0.466360537442,0.363806670981));
#3808 = CARTESIAN_POINT('',(0.505139885019,0.366052965222));
#3809 = CARTESIAN_POINT('',(0.543997674566,0.366729645077));
#3810 = CARTESIAN_POINT('',(0.602316462422,0.365036202272));
#3811 = CARTESIAN_POINT('',(0.621665351177,0.364032018412));
#3812 = CARTESIAN_POINT('',(0.641058574832,0.362555385157));
#3813 = CARTESIAN_POINT('',(0.660504518118,0.360563251838));
#3814 = CARTESIAN_POINT('',(0.680011643457,0.357990799994));
#3815 = CARTESIAN_POINT('',(0.699588576118,0.354748052046));
#3816 = CARTESIAN_POINT('',(0.719244196325,0.350703810638));
#3817 = CARTESIAN_POINT('',(0.74865141462,0.343161265534));
#3818 = CARTESIAN_POINT('',(0.758336122804,0.340438319117));
#3819 = CARTESIAN_POINT('',(0.768042942464,0.337445562776));
#3820 = CARTESIAN_POINT('',(0.777772951815,0.33415193207));
#3821 = CARTESIAN_POINT('',(0.787527230629,0.330520137666));
#3822 = CARTESIAN_POINT('',(0.797306861036,0.326504237267));
#3823 = CARTESIAN_POINT('',(0.807112926654,0.322045402742));
#3824 = CARTESIAN_POINT('',(0.826530007271,0.312213000538));
#3825 = CARTESIAN_POINT('',(0.83613958075,0.306865620323));
#3826 = CARTESIAN_POINT('',(0.845776275913,0.300951170681));
#3827 = CARTESIAN_POINT('',(0.855441081756,0.29438065458));
#3828 = CARTESIAN_POINT('',(0.865134916703,0.287038521638));
#3829 = CARTESIAN_POINT('',(0.874858620802,0.278776020772));
#3830 = CARTESIAN_POINT('',(0.884612926391,0.269390794621));
#3831 = CARTESIAN_POINT('',(0.90178365193,0.250412946203));
#3832 = CARTESIAN_POINT('',(0.909186507046,0.241436156266));
#3833 = CARTESIAN_POINT('',(0.916607292739,0.231511571784));
#3834 = CARTESIAN_POINT('',(0.924046177113,0.220474920474));
#3835 = CARTESIAN_POINT('',(0.931503090623,0.208106807422));
#3836 = CARTESIAN_POINT('',(0.938977699145,0.194121210699));
#3837 = CARTESIAN_POINT('',(0.946469301233,0.178119616933));
#3838 = CARTESIAN_POINT('',(0.957757164525,0.150068425364));
#3839 = CARTESIAN_POINT('',(0.961541685269,0.140000075974));
#3840 = CARTESIAN_POINT('',(0.965329957644,0.129177345969));
#3841 = CARTESIAN_POINT('',(0.969121732673,0.117501916615));
#3842 = CARTESIAN_POINT('',(0.972916654034,0.104856285345));
#3843 = CARTESIAN_POINT('',(0.976714236228,9.109623932643E-02));
#3844 = CARTESIAN_POINT('',(0.980513826866,7.603782857093E-02));
#3845 = CARTESIAN_POINT('',(0.985800630787,5.294866065455E-02));
#3846 = CARTESIAN_POINT('',(0.987286875195,4.622298310295E-02));
#3847 = CARTESIAN_POINT('',(0.988773232008,3.924724707508E-02));
#3848 = CARTESIAN_POINT('',(0.990259638363,3.200558552557E-02));
#3849 = CARTESIAN_POINT('',(0.991746021792,2.448052757226E-02));
#3850 = CARTESIAN_POINT('',(0.99323229921,1.665270283351E-02));
#3851 = CARTESIAN_POINT('',(0.994718375907,8.500545765592E-03));
#3852 = CARTESIAN_POINT('',(0.996204144537,0.));
#3853 = ( GEOMETRIC_REPRESENTATION_CONTEXT(2) 
PARAMETRIC_REPRESENTATION_CONTEXT() REPRESENTATION_CONTEXT('2D SPACE',''
  ) );
#3854 = ORIENTED_EDGE('',*,*,#3605,.T.);
#3855 = ADVANCED_FACE('',(#3856),#1641,.F.);
#3856 = FACE_BOUND('',#3857,.F.);
#3857 = EDGE_LOOP('',(#3858,#3859,#3860,#3861,#3862,#3863,#3864));
#3858 = ORIENTED_EDGE('',*,*,#3543,.F.);
#3859 = ORIENTED_EDGE('',*,*,#3371,.F.);
#3860 = ORIENTED_EDGE('',*,*,#2632,.F.);
#3861 = ORIENTED_EDGE('',*,*,#1840,.F.);
#3862 = ORIENTED_EDGE('',*,*,#1602,.F.);
#3863 = ORIENTED_EDGE('',*,*,#3576,.T.);
#3864 = ORIENTED_EDGE('',*,*,#3865,.F.);
#3865 = EDGE_CURVE('',#3544,#3577,#3866,.T.);
#3866 = SURFACE_CURVE('',#3867,(#3872,#3879),.PCURVE_S1.);
#3867 = B_SPLINE_CURVE_WITH_KNOTS('',3,(#3868,#3869,#3870,#3871),
  .UNSPECIFIED.,.F.,.F.,(4,4),(0.,1.),.PIECEWISE_BEZIER_KNOTS.);
#3868 = CARTESIAN_POINT('',(5.04,0.230729490656,-7.067302448752));
#3869 = CARTESIAN_POINT('',(46.958361531022,-12.65648320802,
    -9.339665753659));
#3870 = CARTESIAN_POINT('',(97.905468980065,-20.1363936454,
    -10.65857577705));
#3871 = CARTESIAN_POINT('',(138.96,0.230729490656,-7.067302448752));
#3872 = PCURVE('',#1641,#3873);
#3873 = DEFINITIONAL_REPRESENTATION('',(#3874),#3878);
#3874 = LINE('',#3875,#3876);
#3875 = CARTESIAN_POINT('',(0.,1.));
#3876 = VECTOR('',#3877,1.);
#3877 = DIRECTION('',(1.,0.));
#3878 = ( GEOMETRIC_REPRESENTATION_CONTEXT(2) 
PARAMETRIC_REPRESENTATION_CONTEXT() REPRESENTATION_CONTEXT('2D SPACE',''
  ) );
#3879 = PCURVE('',#3777,#3880);
#3880 = DEFINITIONAL_REPRESENTATION('',(#3881),#3885);
#3881 = LINE('',#3882,#3883);
#3882 = CARTESIAN_POINT('',(0.,0.));
#3883 = VECTOR('',#3884,1.);
#3884 = DIRECTION('',(1.,0.));
#3885 = ( GEOMETRIC_REPRESENTATION_CONTEXT(2) 
PARAMETRIC_REPRESENTATION_CONTEXT() REPRESENTATION_CONTEXT('2D SPACE',''
  ) );
#3886 = ADVANCED_FACE('',(#3887),#3777,.F.);
#3887 = FACE_BOUND('',#3888,.F.);
#3888 = EDGE_LOOP('',(#3889,#3890));
#3889 = ORIENTED_EDGE('',*,*,#3639,.F.);
#3890 = ORIENTED_EDGE('',*,*,#3865,.T.);
#3891 = ( GEOMETRIC_REPRESENTATION_CONTEXT(3) 
GLOBAL_UNCERTAINTY_ASSIGNED_CONTEXT((#3895)) 
GLOBAL_UNIT_ASSIGNED_CONTEXT((#3892,#3893,#3894)) REPRESENTATION_CONTEXT
('Context #1','3D Context with UNIT and UNCERTAINTY') );
#3892 = ( LENGTH_UNIT() NAMED_UNIT(*) SI_UNIT(.MILLI.,.METRE.) );
#3893 = ( NAMED_UNIT(*) PLANE_ANGLE_UNIT() SI_UNIT($,.RADIAN.) );
#3894 = ( NAMED_UNIT(*) SI_UNIT($,.STERADIAN.) SOLID_ANGLE_UNIT() );
#3895 = UNCERTAINTY_MEASURE_WITH_UNIT(LENGTH_MEASURE(2.E-06),#3892,
  'distance_accuracy_value','confusion accuracy');
#3896 = PRODUCT_RELATED_PRODUCT_CATEGORY('part',$,(#7));
ENDSEC;
END-ISO-10303-21;
